"x","y","z"
16467,19883,"partially atrophic changes"
18720,7839,"partially atrophic changes"
7378,18737,"tumor"
14679,6394,"partially atrophic changes"
15690,6973,"partially atrophic changes"
19243,19154,"stroma"
4606,22078,"tumor"
15208,21771,NA
17482,23073,NA
14431,9151,NA
16959,11178,"partially atrophic changes"
20249,17121,"stroma"
13167,7847,NA
5352,14387,"tumor"
4354,22223,"tumor"
12675,16552,NA
4856,20772,"tumor"
21521,23357,"stroma"
20251,18282,"stroma"
20749,13639,"stroma"
7383,22218,"tumor"
5867,21060,"tumor"
20499,15235,"stroma"
9654,21490,"tumor"
15197,14808,NA
19981,6821,"partially atrophic changes"
15186,7844,"partially atrophic changes"
21769,20310,"stroma"
3843,18452,"tumor"
6358,12065,"tumor"
11147,7270,NA
10413,22794,"tumor"
20488,8271,NA
19485,12915,"partially atrophic changes"
17719,13063,"partially atrophic changes"
9895,14090,"tumor"
9887,8868,NA
6371,20479,"tumor"
3848,21353,"tumor"
16703,9002,"partially atrophic changes"
6359,12645,"tumor"
13166,7267,NA
19754,23215,"stroma"
14951,18725,NA
14446,19016,NA
7376,17866,"tumor"
11674,21777,"tumor"
15702,15097,"partially atrophic changes"
12934,20469,NA
3850,22804,"tumor"
20250,17701,"stroma"
17224,19737,"partially atrophic changes"
21746,5513,NA
9148,21200,"tumor"
7867,8581,"tumor"
7120,15110,"tumor"
16196,7552,"partially atrophic changes"
12164,12491,"tumor"
10386,5095,"tumor"
12418,13506,"tumor"
11901,5673,NA
7376,17576,"tumor"
10407,18732,"tumor"
12683,21775,NA
17713,9581,"partially atrophic changes"
7636,22363,"tumor"
5357,18159,"tumor"
15694,9874,"partially atrophic changes"
10900,11187,NA
19229,10449,NA
11149,8721,NA
16717,18577,"partially atrophic changes"
6109,14531,"tumor"
15187,8134,"partially atrophic changes"
18723,9580,"partially atrophic changes"
7624,14819,"tumor"
11150,9591,NA
16217,21480,NA
10660,19457,"tumor"
8139,21492,"tumor"
20741,8416,"stroma"
19990,12624,NA
12916,8573,"tumor"
5358,18450,"tumor"
20233,6676,NA
7363,9452,"tumor"
7618,10757,"tumor"
17962,7114,"partially atrophic changes"
20745,11317,"stroma"
18236,21476,"partially atrophic changes"
5113,23237,"tumor"
13941,19017,NA
5858,15257,"tumor"
9897,15251,"tumor"
15455,18434,"partially atrophic changes"
6866,14385,"tumor"
3841,16711,"tumor"
19492,16977,"stroma"
12936,22210,NA
17469,14949,NA
7882,18446,"tumor"
18466,6243,NA
21772,22342,"stroma"
17218,15675,"partially atrophic changes"
7621,12788,"tumor"
9898,16121,"tumor"
8894,20185,"tumor"
20747,12768,"stroma"
9643,14526,"tumor"
17475,18721,"partially atrophic changes"
15696,10745,"partially atrophic changes"
15949,11180,"partially atrophic changes"
9890,10899,NA
22274,20890,"stroma"
6113,17143,"tumor"
12927,15827,NA
9378,6547,NA
22783,23501,"stroma"
15712,21480,NA
4843,12067,"tumor"
17720,13933,NA
13425,11474,"partially atrophic changes"
18989,18429,"partially atrophic changes"
6872,18447,"tumor"
6606,9018,"tumor"
12679,18583,NA
17211,11033,"partially atrophic changes"
6119,21205,"tumor"
16725,23510,NA
7876,14674,"tumor"
8886,14672,"tumor"
4600,18016,"tumor"
5601,12211,"tumor"
8371,7709,NA
11149,9011,NA
7361,8001,"tumor"
11650,6109,NA
5096,12212,"tumor"
9404,23086,"tumor"
22757,6092,"stroma"
8899,23377,"tumor"
7110,8727,"tumor"
21013,21617,"stroma"
18981,12916,"partially atrophic changes"
4096,18887,"tumor"
12925,14956,NA
10644,9012,NA
12675,16262,NA
13674,9297,NA
12928,16697,NA
18740,20895,"partially atrophic changes"
18725,10740,"partially atrophic changes"
10406,18152,"tumor"
18732,15673,"stroma"
17217,15095,"partially atrophic changes"
22509,9429,"stroma"
16216,20609,"partially atrophic changes"
20236,8417,NA
8647,23232,"tumor"
19249,23216,"stroma"
20752,15670,"stroma"
6880,23380,"tumor"
6116,19174,"tumor"
18219,10161,"partially atrophic changes"
16459,14951,"partially atrophic changes"
12674,15682,NA
4593,13373,"tumor"
10902,12058,NA
13692,20903,NA
10658,17716,"tumor"
14451,22208,NA
9890,10609,NA
11406,11767,"tumor"
19731,8127,"partially atrophic changes"
10406,18442,"tumor"
18974,8854,"partially atrophic changes"
22782,22630,"stroma"
10152,16846,"tumor"
14950,18435,"partially atrophic changes"
8629,11916,"tumor"
12160,9590,"tumor"
15205,19740,NA
9152,23231,"tumor"
13668,5525,NA
14178,8716,NA
10893,6545,NA
14953,20176,NA
16198,9003,"partially atrophic changes"
21249,10446,"stroma"
16967,16691,"partially atrophic changes"
8390,20186,"tumor"
15442,10020,"partially atrophic changes"
20507,20457,"stroma"
5098,13953,"tumor"
21004,15234,"stroma"
12917,9443,NA
16958,10598,"partially atrophic changes"
22781,21760,"stroma"
5101,15403,"tumor"
16976,22784,NA
9633,7853,"tumor"
20744,10447,"stroma"
16959,11758,"partially atrophic changes"
15959,17563,"partially atrophic changes"
5614,21206,"tumor"
8644,21201,"tumor"
23267,9863,"stroma"
10135,6111,NA
5852,11195,"tumor"
15435,5377,"partially atrophic changes"
16216,20899,"partially atrophic changes"
10661,19747,"tumor"
12915,8283,"tumor"
21248,9866,"stroma"
7115,11919,"tumor"
13685,16551,NA
14450,21627,NA
5856,13806,"tumor"
21770,20891,"stroma"
20754,17120,"stroma"
16953,7406,"partially atrophic changes"
10410,21053,"tumor"
13417,6541,NA
11921,18440,NA
16700,7261,"partially atrophic changes"
4853,18741,"tumor"
15946,9439,"partially atrophic changes"
14947,16404,"partially atrophic changes"
9639,11915,"tumor"
7614,8146,"tumor"
9649,18588,"tumor"
10156,19748,"tumor"
10147,13655,"tumor"
8640,19170,"tumor"
4607,22948,"tumor"
11399,7415,NA
8627,10175,"tumor"
20233,6386,NA
17712,9001,"partially atrophic changes"
20490,9722,"stroma"
21012,20747,"stroma"
13931,12343,"partially atrophic changes"
18478,14658,NA
16711,14225,"partially atrophic changes"
9649,18298,"tumor"
20496,13494,"stroma"
20500,16105,"stroma"
16206,14226,"partially atrophic changes"
15201,17129,"partially atrophic changes"
20001,19878,"stroma"
20738,6385,NA
20257,22344,"stroma"
7125,18302,"tumor"
6614,14821,"tumor"
19982,7402,"partially atrophic changes"
3840,16421,"tumor"
15435,5668,"partially atrophic changes"
19747,19153,"stroma"
14948,17274,"partially atrophic changes"
5613,20045,"tumor"
11917,15538,NA
9383,9449,NA
11401,8865,"tumor"
13163,5236,NA
16209,15967,"partially atrophic changes"
11151,10462,NA
19240,17703,"stroma"
4856,20481,"tumor"
14947,16114,"partially atrophic changes"
23265,8122,"stroma"
14429,7990,NA
12917,9734,NA
4341,14099,"tumor"
18218,9580,"partially atrophic changes"
5867,21350,"tumor"
16718,19158,"partially atrophic changes"
11650,6399,NA
10909,16990,"tumor"
14705,22933,NA
9894,13220,"tumor"
7384,23089,"tumor"
14950,18145,"partially atrophic changes"
7371,14384,"tumor"
18972,7403,"partially atrophic changes"
11674,22067,"tumor"
9892,12349,"tumor"
8628,10756,"tumor"
3851,23384,"tumor"
7610,5825,"tumor"
20235,7546,"partially atrophic changes"
10143,11334,NA
14197,21193,NA
11664,15393,NA
5606,15403,"tumor"
10654,15395,"tumor"
18488,21041,"partially atrophic changes"
8118,7565,"tumor"
16960,12049,"partially atrophic changes"
18742,21766,NA
16955,8567,"partially atrophic changes"
5602,13372,"tumor"
6360,13516,"tumor"
18738,19445,"partially atrophic changes"
6365,16707,"tumor"
21262,18861,"stroma"
17221,17706,"partially atrophic changes"
16705,10743,"partially atrophic changes"
13415,5090,NA
15438,7118,"partially atrophic changes"
8645,22362,"tumor"
3849,21934,"tumor"
9138,14237,"tumor"
11903,6834,NA
17719,13353,"partially atrophic changes"
14448,19886,NA
14439,14083,NA
23266,8992,"stroma"
14181,10457,NA
15200,16839,"partially atrophic changes"
6111,15982,"tumor"
4849,15839,"tumor"
22759,7542,"stroma"
13943,20177,NA
16710,13935,"partially atrophic changes"
22256,8994,"stroma"
22272,19439,"stroma"
8140,21782,"tumor"
4595,14824,"tumor"
8896,21056,"tumor"
20252,19152,"stroma"
17212,12193,"partially atrophic changes"
8125,12207,"tumor"
21516,20456,"stroma"
5608,16853,"tumor"
11408,12927,"tumor"
14196,20612,NA
9656,22650,"tumor"
15956,16112,"partially atrophic changes"
13416,5671,NA
4848,15549,"tumor"
4592,13083,"tumor"
6118,20044,"tumor"
15960,18724,"partially atrophic changes"
13428,13215,"tumor"
14932,6829,"partially atrophic changes"
14434,11182,NA
11415,17570,"tumor"
10139,8722,NA
13171,10459,NA
18991,19589,"partially atrophic changes"
19228,9289,"stroma"
21248,10156,"stroma"
18226,14513,NA
18743,22926,"stroma"
13437,19598,NA
14436,12052,"partially atrophic changes"
22252,6383,"stroma"
21014,22198,"stroma"
6856,8002,"tumor"
17968,10886,"partially atrophic changes"
21262,19441,"stroma"
15958,17273,"partially atrophic changes"
9149,21781,"tumor"
7119,14530,"tumor"
7890,23378,"tumor"
5355,16709,"tumor"
6106,12791,"tumor"
18214,6679,"partially atrophic changes"
19236,14801,"stroma"
10905,14669,"tumor"
21763,16539,"stroma"
18995,22201,"stroma"
17481,22493,NA
12931,18438,NA
16714,16546,"partially atrophic changes"
14953,20466,NA
22510,9719,"stroma"
15456,19305,NA
18720,7258,"partially atrophic changes"
4855,19611,"tumor"
19230,10739,NA
5099,14533,"tumor"
16451,9438,"partially atrophic changes"
11907,9445,"tumor"
14198,21483,NA
21001,13493,"stroma"
12430,21340,NA
20234,7256,"partially atrophic changes"
15439,7699,"partially atrophic changes"
11906,8574,"tumor"
18744,23217,"stroma"
21766,18570,"stroma"
19986,10013,"stroma"
5850,10034,"tumor"
6113,16853,"tumor"
16448,7697,"partially atrophic changes"
18214,6969,"partially atrophic changes"
10914,20182,"tumor"
9394,16703,"tumor"
12153,5237,NA
10148,14235,"tumor"
12933,19889,NA
13172,11329,"partially atrophic changes"
6363,15256,"tumor"
19736,11899,"partially atrophic changes"
10158,20909,"tumor"
5110,21206,"tumor"
17982,19881,"partially atrophic changes"
12167,13942,"tumor"
8130,15689,"tumor"
22020,19875,"stroma"
4596,15404,"tumor"
14693,15389,NA
16205,13646,"partially atrophic changes"
14179,9587,NA
12419,14087,"tumor"
11144,5819,"tumor"
22529,22485,"stroma"
3850,23094,"tumor"
10913,19602,"tumor"
13670,6976,NA
4598,16855,"tumor"
22273,19729,"stroma"
7615,9016,"tumor"
22506,7398,"stroma"
19238,15962,"stroma"
8391,20766,"tumor"
16963,13789,"partially atrophic changes"
17214,13064,"partially atrophic changes"
16209,16257,"partially atrophic changes"
19224,6677,"partially atrophic changes"
15693,8714,"partially atrophic changes"
9907,22215,"tumor"
7611,6405,"tumor"
22251,5802,NA
21767,19150,"stroma"
21748,6964,NA
6362,14676,"tumor"
21500,9720,"stroma"
12168,14812,NA
21509,15523,"stroma"
14194,19161,NA
20989,5369,NA
14931,5958,"partially atrophic changes"
16950,5665,"partially atrophic changes"
8128,14238,"tumor"
4345,16420,"tumor"
14188,15099,NA
13676,10748,NA
8622,6984,NA
5854,12936,"tumor"
12178,21486,NA
20252,18862,"stroma"
22762,9573,"stroma"
7372,14965,"tumor"
22530,22776,"stroma"
6628,23525,"tumor"
5864,19319,"tumor"
21756,12186,"stroma"
19730,7547,"partially atrophic changes"
10143,11043,NA
22509,9139,"stroma"
18981,13206,"partially atrophic changes"
16467,20174,"partially atrophic changes"
7128,20333,"tumor"
13439,20758,NA
17227,21478,"partially atrophic changes"
19983,8272,"partially atrophic changes"
7373,15835,"tumor"
18725,11030,"partially atrophic changes"
5597,9890,"tumor"
10149,15106,"tumor"
6104,11340,"tumor"
20739,7545,"partially atrophic changes"
19732,9288,"stroma"
15691,7553,"partially atrophic changes"
11924,20180,NA
9151,22941,"tumor"
18227,15093,"stroma"
15955,15242,"partially atrophic changes"
21513,18135,"stroma"
8369,6549,NA
20760,21182,"stroma"
14453,23368,NA
16197,8423,"partially atrophic changes"
12928,16407,NA
10639,5240,"tumor"
14442,16405,NA
5861,17288,"tumor"
21262,19151,"stroma"
12938,23371,"tumor"
12926,15246,NA
18232,18575,"partially atrophic changes"
15705,17128,"partially atrophic changes"
4850,16709,"tumor"
20995,9431,"stroma"
7877,15254,"tumor"
13189,22355,NA
17204,6390,"partially atrophic changes"
6375,23381,"tumor"
11413,16409,"tumor"
10647,10753,NA
6355,10324,"tumor"
12165,13071,"tumor"
11410,14378,"tumor"
7111,9597,"tumor"
4593,13663,"tumor"
6621,18883,"tumor"
7364,9742,"tumor"
12930,18148,NA
13427,12634,NA
15455,18144,"partially atrophic changes"
16715,16836,"partially atrophic changes"
19240,17413,"stroma"
3849,22514,"tumor"
10655,15975,"tumor"
11676,23518,"tumor"
14441,15534,NA
4845,13228,"tumor"
21241,5514,NA
11154,12202,"tumor"
14932,6539,"partially atrophic changes"
11924,20471,NA
22505,6527,"stroma"
10905,14089,"tumor"
13670,6686,NA
19224,6967,"partially atrophic changes"
17986,22492,NA
17227,21768,"partially atrophic changes"
22758,6962,"stroma"
14957,23077,NA
10655,15685,"tumor"
13435,17857,NA
16952,7116,"partially atrophic changes"
14435,11472,NA
19996,16396,"stroma"
15946,9149,"partially atrophic changes"
13165,6687,NA
6876,20768,"tumor"
11922,19310,NA
8119,8435,"tumor"
9379,6837,NA
17734,23218,NA
5600,11921,"tumor"
16699,6391,"partially atrophic changes"
9382,9159,NA
16206,14516,"partially atrophic changes"
10398,13219,"tumor"
16721,21189,"partially atrophic changes"
14176,7555,NA
16213,19158,"partially atrophic changes"
17209,9872,"partially atrophic changes"
18995,22491,"stroma"
4093,16566,"tumor"
5865,19900,"tumor"
10901,11768,NA
19736,11609,"partially atrophic changes"
20996,10011,"stroma"
10406,17862,"tumor"
18471,10015,"partially atrophic changes"
13924,7701,NA
11148,7850,NA
18489,21331,"partially atrophic changes"
8647,23522,"tumor"
7876,14384,"tumor"
9887,9158,NA
5616,22366,"tumor"
4591,12503,"tumor"
15963,20464,"partially atrophic changes"
10918,22793,"tumor"
23035,22775,"stroma"
4103,23239,"tumor"
5359,19320,"tumor"
6627,23235,"tumor"
11910,11476,"tumor"
23263,6961,"stroma"
20003,21039,"stroma"
7888,22218,"tumor"
13928,10602,NA
7617,10177,"tumor"
15453,16983,"partially atrophic changes"
19994,15526,"stroma"
9145,19169,"tumor"
11160,15974,"tumor"
22758,6672,"stroma"
9136,13076,"tumor"
7379,19317,"tumor"
12429,20470,NA
18469,8564,"partially atrophic changes"
15941,5957,"partially atrophic changes"
12922,12925,"tumor"
4605,21207,"tumor"
17205,6971,"partially atrophic changes"
18985,15527,"stroma"
14193,18581,NA
17963,7985,"partially atrophic changes"
20994,8851,"stroma"
10653,14524,"tumor"
12410,7993,NA
11656,10171,NA
19993,14945,"stroma"
17972,13498,"partially atrophic changes"
16718,18867,"partially atrophic changes"
17206,7841,"partially atrophic changes"
9388,12640,"tumor"
20759,20312,"stroma"
19991,13495,NA
19746,17992,"stroma"
9647,16847,"tumor"
14431,8861,NA
21000,12913,"stroma"
22275,21180,"stroma"
19984,8852,"stroma"
7624,14529,"tumor"
20742,9286,"stroma"
14199,22643,NA
8137,20041,"tumor"
18237,22057,NA
13163,5526,NA
16449,8277,"partially atrophic changes"
16447,7117,"partially atrophic changes"
9127,7273,NA
21998,5367,NA
16705,10453,"partially atrophic changes"
8127,13658,"tumor"
10146,13074,"tumor"
20993,8270,"stroma"
20002,20748,"stroma"
9902,18443,"tumor"
13947,22789,NA
5864,19029,"tumor"
19487,14076,NA
16447,6827,"partially atrophic changes"
7113,10468,"tumor"
20498,14654,"stroma"
3843,18162,"tumor"
8392,21927,"tumor"
5345,10325,"tumor"
15198,15388,NA
4348,18451,"tumor"
19228,9869,"stroma"
23016,10298,"stroma"
19997,17557,"stroma"
9146,19459,"tumor"
7878,15834,"tumor"
18236,20896,"partially atrophic changes"
16968,17561,"partially atrophic changes"
7889,23088,"tumor"
13432,16116,NA
8386,17865,"tumor"
13691,20613,NA
14182,11618,"partially atrophic changes"
8890,17284,"tumor"
4099,20628,"tumor"
4100,21498,"tumor"
17460,9146,"partially atrophic changes"
5095,11922,"tumor"
3840,16131,"tumor"
21010,19586,"stroma"
22000,6528,NA
14178,8426,NA
20005,22489,"stroma"
19235,14511,"stroma"
14696,17420,"partially atrophic changes"
7870,10612,"tumor"
21015,22778,"stroma"
14687,11617,NA
8388,19315,"tumor"
9908,22795,"tumor"
10414,23374,"tumor"
23285,21759,"stroma"
16971,19302,"partially atrophic changes"
17216,14514,"partially atrophic changes"
15456,19014,"partially atrophic changes"
21766,18860,"stroma"
15943,7408,"partially atrophic changes"
11422,22502,"tumor"
18237,21767,"partially atrophic changes"
10405,17571,"tumor"
16214,19449,"partially atrophic changes"
15463,23367,NA
10899,10607,NA
7621,13078,"tumor"
15188,8715,NA
19493,17848,"stroma"
18491,22782,"stroma"
18720,7549,"partially atrophic changes"
7887,21347,"tumor"
10393,9447,NA
16454,11179,"partially atrophic changes"
9885,7707,"tumor"
7124,18012,"tumor"
12935,21049,NA
17718,12773,"partially atrophic changes"
11168,21487,"tumor"
5859,15837,"tumor"
20005,22779,"stroma"
14934,7990,NA
8124,11627,"tumor"
12672,14521,NA
20997,10882,"stroma"
7634,21493,"tumor"
13184,19163,NA
21267,22342,"stroma"
20238,9867,"stroma"
12426,18439,NA
4607,22658,"tumor"
21251,11607,"stroma"
11415,17860,"tumor"
12167,14232,"tumor"
7113,11048,"tumor"
6869,16126,"tumor"
19734,10158,"stroma"
12665,9589,"tumor"
12682,20905,NA
13443,23080,NA
15439,7989,"partially atrophic changes"
19248,22636,"stroma"
10409,20183,"tumor"
21516,20166,"stroma"
19991,13205,NA
13167,7557,NA
20258,22924,"stroma"
14703,21772,NA
20485,6240,NA
9393,15832,"tumor"
14187,14809,NA
5105,18305,"tumor"
21769,20601,"stroma"
7875,13803,"tumor"
21243,6384,NA
21762,16248,"stroma"
11167,20907,"tumor"
6371,20769,"tumor"
12660,6687,NA
10151,16556,"tumor"
5357,17869,"tumor"
21507,14073,"stroma"
4344,15550,"tumor"
4855,19901,"tumor"
7883,19316,"tumor"
7116,12499,"tumor"
10141,9883,NA
19989,12044,NA
18470,8855,"partially atrophic changes"
20743,10157,"stroma"
15959,18143,"partially atrophic changes"
17728,19446,"partially atrophic changes"
7868,9161,"tumor"
14447,19596,NA
8135,18590,"tumor"
9909,23085,"tumor"
21241,5223,NA
13435,18147,NA
10142,10753,NA
15692,8424,"partially atrophic changes"
13945,21338,NA
20249,16831,"stroma"
16703,9293,"partially atrophic changes"
11168,21197,"tumor"
17461,9436,"partially atrophic changes"
8371,8000,NA
9896,14671,"tumor"
20753,16250,"stroma"
14952,19886,NA
9151,22651,"tumor"
14941,12632,"partially atrophic changes"
20489,9142,"stroma"
12677,17713,NA
11166,20037,"tumor"
5862,17869,"tumor"
20760,20892,"stroma"
15193,12196,"partially atrophic changes"
12172,17714,NA
16970,19012,"partially atrophic changes"
15444,11180,NA
19241,18283,"stroma"
14192,18001,NA
22271,18859,"stroma"
9902,18733,"tumor"
19493,17558,"stroma"
13923,6830,"partially atrophic changes"
15689,6393,"partially atrophic changes"
12659,6107,NA
8135,18881,"tumor"
7359,6550,"tumor"
9129,8434,NA
13930,11473,"partially atrophic changes"
7879,16705,"tumor"
16702,8712,"partially atrophic changes"
9883,6256,NA
10389,7126,NA
7629,18011,"tumor"
23032,21324,"stroma"
4344,15840,"tumor"
8873,6258,NA
11407,12347,"tumor"
14692,14518,NA
7109,7856,"tumor"
6353,8873,"tumor"
20245,14220,"stroma"
21495,6529,NA
7866,7710,"tumor"
21012,20457,"stroma"
10160,22649,"tumor"
6866,14095,"tumor"
18480,15818,"stroma"
15962,19884,"partially atrophic changes"
15694,9584,"partially atrophic changes"
15701,13936,"partially atrophic changes"
12417,12346,"tumor"
5104,17434,"tumor"
13421,9152,NA
12676,16843,NA
10150,15976,"tumor"
6372,21640,"tumor"
6122,23236,"tumor"
16460,15531,"partially atrophic changes"
6120,21495,"tumor"
10661,20037,"tumor"
12934,20759,NA
15446,12631,"partially atrophic changes"
7865,7420,"tumor"
15701,14227,"partially atrophic changes"
8373,9450,"tumor"
19238,16252,"stroma"
19993,14365,"stroma"
22503,5076,NA
17975,15529,"stroma"
12664,9299,"tumor"
4846,13808,"tumor"
6107,13081,"tumor"
23009,6236,"stroma"
7635,21783,"tumor"
18478,14367,NA
13190,22935,NA
4102,22369,"tumor"
13937,16405,NA
17964,8275,"partially atrophic changes"
9394,16993,"tumor"
12155,6688,NA
17724,16255,"partially atrophic changes"
15708,18579,"partially atrophic changes"
19740,14220,"stroma"
18740,20315,"partially atrophic changes"
9137,13946,"tumor"
6100,8728,"tumor"
11398,6544,NA
10911,18441,"tumor"
12163,11621,"tumor"
10397,12059,NA
10659,18587,"tumor"
4090,14825,"tumor"
19495,19298,"stroma"
22023,21616,"stroma"
8370,7129,NA
7864,6550,"tumor"
5108,20046,"tumor"
14685,9876,NA
10155,19168,"tumor"
9140,15397,"tumor"
10905,14379,"tumor"
5605,14822,"tumor"
14185,13358,"partially atrophic changes"
13438,19888,NA
18479,14948,"stroma"
17470,15820,NA
20504,18717,"stroma"
16192,5231,"partially atrophic changes"
19497,20749,"stroma"
19728,6677,NA
13186,20324,NA
13440,21049,NA
4598,16565,"tumor"
8638,17719,"tumor"
12671,13941,"tumor"
12679,19164,NA
6121,22365,"tumor"
14939,10891,NA
6613,13660,"tumor"
8374,9740,"tumor"
18743,22636,"stroma"
11660,13072,"tumor"
15711,20610,NA
16199,9874,"partially atrophic changes"
12167,14522,NA
19225,7838,"partially atrophic changes"
8890,16993,"tumor"
15443,10310,"partially atrophic changes"
9139,14817,"tumor"
14939,11181,NA
16195,7262,"partially atrophic changes"
12181,23517,"tumor"
5863,18739,"tumor"
9648,17718,"tumor"
19497,20459,"stroma"
13681,13649,"tumor"
4346,17291,"tumor"
14958,23367,NA
10142,10463,NA
14683,9005,NA
12912,5962,NA
19489,15526,"stroma"
5103,17144,"tumor"
5615,21786,"tumor"
16456,12630,"partially atrophic changes"
13930,11763,"partially atrophic changes"
19477,7112,"partially atrophic changes"
20763,23214,"stroma"
14940,12052,"partially atrophic changes"
13421,8862,NA
15193,11906,NA
5347,11486,"tumor"
15967,23366,NA
14691,14228,NA
9642,13946,"tumor"
10146,13365,"tumor"
15205,20321,NA
22025,23067,"stroma"
9653,21199,"tumor"
12686,23226,"tumor"
8893,19025,"tumor"
12407,6252,NA
11144,5529,"tumor"
19731,8417,"partially atrophic changes"
18486,19300,"partially atrophic changes"
6368,18738,"tumor"
17721,14804,"stroma"
21512,17845,"stroma"
20750,14509,"stroma"
3846,20193,"tumor"
18993,20750,NA
7878,15544,"tumor"
15965,21915,NA
19735,11029,NA
7864,6840,"tumor"
11166,19746,"tumor"
20748,13348,"stroma"
19236,15092,"stroma"
10403,16121,"tumor"
7622,13368,"tumor"
21243,6674,NA
20001,20168,"stroma"
10396,11478,NA
11420,20762,"tumor"
10413,22504,"tumor"
9386,11770,"tumor"
11397,5674,"tumor"
7875,13513,"tumor"
16956,9437,"partially atrophic changes"
19735,11319,NA
15959,17853,"partially atrophic changes"
10141,10173,NA
14452,22498,NA
7874,12933,"tumor"
14941,12342,"partially atrophic changes"
8873,5968,NA
18719,6678,"partially atrophic changes"
10648,11623,NA
10148,14525,"tumor"
4844,12647,"tumor"
7633,20332,"tumor"
14698,18290,NA
11665,15974,"tumor"
8637,17139,"tumor"
7129,20913,"tumor"
12674,15392,NA
15963,20174,"partially atrophic changes"
9130,9304,NA
18985,16108,"stroma"
17984,21332,"partially atrophic changes"
17203,6100,"partially atrophic changes"
4353,21643,"tumor"
13442,22499,NA
12925,14666,NA
8637,16559,"tumor"
10652,13944,"tumor"
19982,7692,"partially atrophic changes"
12155,6398,NA
23034,22485,"stroma"
12433,23081,"tumor"
6115,18594,"tumor"
4852,17870,"tumor"
19228,9579,"stroma"
19984,8562,NA
21243,6964,NA
15201,17419,"partially atrophic changes"
5363,21931,"tumor"
11925,21341,"tumor"
20003,21329,"stroma"
20497,14364,"stroma"
21004,15524,"stroma"
8367,5678,NA
22510,10009,"stroma"
15439,8279,"partially atrophic changes"
9641,13365,"tumor"
15703,15387,"partially atrophic changes"
5098,13663,"tumor"
7616,9306,"tumor"
7863,6259,"tumor"
12409,7123,NA
21008,18426,"stroma"
20241,11898,NA
12181,23227,"tumor"
4351,20192,"tumor"
14690,13648,"partially atrophic changes"
8619,5243,NA
9391,14671,"tumor"
9646,16557,"tumor"
7371,14675,"tumor"
6619,17722,"tumor"
16468,20754,"partially atrophic changes"
15966,22205,NA
8646,22652,"tumor"
13927,9442,NA
20989,5659,NA
8376,11481,"tumor"
9398,19604,"tumor"
10157,20328,"tumor"
8630,12206,"tumor"
13178,15391,NA
8384,16414,"tumor"
12179,21776,NA
21253,13348,"stroma"
5603,13952,"tumor"
20486,6820,NA
9136,12786,"tumor"
4860,22803,"tumor"
18724,10450,"partially atrophic changes"
20757,19151,"stroma"
18486,19590,"partially atrophic changes"
17974,14949,"stroma"
4100,21208,"tumor"
8893,19315,"tumor"
4095,17726,"tumor"
10644,8721,NA
15448,13792,"partially atrophic changes"
19241,17993,NA
10391,8577,NA
7633,20622,"tumor"
9637,10754,"tumor"
6352,8583,"tumor"
12916,8863,NA
7385,23379,"tumor"
20255,20603,"stroma"
22783,23210,"stroma"
14449,21047,NA
6611,12500,"tumor"
5356,17579,"tumor"
6114,17723,"tumor"
11659,12202,"tumor"
23035,23065,"stroma"
8897,21636,"tumor"
5858,15547,"tumor"
6857,8292,"tumor"
16951,6246,"partially atrophic changes"
12175,19455,NA
20741,8706,"stroma"
19997,17267,"stroma"
16719,19448,"partially atrophic changes"
12667,11330,"tumor"
17477,19882,"partially atrophic changes"
6863,12644,"tumor"
5868,21640,"tumor"
10134,5531,"tumor"
22021,20455,"stroma"
12681,20034,NA
7628,17431,"tumor"
6624,20914,"tumor"
17229,22929,NA
7368,12644,"tumor"
11404,10606,NA
11673,21196,"tumor"
7374,16415,"tumor"
17714,10161,"partially atrophic changes"
17209,9582,"partially atrophic changes"
13939,17276,NA
8635,15398,"tumor"
12910,5091,NA
21508,15233,"stroma"
15697,11905,"partially atrophic changes"
11405,10896,NA
4850,16419,"tumor"
6871,17287,"tumor"
6616,15981,"tumor"
15207,21191,NA
17966,9436,"partially atrophic changes"
15462,23077,NA
5110,21787,"tumor"
14935,8570,NA
15194,12777,"partially atrophic changes"
9402,21925,"tumor"
7119,14820,"tumor"
11927,22502,"tumor"
4096,18597,"tumor"
19247,21765,"stroma"
19244,20024,"stroma"
10161,22940,"tumor"
8883,12351,"tumor"
23010,6526,"stroma"
22278,23501,"stroma"
22511,10299,"stroma"
8375,10611,"tumor"
17732,21477,"partially atrophic changes"
7627,16560,"tumor"
4852,17580,"tumor"
7131,22364,"tumor"
8377,11772,"tumor"
6374,22510,"tumor"
6104,11050,"tumor"
5617,22656,"tumor"
11424,23373,"tumor"
15451,15823,"partially atrophic changes"
15202,17999,"partially atrophic changes"
11909,10606,NA
8381,14673,"tumor"
17470,15530,NA
13935,14955,NA
20505,19587,"stroma"
12430,21050,NA
21252,12767,"stroma"
5349,12937,"tumor"
13941,18727,NA
10402,15831,"tumor"
14956,22497,NA
13922,6540,"partially atrophic changes"
5108,20336,"tumor"
17463,10887,"partially atrophic changes"
3845,19613,"tumor"
6871,17867,"tumor"
7362,8581,"tumor"
11170,22358,"tumor"
17472,16980,"partially atrophic changes"
6115,18303,"tumor"
10910,17571,"tumor"
5350,13227,"tumor"
13188,21774,NA
11158,14524,"tumor"
17960,5664,NA
13177,14230,"tumor"
21771,21761,"stroma"
7382,21348,"tumor"
20739,7255,"partially atrophic changes"
14436,12343,"partially atrophic changes"
17729,20027,"partially atrophic changes"
15713,21771,NA
10140,9012,NA
12173,18004,NA
5105,18015,"tumor"
6373,21930,"tumor"
19983,7982,"partially atrophic changes"
11661,13652,"tumor"
8885,13802,"tumor"
19487,13786,"partially atrophic changes"
18993,21330,"stroma"
17479,21623,"partially atrophic changes"
15703,15677,"partially atrophic changes"
18977,10595,"partially atrophic changes"
18228,15964,NA
13429,14375,NA
8387,18155,"tumor"
14954,20756,NA
17455,5664,"partially atrophic changes"
13922,6250,"partially atrophic changes"
18974,8274,"partially atrophic changes"
6613,13950,"tumor"
6877,21639,"tumor"
12681,20324,NA
8124,11337,"tumor"
8890,17574,"tumor"
22276,22051,"stroma"
17210,10742,"partially atrophic changes"
16448,7407,"partially atrophic changes"
5851,10905,"tumor"
6366,17287,"tumor"
21771,22051,"stroma"
10652,13654,"tumor"
6110,14822,"tumor"
7885,20187,"tumor"
5610,18594,"tumor"
22019,18714,"stroma"
20487,7401,"partially atrophic changes"
16972,20173,"partially atrophic changes"
17210,10452,"partially atrophic changes"
15693,9294,"partially atrophic changes"
8120,8725,"tumor"
8887,15543,"tumor"
8382,15253,"tumor"
3849,22224,"tumor"
9900,17282,"tumor"
14700,20031,NA
12159,9299,"tumor"
4097,19467,"tumor"
5361,20481,"tumor"
22508,8268,"stroma"
9897,15541,"tumor"
11658,11331,"tumor"
14447,19306,NA
9656,22940,"tumor"
7632,20042,"tumor"
11651,6689,NA
19499,21910,"stroma"
16200,10454,"partially atrophic changes"
7609,5244,NA
5611,18884,"tumor"
13181,16842,NA
17727,18286,"partially atrophic changes"
12669,12490,"tumor"
18740,20605,"partially atrophic changes"
5102,15984,"tumor"
13680,13359,"tumor"
6615,15401,"tumor"
17967,10306,"partially atrophic changes"
7629,17721,"tumor"
15956,15822,"partially atrophic changes"
12661,6977,NA
21251,11897,"stroma"
18739,19735,"partially atrophic changes"
20242,12479,NA
8629,11336,"tumor"
12416,12055,"tumor"
9131,9594,"tumor"
7360,7131,"tumor"
17220,17416,"partially atrophic changes"
17731,21187,"partially atrophic changes"
16472,23075,NA
17213,12483,"partially atrophic changes"
11670,19455,NA
16455,12339,"partially atrophic changes"
16709,13355,"partially atrophic changes"
10402,15250,"tumor"
21520,23067,"stroma"
17465,12048,"partially atrophic changes"
6110,15112,"tumor"
20506,19877,"stroma"
10396,11768,NA
20740,7836,"partially atrophic changes"
9400,20765,"tumor"
17710,7550,"partially atrophic changes"
16950,5375,"partially atrophic changes"
10908,16410,"tumor"
16467,19593,"partially atrophic changes"
19490,15817,"stroma"
4594,14244,"tumor"
6618,17432,"tumor"
9646,16267,"tumor"
19753,22925,"stroma"
7630,18881,"tumor"
17211,11323,"partially atrophic changes"
13164,5816,NA
12166,13652,"tumor"
10911,18151,"tumor"
7366,11193,"tumor"
22258,10154,"stroma"
15944,8278,"partially atrophic changes"
11907,9155,"tumor"
7123,17431,"tumor"
12686,23516,"tumor"
14943,13793,"partially atrophic changes"
20250,17411,"stroma"
21749,7544,"stroma"
13677,11328,"partially atrophic changes"
17965,9145,"partially atrophic changes"
16208,15677,"partially atrophic changes"
22507,7688,"stroma"
7132,23234,"tumor"
8641,19750,"tumor"
9129,8724,NA
8894,19895,"tumor"
15943,7698,"partially atrophic changes"
8114,5244,"tumor"
10154,18297,"tumor"
5869,22511,"tumor"
10156,19458,"tumor"
15183,5523,"partially atrophic changes"
14440,14664,NA
10152,17137,"tumor"
7867,8290,"tumor"
7617,10467,"tumor"
16970,18432,"partially atrophic changes"
21496,7399,NA
11155,12493,"tumor"
10392,8867,NA
21251,12187,"stroma"
12931,18728,NA
18480,15528,"stroma"
14428,7120,"partially atrophic changes"
5348,11776,"tumor"
7112,10178,"tumor"
19233,13061,"partially atrophic changes"
13170,9588,NA
20238,9577,"stroma"
13682,14230,"tumor"
12921,12055,"tumor"
13188,21484,NA
21000,12623,"stroma"
21260,17700,"stroma"
10391,8287,NA
17463,11177,"partially atrophic changes"
22760,8123,"stroma"
7626,16270,"tumor"
8629,11626,"tumor"
20251,18572,"stroma"
15189,9585,NA
21773,23212,"stroma"
8389,19896,"tumor"
15945,8568,"partially atrophic changes"
6112,16562,"tumor"
7635,22073,"tumor"
7611,6115,"tumor"
6615,15111,"tumor"
16970,18722,"partially atrophic changes"
20487,7691,"partially atrophic changes"
21266,21762,"stroma"
7613,7275,"tumor"
17474,18431,"partially atrophic changes"
7367,11483,"tumor"
14438,13503,"partially atrophic changes"
9631,6692,NA
5362,21351,"tumor"
15209,22642,NA
8389,19606,"tumor"
10893,6255,"tumor"
13185,19453,NA
6609,11339,"tumor"
5100,15113,"tumor"
13944,20468,NA
18734,16543,NA
22762,9864,"stroma"
20509,21908,"stroma"
9139,15107,"tumor"
15205,20030,NA
22255,8123,"stroma"
4600,18306,"tumor"
5353,15258,"tumor"
14682,8135,NA
10408,19312,"tumor"
7623,14239,"tumor"
22008,11751,"stroma"
6865,13805,"tumor"
5360,20191,"tumor"
17729,19736,"partially atrophic changes"
8127,13368,"tumor"
9629,5241,"tumor"
17977,16980,"partially atrophic changes"
9143,17428,"tumor"
15198,15678,"partially atrophic changes"
10401,14670,"tumor"
21263,20021,"stroma"
17474,18141,"partially atrophic changes"
7634,21203,"tumor"
16211,17417,"partially atrophic changes"
10664,22068,"tumor"
21768,19730,"stroma"
8633,14528,"tumor"
4090,14535,"tumor"
20743,9576,"stroma"
10398,12639,"tumor"
5100,14823,"tumor"
11927,22212,"tumor"
6856,7712,"tumor"
19501,22780,"stroma"
9655,22360,"tumor"
4094,17146,"tumor"
12913,6832,NA
10159,21779,"tumor"
7108,7276,"tumor"
10152,17427,"tumor"
5102,16274,"tumor"
7867,8871,"tumor"
16455,12049,"partially atrophic changes"
9387,12060,"tumor"
16722,21479,"partially atrophic changes"
22003,8269,"stroma"
20745,11027,"stroma"
11656,10461,NA
6369,19609,"tumor"
15714,22931,NA
16961,12629,"partially atrophic changes"
8885,14092,"tumor"
12169,15393,NA
7367,12063,"tumor"
21265,20892,"stroma"
7359,6260,"tumor"
10891,5094,"tumor"
12415,11185,"tumor"
7375,17286,"tumor"
13174,12199,NA
8640,18590,"tumor"
8882,11771,"tumor"
11162,17425,"tumor"
13678,12199,"partially atrophic changes"
15960,18433,"partially atrophic changes"
16975,22204,"partially atrophic changes"
17708,5809,NA
16958,10888,"partially atrophic changes"
13179,15971,NA
19248,22926,"stroma"
14197,20902,NA
8131,15979,"tumor"
15693,9004,"partially atrophic changes"
21752,9575,"stroma"
12682,20615,NA
12433,22791,"tumor"
11421,21922,"tumor"
22016,16683,"stroma"
13672,8137,NA
18487,20461,"partially atrophic changes"
23285,21469,"stroma"
21266,22052,"stroma"
16957,10308,"partially atrophic changes"
9633,8143,"tumor"
10909,17281,"tumor"
8646,22942,"tumor"
13177,14521,NA
11928,23082,"tumor"
6102,10179,"tumor"
19740,14511,"stroma"
13167,8137,NA
11147,7560,NA
23011,7397,"stroma"
17986,22783,NA
10650,12784,"tumor"
10659,18296,"tumor"
14427,6249,"partially atrophic changes"
6352,8293,"tumor"
9900,17572,"tumor"
22002,7689,"stroma"
22270,17989,"stroma"
7374,16125,"tumor"
16698,5811,"partially atrophic changes"
11418,19891,NA
11901,5093,"tumor"
8380,14093,"tumor"
7613,7565,"tumor"
17224,20027,"partially atrophic changes"
4099,20918,"tumor"
7365,10612,"tumor"
16458,14080,"partially atrophic changes"
13437,19308,NA
5599,11050,"tumor"
17981,19301,"partially atrophic changes"
12670,12780,"tumor"
9133,11335,"tumor"
11905,8284,"tumor"
20994,9141,"stroma"
11910,11186,"tumor"
12162,10750,NA
11171,22938,"tumor"
17722,15384,"stroma"
12425,17858,NA
14685,10166,NA
5857,14677,"tumor"
4347,17871,"tumor"
4844,12357,"tumor"
21009,19006,"stroma"
18978,10885,"partially atrophic changes"
13675,9877,NA
16193,5521,"partially atrophic changes"
9147,20330,"tumor"
17226,21188,"partially atrophic changes"
16952,6826,"partially atrophic changes"
14443,16985,NA
20257,22054,"stroma"
22024,22486,"stroma"
15185,6683,"partially atrophic changes"
8888,15833,"tumor"
15963,20755,NA
13191,23515,"tumor"
16207,14806,"partially atrophic changes"
6617,16562,"tumor"
8628,11046,"tumor"
8624,8434,NA
3841,17001,"tumor"
20243,13349,"stroma"
10138,8142,NA
17205,7551,"partially atrophic changes"
13926,9152,NA
18220,10741,"partially atrophic changes"
9640,12495,"tumor"
14931,5668,"partially atrophic changes"
16973,20463,"partially atrophic changes"
21512,17554,"stroma"
15688,5522,"partially atrophic changes"
18974,8564,"partially atrophic changes"
8872,5678,NA
22004,8849,"stroma"
23266,8702,"stroma"
7871,11482,"tumor"
16468,20464,"partially atrophic changes"
21247,9286,"stroma"
4341,13519,"tumor"
11657,10751,NA
13418,6831,NA
7360,7421,"tumor"
14177,7846,NA
12411,8574,"tumor"
15688,5812,"partially atrophic changes"
5353,15548,"tumor"
19750,20894,"stroma"
16457,13210,"partially atrophic changes"
8120,9015,"tumor"
14934,7699,"partially atrophic changes"
16208,15386,"partially atrophic changes"
11171,23228,"tumor"
9381,8288,"tumor"
7865,7130,"tumor"
12158,8139,"tumor"
18236,21186,"partially atrophic changes"
17460,8856,"partially atrophic changes"
7126,19172,"tumor"
4849,16129,"tumor"
15459,21336,NA
8391,21346,"tumor"
5351,14097,"tumor"
17735,23508,NA
13185,19743,NA
6374,22800,"tumor"
13420,7992,NA
4349,19322,"tumor"
12927,16117,NA
15209,22932,NA
10897,8866,NA
21264,20601,"stroma"
17974,14658,"stroma"
4847,14678,"tumor"
17457,6825,"partially atrophic changes"
7117,13079,"tumor"
15209,22352,NA
7631,19172,"tumor"
14679,6104,"partially atrophic changes"
13670,6396,NA
16707,11614,"partially atrophic changes"
11906,8865,"tumor"
11401,8285,NA
15196,14227,"partially atrophic changes"
22506,7107,"stroma"
19748,19443,"stroma"
5354,15838,"tumor"
15695,10164,"partially atrophic changes"
10663,21488,"tumor"
22778,20309,"stroma"
16220,23511,NA
9888,9738,NA
8393,22217,"tumor"
12682,21195,NA
7369,13224,"tumor"
15689,6683,"partially atrophic changes"
7873,12643,"tumor"
11917,16118,NA
21497,7979,"stroma"
12929,17568,NA
13422,9733,NA
13440,21629,NA
17968,11177,"partially atrophic changes"
12170,16263,NA
6860,10033,"tumor"
18990,19009,"partially atrophic changes"
18992,20170,NA
17208,9002,"partially atrophic changes"
8139,21202,"tumor"
20991,7110,NA
12937,22500,NA
6863,12064,"tumor"
9905,20474,"tumor"
15947,10309,"partially atrophic changes"
8891,17864,"tumor"
13925,8281,NA
7375,16996,"tumor"
14440,14954,NA
16974,21624,"partially atrophic changes"
9144,18589,"tumor"
6118,20334,"tumor"
16704,9873,"partially atrophic changes"
4601,18596,"tumor"
7869,9741,"tumor"
19752,22345,"stroma"
9404,23376,"tumor"
10649,12203,NA
12930,17858,NA
16699,6681,"partially atrophic changes"
6868,15546,"tumor"
17716,11612,"partially atrophic changes"
18971,6533,"partially atrophic changes"
8636,16268,"tumor"
13187,21194,NA
19479,8563,"partially atrophic changes"
11159,15104,"tumor"
21003,14944,"stroma"
19494,18428,"stroma"
20231,5515,NA
16949,5085,NA
8122,10176,"tumor"
10913,19892,"tumor"
10660,19167,"tumor"
18996,22781,"stroma"
6354,9453,"tumor"
6109,14241,"tumor"
12160,9880,"tumor"
20739,6965,NA
13417,6251,NA
19495,19008,"stroma"
7625,15400,"tumor"
4596,15694,"tumor"
8383,15834,"tumor"
9145,18879,"tumor"
18224,13642,"partially atrophic changes"
14191,17421,NA
11903,6543,NA
21501,10591,"stroma"
5109,20916,"tumor"
9645,15687,"tumor"
20742,8996,"stroma"
16955,8857,"partially atrophic changes"
12413,10315,NA
7626,15980,"tumor"
17215,13934,"partially atrophic changes"
9644,15396,"tumor"
8620,5533,NA
15196,13937,"partially atrophic changes"
4599,17725,"tumor"
21753,9865,"stroma"
12660,6397,NA
11904,7124,NA
10397,12349,"tumor"
13693,21483,NA
11153,11332,"tumor"
18732,15092,"stroma"
13172,11039,NA
13925,8571,NA
11158,14814,"tumor"
12936,21630,NA
12924,14086,"tumor"
21495,6239,NA
12406,5382,NA
4602,19466,"tumor"
21757,12476,"stroma"
18485,18720,"partially atrophic changes"
21749,7254,NA
21254,13928,"stroma"
14681,7265,"partially atrophic changes"
8635,15688,"tumor"
10155,18877,"tumor"
6617,16272,"tumor"
14180,9877,NA
16466,19013,"partially atrophic changes"
6120,21785,"tumor"
16203,12195,"partially atrophic changes"
22002,7979,"stroma"
7372,15255,"tumor"
15690,7263,"partially atrophic changes"
12154,5527,NA
22000,6238,NA
8642,20331,"tumor"
20486,7111,"partially atrophic changes"
12161,10170,NA
19478,8273,"partially atrophic changes"
19478,7983,"partially atrophic changes"
19739,13350,NA
22257,9284,"stroma"
4349,18741,"tumor"
20764,23504,"stroma"
14698,18871,NA
6373,22220,"tumor"
15455,18724,"partially atrophic changes"
5618,23527,"tumor"
12920,11184,NA
5856,14387,"tumor"
15942,6827,"partially atrophic changes"
22761,8993,"stroma"
15435,5087,"partially atrophic changes"
16447,6536,"partially atrophic changes"
9648,18008,"tumor"
6627,22945,"tumor"
23264,7542,"stroma"
12177,20905,NA
14691,13938,"partially atrophic changes"
22020,19295,"stroma"
11159,15684,"tumor"
15184,6103,"partially atrophic changes"
19998,17847,"stroma"
17982,20171,"partially atrophic changes"
14451,21918,NA
9634,8723,"tumor"
6862,11774,"tumor"
8129,14818,"tumor"
9655,22070,"tumor"
10917,22213,"tumor"
7362,8291,"tumor"
11159,15394,"tumor"
13432,16406,NA
19992,13785,"stroma"
15190,10165,NA
17713,9291,"partially atrophic changes"
6356,10614,"tumor"
10657,17426,"tumor"
13183,18583,NA
5365,23092,"tumor"
14703,22062,NA
20485,6530,NA
20503,17846,"stroma"
5598,10180,"tumor"
6879,22800,"tumor"
13426,12344,NA
20492,10883,"stroma"
15440,8569,"partially atrophic changes"
9398,19024,"tumor"
18466,6824,"partially atrophic changes"
17973,14078,NA
18228,15673,"stroma"
22761,8703,"stroma"
10647,10462,NA
9881,5096,"tumor"
9636,9884,NA
10901,11478,NA
10392,9157,NA
13687,17711,NA
20995,9721,"stroma"
13690,19452,NA
5855,13516,"tumor"
10159,21489,"tumor"
16972,19883,"partially atrophic changes"
23033,21614,"stroma"
6114,17433,"tumor"
10917,21923,"tumor"
20755,17991,"stroma"
13935,14665,NA
10651,13364,"tumor"
13671,7556,NA
16194,6392,"partially atrophic changes"
22504,6237,"stroma"
9899,16702,"tumor"
20251,17992,"stroma"
8384,16704,"tumor"
20738,6675,NA
3845,19322,"tumor"
9886,7997,"tumor"
12659,5817,NA
13686,17131,NA
6123,23526,"tumor"
13442,22790,NA
18487,20170,"partially atrophic changes"
14694,15679,NA
14178,9006,NA
15208,22061,NA
20000,19008,"stroma"
9884,6837,NA
18734,16833,"partially atrophic changes"
7886,20767,"tumor"
16954,7986,"partially atrophic changes"
17964,8565,"partially atrophic changes"
16456,12920,"partially atrophic changes"
9140,15978,"tumor"
6856,7422,"tumor"
14699,19161,NA
10909,16700,"tumor"
22016,17264,"stroma"
11422,22212,"tumor"
19500,22200,"stroma"
8390,20476,"tumor"
5364,22512,"tumor"
4342,14389,"tumor"
21493,5368,NA
10650,12493,"tumor"
13426,12054,NA
13690,19743,NA
7365,10322,"tumor"
4860,23383,"tumor"
8626,9595,"tumor"
13428,13795,"tumor"
9134,11625,"tumor"
12161,10460,NA
15961,19304,"partially atrophic changes"
10144,11914,"tumor"
20495,12623,"stroma"
14432,9441,NA
8376,11191,"tumor"
20506,20167,"stroma"
19752,22054,"stroma"
7368,12353,"tumor"
11667,17424,"tumor"
8368,5969,NA
4851,17000,"tumor"
15697,11615,"partially atrophic changes"
21761,15378,"stroma"
14426,5959,"partially atrophic changes"
17467,13789,NA
13682,14810,NA
6366,17578,"tumor"
3845,19903,"tumor"
11403,10026,NA
8623,7564,NA
18986,16688,"stroma"
21498,8270,"stroma"
23266,9282,"stroma"
16964,14660,"partially atrophic changes"
6619,18012,"tumor"
6858,9162,"tumor"
11921,18730,NA
12671,13651,"tumor"
20747,12188,"stroma"
10916,21343,"tumor"
14701,20321,NA
18737,18574,"partially atrophic changes"
15459,21046,NA
5861,17578,"tumor"
4101,22078,"tumor"
4848,14969,"tumor"
5855,13226,"tumor"
21747,6383,NA
21496,6819,NA
15710,20320,NA
15197,14518,NA
16212,18288,"partially atrophic changes"
8622,7274,NA
9642,13656,"tumor"
11913,13217,"tumor"
7361,7711,"tumor"
14185,13068,"partially atrophic changes"
21257,15959,"stroma"
5112,22657,"tumor"
11920,17569,NA
5614,20625,"tumor"
17984,21622,"partially atrophic changes"
17202,5230,NA
14696,17130,"partially atrophic changes"
9397,18443,"tumor"
6621,19463,"tumor"
10404,16701,"tumor"
18492,23362,"stroma"
8898,22216,"tumor"
8385,16994,"tumor"
12663,8428,"tumor"
14433,10312,NA
16201,10744,"partially atrophic changes"
7631,19462,"tumor"
8121,9596,"tumor"
11417,19311,NA
9903,19313,"tumor"
6101,9309,"tumor"
13673,8717,NA
20490,9432,"stroma"
5864,19609,"tumor"
20484,5370,NA
6370,20189,"tumor"
6605,8437,"tumor"
21499,9140,"stroma"
4102,22659,"tumor"
20999,12333,"stroma"
23287,22629,"stroma"
9391,14962,"tumor"
20755,17701,"stroma"
7120,15400,"tumor"
5602,12791,"tumor"
20510,22489,"stroma"
11913,12927,"tumor"
9656,23231,"tumor"
21746,5223,NA
8899,23087,"tumor"
11399,7124,NA
15698,12486,"partially atrophic changes"
8117,6694,"tumor"
6610,12209,"tumor"
4341,13809,"tumor"
8876,7999,NA
21770,21181,"stroma"
20248,16251,"stroma"
6855,7131,"tumor"
19731,8708,NA
12427,19019,NA
17459,8276,"partially atrophic changes"
17976,16109,"partially atrophic changes"
5113,23528,"tumor"
7875,14093,"tumor"
14200,23224,NA
22503,5367,NA
13932,13214,NA
7628,17140,"tumor"
19738,13060,"partially atrophic changes"
22018,18134,"stroma"
13936,15825,NA
13674,9587,NA
14694,16259,NA
19480,9143,"stroma"
15966,22495,NA
15709,19739,"partially atrophic changes"
20493,11173,"stroma"
20255,21183,"stroma"
10900,10897,NA
18976,10014,NA
11926,21921,"tumor"
16217,21189,NA
22529,22195,"stroma"
7377,18156,"tumor"
15182,5233,"partially atrophic changes"
21503,11751,"stroma"
20244,13930,"stroma"
15944,7988,"partially atrophic changes"
8643,20911,"tumor"
18228,16254,"partially atrophic changes"
14946,15824,NA
6622,19753,"tumor"
20241,11608,NA
9127,6983,NA
10410,20763,"tumor"
19993,14655,"stroma"
12414,10895,"tumor"
7117,13659,"tumor"
9150,22071,"tumor"
8387,18445,"tumor"
12669,12200,"tumor"
22528,21905,"stroma"
19500,22490,"stroma"
17716,11032,"partially atrophic changes"
12918,10314,NA
14944,14083,"partially atrophic changes"
19229,10159,"stroma"
10405,17281,"tumor"
13170,10168,NA
11417,18730,NA
18486,19880,"partially atrophic changes"
16452,10308,"partially atrophic changes"
14946,15533,NA
5360,19900,"tumor"
6626,22655,"tumor"
10898,10027,NA
10662,20327,"tumor"
9130,9014,NA
18473,10886,"partially atrophic changes"
18234,19736,"partially atrophic changes"
20991,6820,NA
11668,18295,NA
5101,15694,"tumor"
13420,8572,NA
21245,7835,NA
12671,13361,"tumor"
6870,16706,"tumor"
17207,8711,"partially atrophic changes"
11164,18586,"tumor"
11654,8720,NA
10652,14234,"tumor"
5866,20770,"tumor"
6368,19028,"tumor"
12176,20035,NA
14441,15824,NA
12420,14667,NA
18742,22056,"stroma"
9651,19749,"tumor"
3848,21644,"tumor"
15715,23221,NA
21755,11316,"stroma"
12933,20179,NA
18479,15238,"stroma"
19744,16832,"stroma"
7375,16706,"tumor"
13178,15101,NA
12414,10605,NA
17216,14805,"partially atrophic changes"
10401,14960,"tumor"
10408,19602,"tumor"
22253,6673,"stroma"
19482,10594,NA
21247,9576,"stroma"
17222,18577,"partially atrophic changes"
18490,22201,NA
12673,15102,NA
22004,9139,"stroma"
19739,13640,NA
17477,20172,"partially atrophic changes"
11410,14668,"tumor"
6612,13080,"tumor"
15186,7554,"partially atrophic changes"
16963,14080,"partially atrophic changes"
7127,19753,"tumor"
21507,14363,"stroma"
12928,16987,NA
19987,10883,"stroma"
19745,17412,"stroma"
7379,19897,"tumor"
8394,22797,"tumor"
19489,14946,"stroma"
11901,5383,NA
5868,22221,"tumor"
19743,15961,"stroma"
13926,8862,NA
14678,5814,"partially atrophic changes"
4352,21353,"tumor"
7868,9451,"tumor"
9902,19023,"tumor"
22526,20454,"stroma"
10918,23084,"tumor"
7118,14240,"tumor"
16450,8858,"partially atrophic changes"
11171,23518,"tumor"
10639,5530,"tumor"
18986,16398,"stroma"
9390,14091,"tumor"
16722,21769,"partially atrophic changes"
16702,8422,"partially atrophic changes"
22757,6382,"stroma"
4103,22949,"tumor"
14686,10746,NA
8632,13657,"tumor"
7613,7856,"tumor"
6859,9453,"tumor"
23013,8557,"stroma"
17732,22058,"partially atrophic changes"
9653,20909,"tumor"
5360,19610,"tumor"
17708,6099,"partially atrophic changes"
22005,9720,"stroma"
11156,13653,"tumor"
9651,19459,"tumor"
9896,14961,"tumor"
18971,6823,"partially atrophic changes"
18983,14367,NA
22019,19004,"stroma"
11675,22647,"tumor"
19227,8998,NA
14190,16840,NA
8378,12352,"tumor"
17965,8855,"partially atrophic changes"
18973,7693,"partially atrophic changes"
21511,16974,"stroma"
21502,10881,"stroma"
9399,20184,"tumor"
9906,21054,"tumor"
14681,7555,NA
20503,18136,"stroma"
15955,14952,"partially atrophic changes"
11916,15248,NA
4846,14098,"tumor"
9882,5966,NA
18216,8130,"partially atrophic changes"
21750,8414,"stroma"
6863,12354,"tumor"
11914,14087,"tumor"
7373,15545,"tumor"
15457,19595,NA
19482,10884,NA
17467,13499,"partially atrophic changes"
5111,22367,"tumor"
8634,15108,"tumor"
15699,12776,"partially atrophic changes"
9400,20474,"tumor"
16723,22349,NA
11671,19746,NA
16218,22060,NA
20006,23070,"stroma"
7615,8726,"tumor"
11676,23227,"tumor"
11904,7414,NA
21752,9285,"stroma"
19246,21185,"stroma"
16461,16111,"partially atrophic changes"
11169,22068,"tumor"
7620,12208,"tumor"
17470,15239,NA
19243,19734,"stroma"
23034,22195,"stroma"
9141,16268,"tumor"
13934,14084,"tumor"
11902,5963,NA
5860,16708,"tumor"
12180,22646,"tumor"
19985,9142,"stroma"
19747,18573,"stroma"
11653,8430,"tumor"
6368,18448,"tumor"
7882,18156,"tumor"
22278,23211,"stroma"
16200,10164,"partially atrophic changes"
16218,22350,NA
17218,15965,"partially atrophic changes"
8896,21346,"tumor"
11155,12783,NA
16700,6971,"partially atrophic changes"
16204,13065,"partially atrophic changes"
15945,8858,"partially atrophic changes"
8132,16850,"tumor"
22274,20600,"stroma"
13182,18002,NA
8876,8289,NA
14951,19015,NA
17466,13208,"partially atrophic changes"
13434,17277,NA
13189,22065,NA
4097,19177,"tumor"
14936,9440,NA
4091,15695,"tumor"
5361,20771,"tumor"
14695,16549,"partially atrophic changes"
17204,6680,"partially atrophic changes"
21767,19440,"stroma"
18994,21620,"stroma"
14444,17855,NA
11165,19166,"tumor"
9632,7272,NA
5604,14532,"tumor"
20235,7836,"partially atrophic changes"
5851,10615,"tumor"
14452,23078,NA
15454,17854,"partially atrophic changes"
13679,12489,"partially atrophic changes"
17969,11757,"partially atrophic changes"
21250,11317,"stroma"
8879,9740,"tumor"
9647,17137,"tumor"
6369,19319,"tumor"
14440,15244,NA
17726,17995,"partially atrophic changes"
15952,13501,"partially atrophic changes"
9389,13221,"tumor"
9384,10029,"tumor"
8872,5387,NA
20740,8126,"partially atrophic changes"
10136,6401,NA
21518,21326,"stroma"
6614,14240,"tumor"
16697,5521,"partially atrophic changes"
11658,11621,"tumor"
7872,12062,"tumor"
21016,23358,"stroma"
10640,6400,NA
9394,16412,"tumor"
19729,7257,"partially atrophic changes"
9657,23521,"tumor"
11923,19890,NA
19239,17123,"stroma"
20743,9867,"stroma"
19247,22345,"stroma"
14680,6684,"partially atrophic changes"
7110,9017,"tumor"
18733,16253,NA
21750,8124,"stroma"
17458,7696,"partially atrophic changes"
8627,10465,"tumor"
12924,13796,"tumor"
4856,20191,"tumor"
21008,17845,"stroma"
16469,21044,"partially atrophic changes"
13678,11618,"partially atrophic changes"
15441,9149,"partially atrophic changes"
16707,11904,"partially atrophic changes"
20491,10012,"stroma"
7370,13804,"tumor"
6107,13371,"tumor"
6857,8582,"tumor"
13688,18582,NA
21515,19295,"stroma"
14683,8715,NA
21515,19586,"stroma"
15194,13067,"partially atrophic changes"
9135,12496,"tumor"
16459,14661,"partially atrophic changes"
6355,10034,"tumor"
9397,18734,"tumor"
13433,16696,NA
8373,9160,"tumor"
9644,14816,"tumor"
16713,15676,"partially atrophic changes"
16463,17272,"partially atrophic changes"
14192,17711,NA
14944,14373,NA
17469,14659,NA
3844,19032,"tumor"
14930,5088,"partially atrophic changes"
18989,18719,"partially atrophic changes"
15967,22786,NA
5110,21497,"tumor"
11905,7704,NA
11909,10896,NA
19483,11464,"partially atrophic changes"
13940,18436,NA
7118,13950,"tumor"
18973,7983,"partially atrophic changes"
10663,20908,"tumor"
15193,12486,"partially atrophic changes"
10896,8576,NA
7121,15690,"tumor"
13186,20033,NA
17971,12917,"partially atrophic changes"
12663,8138,"tumor"
10140,9593,NA
5609,17434,"tumor"
8371,8290,NA
12158,8429,"tumor"
7886,21057,"tumor"
8382,14963,"tumor"
8367,5388,NA
11407,12637,"tumor"
7108,7566,"tumor"
8388,19025,"tumor"
7115,12209,"tumor"
14689,12777,"partially atrophic changes"
20755,17411,"stroma"
9387,12350,"tumor"
18227,15383,"stroma"
7384,22799,"tumor"
4844,12938,"tumor"
18731,14802,"stroma"
14174,6395,"partially atrophic changes"
19743,16542,"stroma"
8633,14237,"tumor"
10666,22939,"tumor"
15965,21625,NA
4857,21062,"tumor"
11667,17715,NA
12156,7268,NA
23287,22920,"stroma"
21003,14654,"stroma"
5107,19756,"tumor"
8394,23087,"tumor"
18723,9289,"partially atrophic changes"
7366,10903,"tumor"
4595,14534,"tumor"
20246,15090,"stroma"
9629,5531,NA
19235,13931,"partially atrophic changes"
12419,13796,"tumor"
17711,8130,"partially atrophic changes"
11151,10171,NA
20497,13784,"stroma"
10160,22359,"tumor"
16962,13499,"partially atrophic changes"
13183,18293,NA
13678,11908,"partially atrophic changes"
7623,13949,"tumor"
12921,11765,NA
14445,18436,NA
15461,22206,NA
8391,21056,"tumor"
18977,10305,NA
7123,17141,"tumor"
10395,11188,NA
6609,11049,"tumor"
4345,16130,"tumor"
14439,14374,NA
8140,22072,"tumor"
9128,7563,NA
19741,15091,"stroma"
13921,5960,"partially atrophic changes"
7629,18301,"tumor"
14695,16839,"partially atrophic changes"
9644,15106,"tumor"
12421,14957,NA
4356,23384,"tumor"
15699,13066,"partially atrophic changes"
10898,9446,NA
14952,19596,NA
10151,16266,"tumor"
8883,12931,"tumor"
21268,22923,"stroma"
17985,21912,"partially atrophic changes"
11412,15539,"tumor"
22020,19585,"stroma"
8625,8725,NA
14940,11761,NA
21514,19005,"stroma"
14932,6249,"partially atrophic changes"
14444,17565,NA
13420,8282,NA
23033,21904,"stroma"
9126,6403,NA
20247,15380,"stroma"
16960,12339,"partially atrophic changes"
22001,7398,"stroma"
18488,20751,"partially atrophic changes"
21511,16684,"stroma"
11659,11912,"tumor"
4595,15114,"tumor"
17458,7986,"partially atrophic changes"
6108,13661,"tumor"
13440,21339,NA
12410,8284,"tumor"
20992,7400,"partially atrophic changes"
16469,21334,"partially atrophic changes"
22504,5657,NA
7122,16851,"tumor"
13932,12633,"partially atrophic changes"
13416,5961,NA
20500,15815,"stroma"
16965,15240,"partially atrophic changes"
17981,19591,"partially atrophic changes"
22005,10010,"stroma"
19980,5951,NA
17466,12918,"partially atrophic changes"
6606,9598,"tumor"
13423,10313,NA
4845,13518,"tumor"
22779,20599,"stroma"
11418,19601,NA
14705,23223,NA
5849,9454,"tumor"
10898,9737,"tumor"
9907,21924,"tumor"
22257,9574,"stroma"
5862,18159,"tumor"
9640,12785,"tumor"
10648,11333,NA
16197,8133,"partially atrophic changes"
5860,16998,"tumor"
20501,16395,"stroma"
13439,20468,NA
10663,21198,"tumor"
17961,6534,"partially atrophic changes"
10912,19021,"tumor"
6118,20625,"tumor"
6117,19754,"tumor"
18733,15963,NA
15452,16693,"partially atrophic changes"
10642,7271,NA
20744,10737,"stroma"
5358,18740,"tumor"
20511,23069,"stroma"
20759,20022,"stroma"
11649,5818,NA
6624,21204,"tumor"
10903,13218,"tumor"
17214,13354,"partially atrophic changes"
10892,5965,"tumor"
20509,22198,"stroma"
13424,10893,NA
14936,9150,NA
22007,10880,"stroma"
20736,5514,NA
12415,11475,"tumor"
11412,15829,"tumor"
15199,16258,"partially atrophic changes"
10665,22649,"tumor"
21510,16104,"stroma"
16965,15530,"partially atrophic changes"
14452,22788,NA
19985,9433,"stroma"
6861,10903,"tumor"
6105,11920,"tumor"
17221,17996,"partially atrophic changes"
7128,20623,"tumor"
7370,13514,"tumor"
16720,20608,"partially atrophic changes"
16213,18578,"partially atrophic changes"
19226,8418,"partially atrophic changes"
20999,12042,"stroma"
11162,17135,"tumor"
7617,9887,"tumor"
8895,20765,"tumor"
21755,11606,"stroma"
10645,9592,NA
13945,21628,NA
7888,22508,"tumor"
17712,8421,"partially atrophic changes"
19750,20604,"stroma"
12664,9009,"tumor"
20240,11028,"stroma"
6607,9888,"tumor"
8898,22796,"tumor"
5365,23382,"tumor"
10658,18006,"tumor"
19733,9578,"stroma"
6867,14965,"tumor"
20751,14799,"stroma"
8372,8870,"tumor"
23015,10008,"stroma"
4601,18886,"tumor"
16723,22059,"partially atrophic changes"
21016,23068,"stroma"
15943,7118,"partially atrophic changes"
7619,11337,"tumor"
19488,14366,"stroma"
21500,9430,"stroma"
18238,22637,NA
16201,11324,"partially atrophic changes"
19742,15381,"stroma"
15447,13502,"partially atrophic changes"
11145,6399,NA
15687,5232,"partially atrophic changes"
9152,23521,"tumor"
19744,17122,"stroma"
14949,17855,"partially atrophic changes"
16701,7842,"partially atrophic changes"
20990,6239,NA
7618,11047,"tumor"
13687,18002,NA
6353,9163,"tumor"
14201,23514,NA
15192,11616,NA
21505,13202,"stroma"
22272,19149,"stroma"
13948,23369,NA
15953,13791,"partially atrophic changes"
13695,22934,NA
20998,11462,"stroma"
6865,13515,"tumor"
13686,16841,NA
8639,18300,"tumor"
10895,7706,NA
12428,19599,NA
8134,18010,"tumor"
19481,10304,"stroma"
11408,13218,NA
23262,6671,"stroma"
10904,13799,"tumor"
12938,23080,NA
13684,15680,NA
10659,18877,"tumor"
16451,9728,"partially atrophic changes"
5608,17144,"tumor"
10649,11913,NA
12922,12635,"tumor"
16466,19303,"partially atrophic changes"
19227,8708,"partially atrophic changes"
21497,7689,NA
14175,6975,"partially atrophic changes"
8875,7128,NA
10906,14959,"tumor"
13431,15536,NA
16951,5955,"partially atrophic changes"
16471,22205,NA
19486,13205,"partially atrophic changes"
4608,23528,"tumor"
8621,6403,NA
14945,15243,NA
12919,10604,NA
6879,22509,"tumor"
18219,9870,"partially atrophic changes"
8644,21491,"tumor"
20754,16830,"stroma"
9632,7562,NA
18467,7114,"partially atrophic changes"
10388,6546,NA
13175,13360,"tumor"
8125,12497,"tumor"
14694,15969,NA
8625,9305,"tumor"
5364,22222,"tumor"
6364,16417,"tumor"
16701,8132,"partially atrophic changes"
5598,10470,"tumor"
6111,15692,"tumor"
5355,16419,"tumor"
14182,11327,NA
8878,9450,"tumor"
17727,18576,"partially atrophic changes"
14181,10747,NA
10148,14815,"tumor"
7879,16125,"tumor"
10139,8432,NA
14188,15390,NA
5099,14243,"tumor"
19732,8998,"stroma"
20501,16686,"stroma"
7637,23524,"tumor"
15958,16983,"partially atrophic changes"
18226,14803,"stroma"
21242,5804,NA
15713,22061,NA
20488,7981,"partially atrophic changes"
12667,11040,"tumor"
14174,5815,"partially atrophic changes"
15438,7408,"partially atrophic changes"
15458,20465,NA
7377,18447,"tumor"
14684,9296,NA
11649,5528,"tumor"
14702,21482,NA
14938,10311,NA
6623,20334,"tumor"
17455,5374,NA
9890,11189,NA
20746,11608,"stroma"
11675,22937,"tumor"
20235,8126,"partially atrophic changes"
15460,21626,NA
7863,5969,"tumor"
6361,14386,"tumor"
17980,18720,"partially atrophic changes"
12408,6543,NA
22007,11170,"stroma"
22273,20020,"stroma"
20762,22633,"stroma"
17715,10742,"partially atrophic changes"
20002,20458,"stroma"
7114,11338,"tumor"
20498,14945,"stroma"
6102,9889,"tumor"
5869,22801,"tumor"
16471,22785,NA
13690,20033,NA
16716,17417,"partially atrophic changes"
9632,6982,NA
13176,13940,"tumor"
13424,11183,"partially atrophic changes"
12683,21485,NA
7129,21493,"tumor"
21765,17699,"stroma"
17205,7261,"partially atrophic changes"
12666,10459,NA
8387,18735,"tumor"
17987,23363,NA
18735,17123,"partially atrophic changes"
17985,22202,NA
5870,23381,"tumor"
13418,7121,NA
13176,13650,"tumor"
7871,11192,"tumor"
16215,20029,"partially atrophic changes"
22026,23357,"stroma"
11416,18150,"tumor"
20757,18861,"stroma"
14173,5524,"partially atrophic changes"
10915,20762,"tumor"
10894,7125,NA
16445,5666,"partially atrophic changes"
14177,8136,NA
12178,21196,NA
10410,20473,"tumor"
15437,6538,"partially atrophic changes"
10156,20038,"tumor"
15191,10746,NA
23262,6381,"stroma"
18737,18864,"partially atrophic changes"
17733,22348,NA
21753,10155,"stroma"
9144,18009,"tumor"
6114,18013,"tumor"
9396,18153,"tumor"
17212,11903,"partially atrophic changes"
11925,21051,NA
17709,6970,"partially atrophic changes"
6860,10613,"tumor"
5618,23237,"tumor"
13190,22645,NA
9385,10609,"tumor"
3842,17872,"tumor"
16197,8713,"partially atrophic changes"
17216,14224,"partially atrophic changes"
22254,7833,"stroma"
16201,11034,"partially atrophic changes"
8880,10900,"tumor"
10656,16556,"tumor"
22530,23066,"stroma"
17458,7405,"partially atrophic changes"
21005,15814,"stroma"
12668,11620,"tumor"
19480,9433,"stroma"
14186,13939,"tumor"
14704,22643,NA
12662,7558,NA
4349,19031,"tumor"
12919,10894,NA
4592,12793,"tumor"
14186,13649,NA
21505,12912,"stroma"
21754,11026,"stroma"
13693,21774,NA
21006,16975,"stroma"
8881,11190,"tumor"
11163,18296,"tumor"
18997,23361,"stroma"
8392,21637,"tumor"
9888,9448,NA
5853,12356,"tumor"
23012,7977,"stroma"
14194,18871,NA
18990,19299,"partially atrophic changes"
17723,15964,NA
5866,20480,"tumor"
7873,12353,"tumor"
8117,7275,"tumor"
19981,6531,NA
14948,16984,"partially atrophic changes"
20502,17266,"stroma"
11662,13943,NA
13186,20614,NA
18724,9870,"partially atrophic changes"
15951,12921,"partially atrophic changes"
7107,6986,"tumor"
9149,21490,"tumor"
12177,20615,NA
13187,20904,NA
13173,11909,NA
12672,14231,"tumor"
8367,5098,NA
6364,15837,"tumor"
13180,16262,NA
18470,9145,"partially atrophic changes"
13942,19597,NA
11164,18876,"tumor"
14187,14519,NA
15964,21045,NA
21001,13783,"stroma"
18230,17124,"partially atrophic changes"
4347,17581,"tumor"
12421,15247,NA
14688,11907,"partially atrophic changes"
15210,23222,NA
8133,17720,"tumor"
10912,18731,"tumor"
16706,11324,"partially atrophic changes"
17714,9871,"partially atrophic changes"
15452,16403,"partially atrophic changes"
22527,21035,"stroma"
18722,8999,"partially atrophic changes"
13424,10603,NA
21510,16394,"stroma"
8377,12062,"tumor"
11675,22357,"tumor"
17718,12483,"partially atrophic changes"
8141,22362,"tumor"
7114,11628,"tumor"
22016,16973,"stroma"
8892,18734,"tumor"
8620,5823,NA
15698,12196,"partially atrophic changes"
12428,19890,NA
19988,11173,NA
8129,14528,"tumor"
17468,14079,NA
11929,23372,"tumor"
13677,11038,NA
12679,18874,NA
4594,13953,"tumor"
11651,6979,NA
8642,20040,"tumor"
18240,23508,"stroma"
9634,8433,"tumor"
22527,20745,"stroma"
10641,6981,NA
12423,16698,NA
9134,11915,"tumor"
19497,20169,"stroma"
13923,7121,NA
14693,15099,NA
16465,18723,"partially atrophic changes"
22504,5947,NA
14448,20177,NA
13694,22644,NA
7632,19752,"tumor"
20489,8561,NA
16959,11468,"partially atrophic changes"
17473,17270,"partially atrophic changes"
13682,14520,NA
8122,10466,"tumor"
22779,20889,"stroma"
8877,8579,NA
14930,5378,"partially atrophic changes"
8116,6404,"tumor"
17209,10162,"partially atrophic changes"
19486,13495,"partially atrophic changes"
7125,18592,"tumor"
18239,23217,"stroma"
21253,13058,"stroma"
14701,20902,NA
14450,21337,NA
4603,20047,"tumor"
17966,9726,"partially atrophic changes"
4101,21788,"tumor"
10136,6981,NA
14194,19452,NA
9395,17283,"tumor"
9894,13510,"tumor"
10395,10898,NA
10399,13509,"tumor"
19990,12914,NA
13947,22499,NA
21494,5658,NA
18721,8419,"partially atrophic changes"
8621,6113,NA
13934,14374,NA
14189,15680,NA
9124,5242,NA
17971,13208,"partially atrophic changes"
16713,15966,"partially atrophic changes"
11662,14233,NA
7380,20478,"tumor"
10386,5385,"tumor"
11655,9590,"tumor"
17468,14369,NA
22258,9864,"stroma"
6625,22075,"tumor"
18972,7113,"partially atrophic changes"
15443,10600,"partially atrophic changes"
4095,18306,"tumor"
13689,18872,NA
14444,17275,"partially atrophic changes"
12935,21340,NA
6879,23090,"tumor"
12678,18003,NA
5615,21496,"tumor"
22525,19874,"stroma"
11160,16265,"tumor"
21244,7255,NA
22275,21470,"stroma"
9384,10319,"tumor"
8645,22071,"tumor"
11670,19165,NA
21519,21907,"stroma"
12174,18874,NA
5111,22077,"tumor"
4103,23529,"tumor"
23013,8848,"stroma"
8895,20475,"tumor"
18991,19880,NA
8891,18154,"tumor"
9631,6402,NA
16202,11905,"partially atrophic changes"
18721,8129,"partially atrophic changes"
10137,7271,NA
18993,21040,NA
5870,23091,"tumor"
6618,17142,"tumor"
22269,17118,"stroma"
5351,13807,"tumor"
11919,16989,NA
21516,19876,"stroma"
12155,6108,NA
15712,21190,NA
16712,14805,"partially atrophic changes"
8138,20912,"tumor"
18470,9435,"partially atrophic changes"
5612,19755,"tumor"
20762,22053,"stroma"
7383,21928,"tumor"
10640,5820,"tumor"
16219,22640,NA
18996,23071,"stroma"
20998,11752,"stroma"
19987,10593,"stroma"
18239,22927,"stroma"
21764,17119,"stroma"
9638,11044,"tumor"
9402,22215,"tumor"
16446,6246,"partially atrophic changes"
14692,14808,NA
18234,20026,"partially atrophic changes"
10404,16991,"tumor"
20751,15089,"stroma"
5606,15693,"tumor"
13946,21918,NA
4602,19756,"tumor"
11918,16409,NA
19499,21620,"stroma"
8631,12787,"tumor"
21013,21327,"stroma"
6105,11630,"tumor"
5349,12647,"tumor"
14678,5233,"partially atrophic changes"
8137,19751,"tumor"
12424,16988,NA
23267,9573,"stroma"
20239,10158,"stroma"
16701,7552,"partially atrophic changes"
14446,18726,NA
13173,11619,NA
13672,7846,NA
21010,19296,"stroma"
12678,18293,NA
5609,17724,"tumor"
21762,15958,"stroma"
8626,9885,"tumor"
8637,16849,"tumor"
18987,17268,"partially atrophic changes"
11667,17134,"tumor"
17462,10017,"partially atrophic changes"
14184,12778,"partially atrophic changes"
8141,22653,"tumor"
20749,13929,"stroma"
15197,15098,NA
11411,15249,"tumor"
22023,21326,"stroma"
17734,22928,NA
12416,11765,"tumor"
21517,21036,"stroma"
12659,5527,NA
16720,20028,"partially atrophic changes"
7379,19607,"tumor"
12413,9734,"tumor"
8133,17140,"tumor"
5096,12502,"tumor"
9377,5387,NA
5616,22076,"tumor"
21509,15814,"stroma"
6878,21929,"tumor"
12684,22355,NA
10665,22359,"tumor"
13168,8427,NA
19481,9723,"stroma"
21014,21907,"stroma"
20248,16541,"stroma"
18741,21476,NA
12912,6252,NA
14697,17710,"partially atrophic changes"
8142,23523,"tumor"
16698,6101,"partially atrophic changes"
13169,9008,NA
14437,12923,"partially atrophic changes"
15700,13646,"partially atrophic changes"
8118,7855,NA
20751,15379,"stroma"
11911,11766,"tumor"
17230,23509,NA
11663,15103,NA
7612,6695,"tumor"
19997,16976,"stroma"
11655,9881,"tumor"
8641,19460,"tumor"
6625,21494,"tumor"
19988,11464,NA
12162,11040,"tumor"
18724,10160,"partially atrophic changes"
11669,18585,NA
8880,10610,"tumor"
10402,15540,"tumor"
16209,16547,"partially atrophic changes"
6117,19464,"tumor"
6606,9308,"tumor"
9882,5386,"tumor"
18982,14077,"partially atrophic changes"
21517,20746,"stroma"
13676,10458,NA
19985,9723,"stroma"
19995,16106,"stroma"
19745,17702,"stroma"
8643,20621,"tumor"
10892,5674,"tumor"
18216,7839,"partially atrophic changes"
18223,12772,"partially atrophic changes"
11914,13797,"tumor"
11915,14377,NA
21007,17555,"stroma"
13174,12490,"tumor"
6356,11194,"tumor"
12170,15973,NA
9125,6112,NA
22760,8413,"stroma"
8393,22507,"tumor"
20232,5805,NA
15697,11325,"partially atrophic changes"
14445,18146,NA
17711,7840,"partially atrophic changes"
11144,5239,"tumor"
21504,12042,"stroma"
15940,5667,"partially atrophic changes"
18477,13787,"partially atrophic changes"
20232,6095,NA
21258,16539,"stroma"
21242,6094,NA
14436,12633,"partially atrophic changes"
13419,7412,NA
12154,5818,NA
12929,17277,NA
15184,6393,"partially atrophic changes"
4606,21787,"tumor"
7130,22074,"tumor"
8116,6114,"tumor"
10904,13509,"tumor"
21493,5078,NA
12432,22501,NA
16202,11614,"partially atrophic changes"
14686,10456,NA
7363,9162,"tumor"
9893,12930,"tumor"
15951,12340,"partially atrophic changes"
7880,17285,"tumor"
19239,16833,"stroma"
20489,8851,"stroma"
16446,5956,"partially atrophic changes"
18223,12482,"partially atrophic changes"
10153,18007,"tumor"
12168,15102,NA
11659,12492,"tumor"
7363,8872,"tumor"
13171,10749,NA
10897,9156,NA
17710,7260,"partially atrophic changes"
12668,11910,"tumor"
4350,19902,"tumor"
4608,23238,"tumor"
20243,13059,"stroma"
9379,7128,NA
21748,6673,NA
10157,20618,"tumor"
19751,21474,"stroma"
15447,13211,"partially atrophic changes"
11421,21342,"tumor"
5605,15112,"tumor"
7877,14964,"tumor"
17465,12338,"partially atrophic changes"
8623,7854,NA
14701,20611,NA
20509,21618,"stroma"
6618,16852,"tumor"
18217,9000,"partially atrophic changes"
6862,11484,"tumor"
13932,12924,"partially atrophic changes"
10412,22214,"tumor"
13419,7702,NA
11167,20327,"tumor"
20508,21328,"stroma"
16724,22930,NA
17217,15385,"partially atrophic changes"
17213,12774,"partially atrophic changes"
12421,15537,NA
12431,21630,NA
12405,5092,NA
12165,12781,"tumor"
17225,20317,"partially atrophic changes"
5346,10616,"tumor"
15953,14081,"partially atrophic changes"
7383,22509,"tumor"
22256,8704,"stroma"
4098,20047,"tumor"
9650,19168,"tumor"
11919,17279,NA
6860,10323,"tumor"
17970,12627,"partially atrophic changes"
16196,7843,"partially atrophic changes"
16220,23220,NA
19748,19733,"stroma"
16957,10017,"partially atrophic changes"
11413,16699,"tumor"
20245,14510,"stroma"
5348,12066,"tumor"
5849,9744,"tumor"
15695,10455,"partially atrophic changes"
20006,23360,"stroma"
7870,10322,"tumor"
13180,16552,NA
11648,5238,"tumor"
6103,10759,"tumor"
6875,20188,"tumor"
20746,11898,"stroma"
7872,11772,"tumor"
10643,8141,NA
14435,11762,"partially atrophic changes"
5613,20335,"tumor"
17725,17415,"partially atrophic changes"
14957,22787,NA
23015,9718,"stroma"
21255,14508,"stroma"
21504,12332,"stroma"
4852,18160,"tumor"
16219,22930,NA
15189,9875,NA
12180,22937,"tumor"
15706,17708,"partially atrophic changes"
10899,10317,NA
23011,7107,"stroma"
10644,8431,NA
4348,18161,"tumor"
5617,22947,"tumor"
4857,21352,"tumor"
13669,6105,NA
13691,20323,NA
9883,6546,NA
12156,6978,NA
19735,10739,"stroma"
10412,21924,"tumor"
10150,15686,"tumor"
15457,19885,NA
12173,18294,NA
6877,21349,"tumor"
6861,11194,"tumor"
7637,22943,"tumor"
19244,20314,"stroma"
6626,22365,"tumor"
4605,21497,"tumor"
17983,21042,"partially atrophic changes"
22254,7543,"stroma"
20493,11753,"stroma"
6356,10904,"tumor"
9643,14236,"tumor"
6362,14966,"tumor"
13938,16986,NA
10394,10318,NA
14704,22352,NA
11671,20036,NA
16454,11469,"partially atrophic changes"
12924,14376,"tumor"
6858,8872,"tumor"
9136,13366,"tumor"
15451,15533,"partially atrophic changes"
6623,20624,"tumor"
14945,14953,NA
10651,13074,"tumor"
12917,9153,NA
10409,19893,"tumor"
6610,11919,"tumor"
6608,10759,"tumor"
12171,16843,NA
8121,9886,"tumor"
9885,7417,NA
5602,13081,"tumor"
19741,14801,"stroma"
7113,10758,"tumor"
16704,9583,"partially atrophic changes"
16460,15241,"partially atrophic changes"
5348,12356,"tumor"
13683,15100,NA
4345,16710,"tumor"
20239,10448,"stroma"
11668,18005,NA
8132,16559,"tumor"
16210,16837,"partially atrophic changes"
19743,16251,"stroma"
21266,21472,"stroma"
4355,22803,"tumor"
20239,10738,"stroma"
22255,8414,"stroma"
7359,6841,"tumor"
8884,13512,"tumor"
4853,18450,"tumor"
17728,19156,"partially atrophic changes"
8879,10030,"tumor"
19999,18427,"stroma"
18469,8274,"partially atrophic changes"
21750,7834,"stroma"
15449,14662,"partially atrophic changes"
16954,8277,"partially atrophic changes"
13436,18437,NA
8877,8869,NA
5614,20915,"tumor"
15948,10599,"partially atrophic changes"
16976,22494,NA
17963,7695,"partially atrophic changes"
7111,9307,"tumor"
20254,20023,"stroma"
13685,16261,NA
9403,22506,"tumor"
5095,11631,"tumor"
6108,13951,"tumor"
4602,19176,"tumor"
20736,5224,NA
9636,9593,NA
11403,9736,"tumor"
6110,15402,"tumor"
11146,6980,NA
23265,8412,"stroma"
6855,6841,"tumor"
11157,13943,"tumor"
20000,19298,"stroma"
10400,14090,"tumor"
13178,14811,NA
11652,7559,NA
20243,12769,NA
20005,22199,"stroma"
21503,11461,"stroma"
14448,20467,NA
12169,15683,NA
14425,5379,"partially atrophic changes"
18482,16979,"partially atrophic changes"
11902,6253,NA
17474,17851,"partially atrophic changes"
10902,12638,NA
21256,15379,"stroma"
8370,7419,NA
17222,18286,"partially atrophic changes"
17455,5955,"partially atrophic changes"
20485,5950,NA
11145,6109,NA
9378,5967,NA
6365,16997,"tumor"
5865,20190,"tumor"
21244,7545,"partially atrophic changes"
17228,22639,NA
18221,11321,"partially atrophic changes"
13684,15971,NA
7130,21784,"tumor"
11909,10315,NA
8131,16269,"tumor"
13921,5670,"partially atrophic changes"
18731,14512,"stroma"
22024,21906,"stroma"
15448,14082,"partially atrophic changes"
13165,6396,NA
8640,18880,"tumor"
6610,11629,"tumor"
11423,22793,"tumor"
10915,21052,"tumor"
15451,16113,"partially atrophic changes"
4860,23093,"tumor"
13166,6977,NA
20504,18426,"stroma"
13929,11183,NA
20254,20313,"stroma"
18983,14657,"stroma"
22022,21035,"stroma"
18719,6968,"partially atrophic changes"
10158,21199,"tumor"
8889,16703,"tumor"
3839,15550,"tumor"
22270,17698,"stroma"
15444,11471,NA
22528,21615,"stroma"
6869,16416,"tumor"
11396,5093,"tumor"
13441,21919,NA
14955,21336,NA
9901,17862,"tumor"
6608,10469,"tumor"
11419,20181,"tumor"
9147,20040,"tumor"
9148,20620,"tumor"
16193,6102,"partially atrophic changes"
19995,15816,"stroma"
13688,18292,NA
11423,23083,"tumor"
11926,21631,"tumor"
20247,15961,"stroma"
15446,12341,"partially atrophic changes"
21250,11026,"stroma"
12159,8719,"tumor"
14190,16260,NA
7124,17722,"tumor"
21770,21471,"stroma"
10136,6691,NA
16962,13209,"partially atrophic changes"
20237,8997,"stroma"
15709,19159,"partially atrophic changes"
15195,13357,"partially atrophic changes"
19492,17267,"stroma"
6873,19028,"tumor"
15948,10889,"partially atrophic changes"
7371,14094,"tumor"
20495,12914,"stroma"
8130,15399,"tumor"
16977,23074,NA
23012,7687,"stroma"
14432,10021,NA
13686,17421,NA
14940,11471,NA
7107,6696,"tumor"
6620,18593,"tumor"
21260,17990,"stroma"
15192,11326,NA
12932,19599,NA
5346,10906,"tumor"
8884,13221,"tumor"
14191,17130,NA
12417,12636,"tumor"
13164,6106,NA
15460,21916,NA
7627,16850,"tumor"
15189,9295,NA
17973,14368,NA
8123,10756,"tumor"
13190,23225,NA
18467,7404,"partially atrophic changes"
17462,10597,"partially atrophic changes"
16449,7987,"partially atrophic changes"
20990,6530,NA
12658,5237,NA
4091,15115,"tumor"
13924,7991,NA
4098,19757,"tumor"
21513,18425,"stroma"
21756,11896,"stroma"
15186,7264,"partially atrophic changes"
11152,10752,NA
16445,5376,"partially atrophic changes"
18220,11031,"partially atrophic changes"
5863,18449,"tumor"
17482,23364,NA
15200,16549,"partially atrophic changes"
11671,20326,NA
14432,9731,NA
10403,16411,"tumor"
14705,23513,NA
18481,16108,NA
5094,11051,"tumor"
20997,11172,"stroma"
4854,19321,"tumor"
17471,16110,"partially atrophic changes"
6121,22075,"tumor"
12171,17134,NA
7610,5534,"tumor"
14189,15970,NA
16210,17127,"partially atrophic changes"
17723,15674,NA
14702,21192,NA
19237,15382,"stroma"
12936,21920,NA
22277,22631,"stroma"
11398,6834,NA
13170,9878,NA
21520,22487,"stroma"
15702,14807,"partially atrophic changes"
14689,12487,"partially atrophic changes"
5606,15983,"tumor"
20752,15960,"stroma"
11420,21052,"tumor"
17457,7115,"partially atrophic changes"
9654,21780,"tumor"
15952,13211,"partially atrophic changes"
21768,20020,"stroma"
5350,13517,"tumor"
4599,17435,"tumor"
9380,7708,NA
9376,5097,"tumor"
4851,17290,"tumor"
11908,10025,NA
12176,20325,NA
8126,12787,"tumor"
18743,22346,"stroma"
21502,11171,"stroma"
21247,8995,"stroma"
13174,12780,"tumor"
20004,21619,"stroma"
14954,21046,NA
11925,20761,NA
9150,22361,"tumor"
7621,12498,"tumor"
14434,10892,NA
16966,16401,"partially atrophic changes"
9892,12059,"tumor"
19501,23361,"stroma"
22254,7253,"stroma"
14199,22353,NA
17228,22348,NA
8897,21926,"tumor"
7883,19026,"tumor"
11920,17859,NA
12921,12345,"tumor"
17720,14224,NA
7620,11918,"tumor"
6878,22219,"tumor"
19753,22635,"stroma"
15954,14371,"partially atrophic changes"
9378,6257,NA
19245,20895,"stroma"
13674,9007,NA
10144,12204,"tumor"
21261,18570,"stroma"
13936,15535,NA
22251,5512,NA
11409,13508,NA
14443,16695,NA
6859,9743,"tumor"
4858,21932,"tumor"
16711,14515,"partially atrophic changes"
19746,18283,"stroma"
17215,13644,"partially atrophic changes"
20492,10592,"stroma"
17202,5520,"partially atrophic changes"
17462,10307,"partially atrophic changes"
8369,6839,NA
13946,22208,NA
6357,11775,"tumor"
19737,12189,"partially atrophic changes"
10910,17861,"tumor"
8136,19171,"tumor"
3839,15841,"tumor"
9908,22505,"tumor"
9635,9303,NA
6622,20044,"tumor"
19754,23505,"stroma"
21754,10736,"stroma"
9132,10175,"tumor"
10894,7415,NA
19734,10448,"stroma"
13431,15246,NA
17712,8711,"partially atrophic changes"
6106,12210,"tumor"
12175,19745,NA
18992,20460,NA
10645,9302,NA
9889,10028,NA
11167,20617,"tumor"
14688,12197,"partially atrophic changes"
8625,9015,"tumor"
21747,6093,NA
19730,7837,"partially atrophic changes"
12662,7848,NA
7382,21638,"tumor"
20236,8707,"stroma"
7871,10902,"tumor"
10149,15396,"tumor"
19489,15236,"stroma"
15204,19160,NA
18232,18865,"partially atrophic changes"
12409,7703,NA
5106,19175,"tumor"
15443,10890,"partially atrophic changes"
17461,9727,"partially atrophic changes"
21268,23213,"stroma"
22003,8559,"stroma"
17223,18867,"partially atrophic changes"
8134,18300,"tumor"
8886,14382,"tumor"
21258,16249,"stroma"
16453,10599,"partially atrophic changes"
10413,23084,"tumor"
19226,8128,"partially atrophic changes"
10657,17136,"tumor"
8125,11917,"tumor"
16724,23220,NA
3847,20773,"tumor"
10154,18587,"tumor"
10137,7562,NA
22508,8558,"stroma"
19496,19879,"stroma"
6354,9744,"tumor"
14449,20757,NA
20258,22634,"stroma"
21746,5803,NA
8137,20331,"tumor"
13920,5090,NA
4093,16856,"tumor"
22780,21179,"stroma"
14183,12198,"partially atrophic changes"
21009,18716,"stroma"
11654,9010,"tumor"
10160,22069,"tumor"
21766,18279,"stroma"
13933,13794,"tumor"
14933,7119,"partially atrophic changes"
8115,5534,"tumor"
9630,5822,NA
17481,22783,NA
13680,13069,NA
18730,13932,"partially atrophic changes"
17725,17125,"partially atrophic changes"
16203,12485,"partially atrophic changes"
6614,14531,"tumor"
20996,10301,"stroma"
15967,23076,NA
20259,23504,"stroma"
20756,18571,"stroma"
12175,19165,NA
15701,14517,"partially atrophic changes"
14937,10021,NA
18729,13352,"partially atrophic changes"
16712,15096,"partially atrophic changes"
18478,14077,"partially atrophic changes"
13920,5380,NA
7874,13223,"tumor"
20237,9287,"stroma"
20510,22779,"stroma"
10896,8286,NA
16198,9293,"partially atrophic changes"
11660,12782,"tumor"
15447,12921,"partially atrophic changes"
14944,14663,NA
12667,10749,"tumor"
4604,20917,"tumor"
12666,10169,NA
13933,13504,"tumor"
17966,10016,"partially atrophic changes"
15210,23512,NA
17720,13643,NA
12429,20180,NA
19246,21475,"stroma"
22253,6963,"stroma"
22781,22050,"stroma"
20993,8561,"stroma"
21257,15669,"stroma"
19751,21764,"stroma"
9142,17138,"tumor"
22017,17844,"stroma"
19749,20023,"stroma"
19483,11174,NA
12433,23371,"tumor"
9131,9884,"tumor"
21258,16829,"stroma"
13927,9732,NA
21764,17409,"stroma"
22025,22776,"stroma"
19986,10303,"stroma"
12914,7412,NA
22017,17554,"stroma"
9142,16848,"tumor"
18741,21186,"partially atrophic changes"
17969,11467,"partially atrophic changes"
9399,19894,"tumor"
12663,8718,"tumor"
15713,22351,NA
20507,20748,"stroma"
13182,17712,NA
11417,19021,NA
15691,7843,"partially atrophic changes"
7862,5099,NA
5102,16564,"tumor"
11666,16844,"tumor"
12913,6542,NA
20259,23214,"stroma"
19496,19589,"stroma"
6364,16127,"tumor"
19742,15671,"stroma"
11921,18149,NA
13438,20178,NA
21496,7109,NA
14936,8860,NA
7116,12789,"tumor"
11155,13073,NA
16204,12775,"partially atrophic changes"
6363,15547,"tumor"
18738,19155,"partially atrophic changes"
21249,10736,"stroma"
11905,7994,"tumor"
22277,22341,"stroma"
9382,8868,NA
22271,18569,"stroma"
4859,22512,"tumor"
20505,19297,"stroma"
22252,6092,NA
14697,18000,"partially atrophic changes"
12172,17424,NA
15206,20901,NA
17219,16255,"partially atrophic changes"
12406,5672,NA
13430,14955,NA
11156,13363,NA
16708,12484,"partially atrophic changes"
21772,22632,"stroma"
5868,21931,"tumor"
16457,13500,"partially atrophic changes"
14427,6540,"partially atrophic changes"
5104,17725,"tumor"
22276,21760,"stroma"
9648,17428,"tumor"
20508,21038,"stroma"
17709,6680,"partially atrophic changes"
20234,6966,"partially atrophic changes"
20253,19442,"stroma"
12932,19018,NA
9388,12931,"tumor"
11148,8431,NA
11923,19600,NA
19239,16542,"stroma"
11151,9881,"tumor"
13939,17566,NA
18982,13786,"partially atrophic changes"
12673,14812,NA
19729,6967,"partially atrophic changes"
9128,8143,NA
20494,12043,"stroma"
13679,12779,NA
7612,6985,"tumor"
21246,8705,"stroma"
15961,19014,"partially atrophic changes"
13928,10022,NA
22006,10300,"stroma"
9652,20039,"tumor"
16470,21914,NA
22278,22921,"stroma"
11912,12637,"tumor"
4598,17145,"tumor"
9128,7853,NA
6870,16997,"tumor"
7117,13369,"tumor"
8881,11481,"tumor"
9132,10755,"tumor"
16458,13790,"partially atrophic changes"
8375,10321,"tumor"
16471,22495,NA
18984,14947,"stroma"
8875,7709,NA
19989,11754,NA
13943,19887,NA
15689,6102,"partially atrophic changes"
12915,7993,"tumor"
22000,6818,NA
19733,9868,"stroma"
18975,9144,"partially atrophic changes"
21754,10445,"stroma"
11397,5964,NA
12932,19308,NA
9630,6112,NA
8138,20621,"tumor"
5856,14097,"tumor"
10387,5965,"tumor"
4847,14388,"tumor"
6116,18884,"tumor"
9903,19603,"tumor"
8136,19461,"tumor"
17456,6245,"partially atrophic changes"
8378,12642,"tumor"
19225,7548,"partially atrophic changes"
21254,13638,"stroma"
7369,12934,"tumor"
9396,17863,"tumor"
9640,12205,"tumor"
11401,8575,NA
14438,13793,NA
12408,6833,NA
19980,6241,NA
17962,7405,"partially atrophic changes"
20758,19442,"stroma"
11148,8140,NA
15939,5086,"partially atrophic changes"
5356,16999,"tumor"
10411,21343,"tumor"
10147,13945,"tumor"
10398,12929,"tumor"
11402,9446,NA
10666,23229,"tumor"
12923,13215,"tumor"
11913,13507,"tumor"
12923,13505,"tumor"
14196,20322,NA
20493,11463,"stroma"
8892,18444,"tumor"
11414,16990,"tumor"
17456,6535,"partially atrophic changes"
18221,11611,"partially atrophic changes"
13436,19018,NA
18215,7549,"partially atrophic changes"
12422,15827,NA
16205,13355,"partially atrophic changes"
17473,17561,"partially atrophic changes"
5098,13372,"tumor"
15947,9729,"partially atrophic changes"
12420,14377,"tumor"
12684,22065,NA
20761,21473,"stroma"
8379,13512,"tumor"
7879,16415,"tumor"
17480,22203,"partially atrophic changes"
9891,11769,"tumor"
9894,13800,"tumor"
4353,21933,"tumor"
11663,14523,NA
16193,5811,"partially atrophic changes"
21498,8560,"stroma"
22531,23356,"stroma"
21005,16395,"stroma"
18984,15237,"stroma"
17208,9292,"partially atrophic changes"
6607,10178,"tumor"
18474,11466,"partially atrophic changes"
14933,7409,"partially atrophic changes"
10145,12494,"tumor"
14437,13213,"partially atrophic changes"
16199,9583,"partially atrophic changes"
13673,8427,NA
11652,7849,NA
17983,20752,"partially atrophic changes"
12429,20760,NA
18489,21621,"partially atrophic changes"
10919,23374,"tumor"
15710,20030,"partially atrophic changes"
11396,5384,"tumor"
19739,13930,"stroma"
21519,22197,"stroma"
21267,22632,"stroma"
22526,20164,"stroma"
19242,18864,"stroma"
16708,12194,"partially atrophic changes"
17717,12192,"partially atrophic changes"
15705,16548,"partially atrophic changes"
11911,12056,"tumor"
10895,7996,NA
15195,13647,"partially atrophic changes"
11416,18440,"tumor"
16955,9147,"partially atrophic changes"
22755,5221,NA
12164,12201,"tumor"
20992,7690,"partially atrophic changes"
9639,11625,"tumor"
13429,14085,"tumor"
7125,18882,"tumor"
22021,20165,"stroma"
7630,18591,"tumor"
8368,6259,NA
11419,20471,"tumor"
15955,15532,"partially atrophic changes"
23262,6091,"stroma"
19249,23506,"stroma"
7133,23525,"tumor"
11664,15684,NA
19230,11030,NA
19749,20314,"stroma"
9882,5676,"tumor"
9380,7418,NA
5610,18014,"tumor"
10907,15540,"tumor"
11405,11187,"tumor"
10394,10028,NA
15445,12051,"partially atrophic changes"
18472,10305,"partially atrophic changes"
4597,15984,"tumor"
19501,23070,"stroma"
9382,8578,"tumor"
19992,14075,"stroma"
8121,9306,"tumor"
22505,6817,"stroma"
6867,15256,"tumor"
21008,18136,"stroma"
21512,17264,"stroma"
18218,9290,"partially atrophic changes"
23263,7251,"stroma"
8385,17284,"tumor"
23286,22339,"stroma"
5362,21061,"tumor"
12680,19454,NA
20756,18281,"stroma"
13929,10893,NA
20753,16540,"stroma"
11404,10316,NA
21255,14798,"stroma"
22022,20745,"stroma"
11666,16554,NA
13936,15245,NA
9906,21634,"tumor"
16975,21914,"partially atrophic changes"
11661,13362,"tumor"
19235,14221,NA
19981,7111,"partially atrophic changes"
8394,23378,"tumor"
5859,16128,"tumor"
9401,21055,"tumor"
22763,10154,"stroma"
10399,13799,"tumor"
13694,22064,NA
4092,15985,"tumor"
11672,20616,NA
17986,23073,NA
12418,13216,"tumor"
11406,12057,"tumor"
11928,22792,"tumor"
10654,15105,"tumor"
12413,10024,"tumor"
5850,10325,"tumor"
9645,15977,"tumor"
11169,21777,"tumor"
14947,16694,"partially atrophic changes"
10916,21633,"tumor"
20256,21764,"stroma"
18468,7694,"partially atrophic changes"
12159,9009,"tumor"
8386,17575,"tumor"
20761,21763,"stroma"
16724,22639,NA
12157,7849,"tumor"
7381,21058,"tumor"
11673,21487,"tumor"
21501,10301,"stroma"
5347,11196,"tumor"
8381,14383,"tumor"
9393,16122,"tumor"
10145,12784,"tumor"
11908,9735,"tumor"
17975,15819,NA
12424,17278,NA
17224,19447,"partially atrophic changes"
21998,5077,NA
15705,16838,"partially atrophic changes"
16459,14371,"partially atrophic changes"
7381,20768,"tumor"
10913,19312,"tumor"
4346,17000,"tumor"
18744,23507,"stroma"
20505,19007,"stroma"
16709,12774,"partially atrophic changes"
8875,7418,NA
11163,18006,"tumor"
21007,17265,"stroma"
17974,15239,"stroma"
15453,17274,"partially atrophic changes"
14182,11037,NA
15461,22496,NA
15692,8133,"partially atrophic changes"
13937,16115,NA
10393,9737,NA
11400,7995,NA
6367,17868,"tumor"
6872,18157,"tumor"
13422,9443,NA
6875,20478,"tumor"
16213,18868,"partially atrophic changes"
14173,5234,NA
7625,15109,"tumor"
21256,15089,"stroma"
17979,18430,"partially atrophic changes"
11409,14088,"tumor"
11153,11622,"tumor"
15204,19450,NA
18471,9725,"partially atrophic changes"
18215,7259,"partially atrophic changes"
22004,9429,"stroma"
22781,22340,"stroma"
13175,13070,"tumor"
18220,10451,"partially atrophic changes"
18238,22347,NA
5853,12066,"tumor"
22756,5511,NA
15704,15968,"partially atrophic changes"
19751,21184,"stroma"
7616,9597,"tumor"
6103,10469,"tumor"
22759,7832,"stroma"
6119,20915,"tumor"
12911,5381,NA
15190,10455,NA
20502,17556,"stroma"
15436,5958,"partially atrophic changes"
10387,5675,"tumor"
8633,13947,"tumor"
21494,5948,NA
18233,19445,"partially atrophic changes"
11655,9300,"tumor"
8639,18009,"tumor"
20247,15670,"stroma"
11157,14234,"tumor"
9905,20764,"tumor"
21006,16685,"stroma"
10907,15830,"tumor"
8123,11047,"tumor"
7131,22654,"tumor"
10153,17717,"tumor"
5354,16128,"tumor"
11402,9156,"tumor"
12171,16553,NA
15187,8424,"partially atrophic changes"
11917,15828,NA
21999,5658,NA
20737,5805,NA
21520,22777,"stroma"
16215,20319,"partially atrophic changes"
4355,23094,"tumor"
16195,6972,"partially atrophic changes"
4597,16275,"tumor"
18485,19010,"partially atrophic changes"
11672,20906,"tumor"
18732,15383,"stroma"
13671,7266,NA
13940,17856,NA
6360,13225,"tumor"
18216,8420,"partially atrophic changes"
6367,18158,"tumor"
7633,20912,"tumor"
5106,18885,"tumor"
20762,22343,"stroma"
10656,16265,"tumor"
7885,20477,"tumor"
21001,13203,"stroma"
6864,13225,"tumor"
3847,21063,"tumor"
13168,8718,NA
5103,16854,"tumor"
17967,10596,"partially atrophic changes"
10643,7851,NA
9385,10900,"tumor"
6122,22656,"tumor"
17220,17126,"partially atrophic changes"
15704,16258,"partially atrophic changes"
17228,22058,"partially atrophic changes"
14682,8425,NA
18235,20316,"partially atrophic changes"
16961,12919,"partially atrophic changes"
6361,14096,"tumor"
10891,5384,"tumor"
17464,11758,"partially atrophic changes"
6102,9599,"tumor"
21514,18715,"stroma"
16951,6536,"partially atrophic changes"
22528,21325,"stroma"
10641,6690,NA
18217,8710,"partially atrophic changes"
5106,18595,"tumor"
17982,20461,"partially atrophic changes"
22780,21470,"stroma"
10653,14815,"tumor"
22762,9283,"stroma"
7889,22798,"tumor"
15441,9440,"partially atrophic changes"
9638,11334,"tumor"
15954,14661,"partially atrophic changes"
11165,19456,"tumor"
14951,19305,NA
12417,12926,"tumor"
20255,20893,"stroma"
8375,10901,"tumor"
22269,17408,"stroma"
9390,14381,"tumor"
19999,18717,"stroma"
7364,10032,"tumor"
14176,7265,NA
21765,17989,"stroma"
22024,22196,"stroma"
16211,17708,"partially atrophic changes"
8889,16413,"tumor"
19242,18573,"stroma"
6873,18737,"tumor"
15207,21481,NA
16974,21333,"partially atrophic changes"
7109,8437,"tumor"
15183,5813,"partially atrophic changes"
8883,12641,"tumor"
17732,21767,"partially atrophic changes"
20240,11318,"stroma"
9132,10465,"tumor"
15708,18869,"partially atrophic changes"
17978,17270,"partially atrophic changes"
12426,18729,NA
10917,22503,"tumor"
17479,21333,"partially atrophic changes"
12432,22211,NA
12685,22936,NA
10162,23520,"tumor"
10135,5821,"tumor"
19243,19444,"stroma"
14190,16550,NA
8141,22943,"tumor"
7614,8436,"tumor"
16472,23365,NA
13443,23370,NA
12937,22790,NA
12407,5962,NA
13942,19307,NA
13928,10312,NA
6357,11484,"tumor"
5363,21641,"tumor"
11918,16699,NA
16705,10163,"partially atrophic changes"
22756,5801,NA
7862,5389,"tumor"
7619,11628,"tumor"
9144,18299,"tumor"
10140,9303,NA
15203,18580,"partially atrophic changes"
13944,20758,NA
14699,19451,NA
11922,19020,NA
13683,15390,NA
11915,14668,NA
18994,21911,"stroma"
15206,20611,NA
11916,14958,NA
20246,14800,"stroma"
9138,14527,"tumor"
22507,7978,"stroma"
12427,19309,NA
16470,21624,"partially atrophic changes"
12431,21921,NA
20484,5660,NA
18490,22492,"stroma"
5607,16563,"tumor"
6616,15691,"tumor"
12676,17133,NA
20491,10302,"stroma"
23009,5946,"stroma"
13668,5235,NA
8621,6693,NA
8115,5824,"tumor"
20501,16976,"stroma"
7887,21637,"tumor"
8142,23233,"tumor"
20494,12333,"stroma"
15711,20900,NA
14426,5669,"partially atrophic changes"
13948,23079,NA
23268,10153,"stroma"
7884,19896,"tumor"
21999,5948,NA
17708,6389,"partially atrophic changes"
13416,5380,NA
12680,19744,NA
21254,14218,"stroma"
20497,14074,"stroma"
5611,19175,"tumor"
12163,11911,"tumor"
4603,20337,"tumor"
14935,8280,NA
13184,18873,NA
15450,14952,"partially atrophic changes"
19477,7402,"partially atrophic changes"
20763,22923,"stroma"
8379,12932,"tumor"
13669,5815,NA
14193,18291,NA
5604,14242,"tumor"
7883,18736,"tumor"
14433,10602,NA
17721,14514,NA
18491,23072,"stroma"
8638,17429,"tumor"
21504,12622,"stroma"
15700,13356,"partially atrophic changes"
15191,11036,NA
11414,17280,"tumor"
22274,20310,"stroma"
15964,21335,NA
17716,11322,"partially atrophic changes"
10894,6835,NA
21252,12477,"stroma"
14430,8571,NA
10662,20618,"tumor"
10903,12928,"tumor"
7884,19606,"tumor"
22018,18424,"stroma"
10902,12348,NA
5112,22947,"tumor"
11421,21632,"tumor"
18739,20025,"partially atrophic changes"
7129,21203,"tumor"
15941,6247,"partially atrophic changes"
19989,12334,NA
11657,11041,NA
15949,11470,"partially atrophic changes"
13423,10023,NA
7869,10031,"tumor"
21261,18280,"stroma"
11409,13798,NA
19493,18138,"stroma"
7380,20187,"tumor"
6874,19608,"tumor"
5352,14678,"tumor"
8117,6984,"tumor"
14430,8280,NA
13425,11764,"partially atrophic changes"
14429,7700,NA
14428,7410,NA
9898,15831,"tumor"
7636,22653,"tumor"
20993,7980,NA
13940,18146,NA
12677,17423,NA
4859,22222,"tumor"
8634,14818,"tumor"
4099,20338,"tumor"
20997,10592,"stroma"
11161,16845,"tumor"
14682,7845,NA
17466,12628,"partially atrophic changes"
14678,5524,"partially atrophic changes"
8888,16123,"tumor"
16713,15386,"partially atrophic changes"
4854,19031,"tumor"
9143,17718,"tumor"
22015,16393,"stroma"
15199,15968,"partially atrophic changes"
12179,22356,"tumor"
19481,10014,"stroma"
18225,14223,NA
13696,23514,NA
17730,20317,"partially atrophic changes"
7866,8000,"tumor"
8887,15253,"tumor"
16967,16981,"partially atrophic changes"
15185,6974,"partially atrophic changes"
15445,11761,"partially atrophic changes"
18976,9724,NA
16453,10889,"partially atrophic changes"
6625,21784,"tumor"
6875,19898,"tumor"
9126,6693,NA
11663,14813,NA
14200,22933,NA
10648,11043,NA
21005,16104,"stroma"
9392,15252,"tumor"
6864,12934,"tumor"
4091,15405,"tumor"
3844,18742,"tumor"
6867,14675,"tumor"
14687,11327,NA
20758,19732,"stroma"
17206,8131,"partially atrophic changes"
6603,7567,"tumor"
14442,16115,NA
5097,13082,"tumor"
21499,8850,"stroma"
23264,7832,"stroma"
4352,20772,"tumor"
15203,18870,"partially atrophic changes"
18225,13933,"partially atrophic changes"
20499,15525,"stroma"
10667,23519,"tumor"
19994,15236,"stroma"
6375,23090,"tumor"
9133,11045,"tumor"
13430,14665,NA
19479,8853,NA
19488,14656,"stroma"
9904,19893,"tumor"
13675,10168,NA
7367,11773,"tumor"
8886,14962,"tumor"
9652,20619,"tumor"
10390,7706,NA
8874,6548,NA
19491,16687,"stroma"
18468,7984,"partially atrophic changes"
13179,15681,NA
22008,11461,"stroma"
5352,14968,"tumor"
9403,22796,"tumor"
11152,11042,NA
16462,16402,"partially atrophic changes"
9395,17573,"tumor"
20496,13204,"stroma"
17478,20462,"partially atrophic changes"
5107,19466,"tumor"
14943,13502,"partially atrophic changes"
13681,13940,"tumor"
17962,6824,"partially atrophic changes"
10908,16120,"tumor"
16194,6682,"partially atrophic changes"
10394,10608,NA
17717,11902,"partially atrophic changes"
16709,13064,"partially atrophic changes"
5599,11341,"tumor"
20001,19588,"stroma"
18987,16978,NA
14428,6830,"partially atrophic changes"
7887,21928,"tumor"
8630,12497,"tumor"
9635,9013,NA
6874,19318,"tumor"
15459,20755,NA
5852,11775,"tumor"
7625,15690,"tumor"
17480,21913,"partially atrophic changes"
8383,15543,"tumor"
15707,17999,"partially atrophic changes"
21002,14073,"stroma"
7122,16561,"tumor"
21259,17410,"stroma"
6372,21350,"tumor"
21011,19876,"stroma"
8871,5097,NA
21751,8704,"stroma"
14175,6685,"partially atrophic changes"
15962,19594,"partially atrophic changes"
5857,14967,"tumor"
5603,13662,"tumor"
16966,15820,"partially atrophic changes"
22258,10445,"stroma"
22758,7252,"stroma"
14174,6105,"partially atrophic changes"
4351,20482,"tumor"
9125,5822,NA
13169,9298,NA
10390,7416,NA
10411,21634,"tumor"
10134,5240,"tumor"
16461,15821,"partially atrophic changes"
9641,13075,"tumor"
6620,18303,"tumor"
9906,21344,"tumor"
12913,7122,NA
4604,20627,"tumor"
20737,6095,NA
13428,13505,"tumor"
3841,17291,"tumor"
8898,22506,"tumor"
5094,11341,"tumor"
21518,21617,"stroma"
21763,16829,"stroma"
19498,21329,"stroma"
12425,17568,NA
12665,9879,"tumor"
11161,16555,"tumor"
10161,23230,"tumor"
6372,21059,"tumor"
6358,12355,"tumor"
14698,18580,NA
6370,19899,"tumor"
9148,20910,"tumor"
20253,19733,"stroma"
6612,13370,"tumor"
11400,7705,NA
12412,9444,"tumor"
19224,7258,"partially atrophic changes"
6611,12790,"tumor"
9140,15687,"tumor"
21012,21037,"stroma"
18730,14222,"partially atrophic changes"
3842,17581,"tumor"
17454,5084,NA
12914,7702,NA
16977,23364,NA
4340,13228,"tumor"
11163,17715,"tumor"
20244,13639,"stroma"
14956,22207,NA
17229,23219,NA
20242,12189,NA
18490,21911,NA
14425,5089,NA
9889,10318,NA
15940,5377,"partially atrophic changes"
11653,8140,NA
21773,22922,"stroma"
14949,17564,"partially atrophic changes"
10388,6256,"tumor"
12920,11474,NA
21508,14653,"stroma"
16205,13936,"partially atrophic changes"
21774,23502,"stroma"
7132,22944,"tumor"
12163,11330,"tumor"
4354,22513,"tumor"
15462,22786,NA
9899,16992,"tumor"
6112,16272,"tumor"
8379,13222,"tumor"
16217,21770,NA
6101,9019,"tumor"
5854,12646,"tumor"
10389,6836,NA
11669,18875,NA
21264,20311,"stroma"
9886,8287,"tumor"
8631,13077,"tumor"
22782,22920,"stroma"
9402,21635,"tumor"
6359,12935,"tumor"
12911,5671,NA
9884,7127,NA
21269,23503,"stroma"
15440,8859,"partially atrophic changes"
5359,19030,"tumor"
22508,8848,"stroma"
14700,19741,NA
7121,16271,"tumor"
11405,11477,"tumor"
5598,10760,"tumor"
18722,8709,"partially atrophic changes"
19998,18137,"stroma"
8383,16124,"tumor"
4848,15259,"tumor"
11411,14959,"tumor"
19490,16107,"stroma"
8129,15109,"tumor"
9893,12640,"tumor"
19498,21039,"stroma"
10407,19022,"tumor"
8879,10320,"tumor"
14195,20032,NA
12412,9154,"tumor"
8133,17430,"tumor"
9886,8578,NA
6604,8147,"tumor"
12174,18584,NA
4350,19612,"tumor"
20004,21909,"stroma"
15957,16402,"partially atrophic changes"
12409,7413,NA
12423,16408,NA
14684,9586,NA
14942,12922,"partially atrophic changes"
8644,21781,"tumor"
4343,14969,"tumor"
16963,14370,"partially atrophic changes"
7881,17575,"tumor"
15957,16692,"partially atrophic changes"
16444,5086,"partially atrophic changes"
23012,8267,"stroma"
15454,17564,"partially atrophic changes"
7109,8147,"tumor"
8878,9159,"tumor"
22250,5222,NA
23014,9138,"stroma"
9398,19314,"tumor"
11651,7269,NA
13436,18727,NA
15715,23511,NA
18472,10595,"partially atrophic changes"
19494,18718,"stroma"
12411,8864,"tumor"
15707,18289,"partially atrophic changes"
9401,21345,"tumor"
5097,12792,"tumor"
19237,15672,"stroma"
5109,20626,"tumor"
13432,15826,NA
10400,14380,"tumor"
7112,9887,"tumor"
16716,17707,"partially atrophic changes"
16953,7696,"partially atrophic changes"
10642,7561,NA
15436,6248,"partially atrophic changes"
9390,13801,"tumor"
14186,14229,"tumor"
10646,10172,NA
13433,16987,NA
5600,11631,"tumor"
10390,7996,NA
15450,15243,"partially atrophic changes"
7622,13659,"tumor"
17733,22638,NA
20511,23359,"stroma"
12675,15972,NA
8882,12061,"tumor"
7121,15981,"tumor"
13434,17567,NA
5607,16273,"tumor"
13427,12924,NA
21751,8995,"stroma"
17722,15094,"stroma"
20747,12478,"stroma"
15706,17418,"partially atrophic changes"
17728,18866,"partially atrophic changes"
13924,7411,NA
22006,10590,"stroma"
10640,6110,"tumor"
7863,5679,"tumor"
8636,15978,"tumor"
9650,18878,"tumor"
15950,11760,"partially atrophic changes"
16455,11759,"partially atrophic changes"
4092,16275,"tumor"
13692,21193,NA
7126,19462,"tumor"
19245,20605,"stroma"
23286,22049,"stroma"
4095,18016,"tumor"
15437,6828,"partially atrophic changes"
9146,19749,"tumor"
15449,14372,"partially atrophic changes"
17464,11467,"partially atrophic changes"
6876,21059,"tumor"
14198,21773,NA
15201,17709,"partially atrophic changes"
9135,12206,"tumor"
16463,17562,"partially atrophic changes"
12661,7268,NA
6605,8728,"tumor"
16964,14950,"partially atrophic changes"
9891,11479,"tumor"
6122,22946,"tumor"
10144,11624,NA
6604,7857,"tumor"
18213,6389,"partially atrophic changes"
14198,22063,NA
8894,19605,"tumor"
5612,19465,"tumor"
20989,5949,NA
7881,17865,"tumor"
8372,8580,NA
12926,15537,NA
17715,10452,"partially atrophic changes"
19247,22055,"stroma"
20750,14219,"stroma"
15714,22641,NA
6871,17577,"tumor"
11150,9301,NA
4858,21642,"tumor"
9652,20329,"tumor"
12425,18149,NA
21246,8415,"stroma"
5356,17289,"tumor"
9383,9739,NA
9386,11480,"tumor"
11170,22648,"tumor"
20748,13058,"stroma"
22001,7108,"stroma"
16968,17271,"partially atrophic changes"
16207,15096,"partially atrophic changes"
12157,7559,NA
13938,16696,NA
10914,20472,"tumor"
8874,6838,NA
8374,10031,"tumor"
8128,13948,"tumor"
16214,19739,"partially atrophic changes"
4343,15259,"tumor"
4094,17436,"tumor"
15696,11035,"partially atrophic changes"
13944,21048,NA
16956,9727,"partially atrophic changes"
9141,16558,"tumor"
9636,10174,NA
11397,6254,NA
9904,20184,"tumor"
21015,22488,"stroma"
7127,20043,"tumor"
8624,8144,NA
11912,12346,"tumor"
19476,6822,"partially atrophic changes"
12422,16118,NA
15942,6537,"partially atrophic changes"
13689,19162,NA
15709,19449,"partially atrophic changes"
14937,9730,NA
19996,16686,"stroma"
9898,16412,"tumor"
16452,10018,"partially atrophic changes"
6106,12500,"tumor"
14195,19742,NA
14686,11036,NA
15458,20175,NA
14938,10601,NA
14955,21917,NA
13441,22209,NA
5610,18304,"tumor"
4606,22368,"tumor"
13694,22354,NA
10664,21778,"tumor"
11154,11912,"tumor"
21500,10011,"stroma"
9901,18153,"tumor"
15947,10019,"partially atrophic changes"
10646,9882,NA
21508,14943,"stroma"
9137,13656,"tumor"
3846,20483,"tumor"
14180,10167,NA
14955,21627,NA
17459,8566,"partially atrophic changes"
12918,10024,NA
19477,7692,"partially atrophic changes"
19491,16397,"stroma"
6621,19173,"tumor"
21245,8125,"stroma"
21011,20167,"stroma"
9377,5677,NA
21263,19731,"stroma"
17212,11613,"partially atrophic changes"
4342,14679,"tumor"
10138,7852,"tumor"
16706,11033,"partially atrophic changes"
7378,19027,"tumor"
21259,17120,"stroma"
20759,20602,"stroma"
9392,15542,"tumor"
8632,13367,"tumor"
12166,13362,"tumor"
9381,7998,NA
5860,16418,"tumor"
16450,8568,"partially atrophic changes"
14179,9296,NA
16720,20318,"partially atrophic changes"
5852,11485,"tumor"
15951,12630,"partially atrophic changes"
6360,13806,"tumor"
8126,13078,"tumor"
8119,8145,"tumor"
7880,16995,"tumor"
12685,22646,NA
20256,21473,"stroma"
9637,10464,NA
21002,14364,"stroma"
10906,15249,"tumor"
16721,20899,"partially atrophic changes"
11413,16119,"tumor"
7637,23234,"tumor"
12179,22066,NA
15950,12050,"partially atrophic changes"
5364,22802,"tumor"
13695,23224,NA
17207,8421,"partially atrophic changes"
4352,21062,"tumor"
15442,9730,"partially atrophic changes"
10656,16846,"tumor"
12670,13071,"tumor"
16697,5230,"partially atrophic changes"
6868,15836,"tumor"
17203,5810,"partially atrophic changes"
9389,13511,"tumor"
14680,6974,"partially atrophic changes"
21265,21182,"stroma"
18985,15817,"stroma"
23010,6817,"stroma"
8380,13803,"tumor"
16451,9148,"partially atrophic changes"
9909,23375,"tumor"
19747,18863,"stroma"
17972,13788,NA
16710,13645,"partially atrophic changes"
9386,11190,"tumor"
9895,14381,"tumor"
9125,5532,NA
23014,9428,"stroma"
11665,16264,NA
18473,11176,"partially atrophic changes"
18975,9434,NA
15188,9005,NA
5601,12501,"tumor"
