spot,x,y,cluster_3
AAACAAGTATCTCCCA-1,19934,16265,1
AAACACCAATAACTGC-1,7893,18526,0
AAACAGAGCGACTCCT-1,18782,7178,0
AAACAGCTTTCAGAAG-1,6446,14487,0
AAACAGGGTCTATATT-1,7025,15497,0
AAACCGGGTAGGTACC-1,9202,14237,0
AAACCGTTCGTCCAGG-1,11230,16762,0
AAACCTAAGCAGCCGG-1,17175,20049,0
AAACCTCATGAAGTTG-1,7898,12973,0
AAACGAGACGGTTGAT-1,16601,12477,0
AAACGGTTGCGAACTG-1,13693,20551,1
AAACTCGGTTCGCAAT-1,15289,20300,1
AAACTGCTGGCTCCAA-1,14858,14999,1
AAACTTGCAAACGTAT-1,7896,14993,0
AAAGACCCAAGTCGCG-1,12110,6163,2
AAAGACTGGGCGCTTT-1,7319,10954,0
AAAGGCTACGGACCAT-1,12969,19288,1
AAAGGGATGTAGCAAG-1,14138,9698,0
AAAGGGCAGCTTGAAT-1,8916,9693,0
AAAGTAGCATTGCTCA-1,9055,16508,2
AAAGTCACTGATGTAA-1,12691,6163,0
AAAGTCGACCCTCAGT-1,7317,12973,0
AAAGTGTGATTTATCT-1,18775,14750,2
AAAGTTGACTCCCGTA-1,19066,14246,2
AAATAACCATACGGGA-1,17912,7177,1
AAATACCTATAAGCAT-1,15148,15504,1
AAATCCGATACACGCC-1,17755,20049,0
AAATCGTGTACCACAA-1,13263,14745,1
AAATCTAGCCCTGCTA-1,19788,17023,1
AAATGCTCGTTACGTT-1,8628,7674,0
AAATGGCATGTCTTGT-1,15156,6923,1
AAATGGCCCGTGCCCT-1,7605,16002,0
AAATGGTCAATGTGCC-1,12540,11968,1
AAATTAACGGGTAGCT-1,13555,12221,1
AAATTACACGACTCTG-1,17621,7177,1
AAATTACCTATCGATG-1,18779,10207,0
AAATTGATAGTCCTTT-1,9634,17518,2
AAATTTGCGGGTGTGG-1,9926,15499,0
AACAACTGGTAGTTGC-1,11236,10705,0
AACAATACATTGTCGA-1,10503,19033,2
AACAATTACTCTACGC-1,8770,10955,0
AACACACGCTCGCCGC-1,18628,16517,2
AACACGACTGTACTGA-1,14576,5912,0
AACACGAGACGCGGCC-1,8186,14993,0
AACAGCTGTGTGGCAA-1,9633,18528,2
AACAGGAAATCGAATA-1,14865,7427,1
AACAGGATGGGCCGCG-1,9640,10956,0
AACAGGTAGTATGGAT-1,21530,16015,1
AACATATCAACTGGTG-1,19504,10460,2
AACATTGTGACTCGAG-1,12678,19792,1
AACCAAGACTTCTCTG-1,8623,12722,0
AACCATGGGATCGCTA-1,9498,7170,1
AACCCAGAGACGGAGA-1,10804,7423,0
AACCCGACAACCCGTG-1,11372,20548,0
AACCCTACTGTCAATA-1,19066,13741,0
AACCCTGGTGGAACCA-1,15302,5661,0
AACCGAGCTTGGTCAT-1,15298,9699,0
AACCGCTAAGGGATGC-1,18485,15255,2
AACCGTTGTGTTTGCT-1,14431,6670,0
AACCTCGCTTTAGCCC-1,17030,19292,0
AACCTTTAAATACGGT-1,15001,17271,0
AACCTTTACGACGTCT-1,18491,7683,1
AACGATAATGCCGTAG-1,15727,17019,1
AACGATAGAAGGGCCG-1,12834,7425,1
AACGATATGTCAACTG-1,16169,9700,1
AACGCATGATCTGGGT-1,20231,8694,0
AACGCGACCTTGGGCG-1,12823,20550,1
AACGCGGTCTCCAGCC-1,14573,9446,0
AACGCTGTTGCTGAAA-1,18773,17274,2
AACGGACGTACGTATA-1,18484,16264,2
AACGGCCATCTCCGGT-1,10796,15500,0
AACGTACTGTGGGTAC-1,11231,15753,0
AACGTCAGACTAGTGG-1,10947,9695,0
AACGTGATGAAGGACA-1,17187,5915,0
AACGTGCGAAAGTCTC-1,15876,12728,1
AACTACCCGTTTGTCA-1,21530,15510,1
AACTAGGCTTGGGTGT-1,13986,17522,0
AACTCAAGTTAATTGC-1,11524,13229,1
AACTCCAGAGCGTGTT-1,18481,18788,0
AACTCTCAATAGAGCG-1,18632,12478,1
AACTCTCAGTGTGCTC-1,11085,17015,0
AACTGATATTAGGCCT-1,14720,7679,1
AACTGGGTCCCGACGT-1,14719,8689,1
AACTTGCCCGTATGCA-1,9060,10955,0
AAGACCCAACTGAACA-1,12969,18783,1
AAGACTGCAAGCTACT-1,15005,12728,2
AAGAGATGAATCGGTA-1,9060,10451,0
AAGAGCTCTTTATCGG-1,16311,12476,0
AAGAGGATGTACGCGA-1,9348,13480,1
AAGAGGCATGGATCGC-1,16746,12729,0
AAGATTGGCGGAACGT-1,18199,10206,0
AAGCACCCTGCGTATC-1,15726,18533,1
AAGCATACTCTCCTGA-1,15147,17018,0
AAGCCGAAGCGGTTTA-1,20660,16014,0
AAGCGCAGGGCTTTGA-1,15724,20552,0
AAGCGTCCCTCATCGA-1,10214,18023,2
AAGCTAGATCGAGTAA-1,15002,16261,0
AAGCTCGTGCCAAGTC-1,15731,12476,1
AAGCTCTTTCATGGTG-1,16886,18029,2
AAGGAGCGGTTGGTGC-1,12106,10706,1
AAGGATCGATCGCTTG-1,20952,13490,1
AAGGATGAGGGACCTC-1,17764,10458,0
AAGGCGCGTAAAGCTT-1,10657,9695,0
AAGGCTGTGCTCATCG-1,11816,11210,1
AAGGGACAGATTCTGT-1,18489,10207,0
AAGGGACTATGCATTC-1,8908,18779,2
AAGGTATCCTAATATA-1,16894,9953,1
AAGGTGATAAACCAGC-1,18485,14750,2
AAGTAGAAGACCGGGT-1,11963,8434,0
AAGTAGTGACGCGAGG-1,9639,11965,1
AAGTCAATTGTCGTCA-1,19790,15003,2
AAGTGACGACCGAATT-1,8767,13984,0
AAGTGAGTCGGGTTTA-1,12099,19287,1
AAGTGCCTTGACTGTA-1,20226,14751,0
AAGTGCGTTAGAATCT-1,9055,16003,0
AAGTGTTTGGAGACGG-1,16743,16767,1
AAGTTCACTCCAAGCT-1,17467,18030,1
AAGTTCAGTCTGCGTA-1,20232,8189,0
AAGTTCGGCCAACAGG-1,10071,15247,0
AAGTTTATGGGCCCAA-1,15288,20804,0
AATAACAACGCTCGGC-1,9493,12723,1
AATAACACTAGAACAA-1,10650,16762,0
AATACCGGAGGGCTGT-1,10502,20548,0
AATAGAACAGAGTGGC-1,11811,16763,0
AATAGAATCTGTTTCA-1,17614,15759,2
AATATCAAGGTCGGAT-1,11240,5657,0
AATATCGAATCAATGC-1,20950,16014,0
AATATCGAGGGTTCTC-1,19794,10460,2
AATATTGGAGTATTGA-1,8333,12721,0
AATCATGTAAAGACTC-1,19353,17275,2
AATCCAAGGGCCTGAG-1,11965,6920,1
AATCGCCTCAGCGCCA-1,16600,13486,0
AATCGCGCAGAGGACT-1,21677,14248,1
AATCGGGACACTACGA-1,13851,5659,0
AATCGTGAGCCGAGCA-1,17174,20554,0
AATCTAGGTTTACTTG-1,7459,16759,0
AATCTATGCCGGAGCC-1,21100,10209,0
AATCTCTACTGTGGTT-1,6592,13225,0
AATCTGCGTTGGGACG-1,18488,11721,2
AATCTGGCTTTCTAGT-1,7314,16506,0
AATGACAGCAATGTCT-1,9491,15751,0
AATGACGTAGGATGTC-1,16454,14748,0
AATGACTGTCAGCCGG-1,11962,9444,0
AATGATGATACGCTAT-1,18635,9450,0
AATGATGCGACTCCTG-1,19795,9956,0
AATGCAACCGGGTACC-1,13703,9950,0
AATGCACCAAGCAATG-1,19216,8441,0
AATGGTCCACCGTTCA-1,7464,11206,0
AATGGTTCTCACAAGC-1,10223,8433,1
AATGTGCCCGAGGTGT-1,9054,17518,2
AATTAAAGGTCGGCGT-1,12394,13735,1
AATTAGCGCTGCAGCG-1,14277,16513,0
AATTCATAAGGGATCT-1,18345,9449,1
AATTCCAAGCATGTAC-1,13548,20298,1
AATTCGATTCGAGGAT-1,16159,20300,0
AATTCTAGAGTTAGGC-1,14277,16008,1
AATTGAACGCTCTGGT-1,17179,15001,2
AATTTGGGACATAGTA-1,18347,6925,1
AATTTGGTTCCAAAGA-1,14866,6418,2
ACAAATCGCACCGAAT-1,17033,16263,1
ACAAATGGTAGTGTTT-1,17325,14749,2
ACAACAGCATGAGCTA-1,15587,11718,0
ACAACGGTCCCTGCGA-1,9497,9189,0
ACAAGCAGTGCCTAGC-1,8915,11208,0
ACAAGGAAATCCGCCC-1,16018,16010,0
ACAAGGACAAGAGGTT-1,10510,10957,0
ACAAGGATGCTTTAGG-1,17756,19040,0
ACAAGGGCAGGCTCTG-1,16164,14748,1
ACAATAGTCGTACGTT-1,8042,14236,0
ACAATCCATTTAAACC-1,9784,12723,1
ACAATGAATACGGAGA-1,9634,18023,1
ACAATTGTGTCTCTTT-1,19209,16517,2
ACAATTTGAGCAGTGG-1,17038,10710,0
ACACAAAGACGGGTGG-1,13268,9697,0
ACACACCAGGACCAGT-1,18195,14750,2
ACACACTTTCTACACG-1,14430,7174,1
ACACCCAGCATGCAGC-1,12397,9696,0
ACACCCGAGAAATCCG-1,10803,8433,1
ACACCTTAAGTAGGGC-1,11382,9948,0
ACACCTTACTACTTGC-1,21242,13995,1
ACACGAGACTCCTTCT-1,15442,11466,0
ACACGGGAACTTAGGG-1,15443,10456,0
ACACTGATCAAGGTGT-1,12101,16763,0
ACAGAACTGAGAACAA-1,8619,16760,0
ACAGATTAGGTTAGTG-1,13417,5407,0
ACAGCATAGAGCCAGT-1,13561,6164,0
ACAGCGACATTCTCAT-1,19497,18537,0
ACAGCGCACCCGCAGC-1,16752,6167,1
ACAGGTGGAGGTGAGG-1,10796,16510,0
ACAGTAATACAACTTG-1,7170,15244,0
ACATAATAAGGCGGTG-1,14284,8941,1
ACATCAGCTGGGACGC-1,6883,11711,0
ACATCCCGGCCATACG-1,13406,17522,1
ACATCCTGGTAACTGT-1,19936,14246,0
ACATCGATCGTTTACC-1,14134,14241,0
ACATCGGTCAGCCGCG-1,10508,13985,1
ACATCGTATGCAATGG-1,16889,15001,0
ACATCGTTAACCTAGT-1,16027,5914,0
ACATGGCGCCAAAGTA-1,20227,13742,1
ACATTAGTTTATATCC-1,13987,16512,0
ACCAACGCTTATTTAT-1,12246,17016,0
ACCAAGAACGCGTGTC-1,12254,7930,1
ACCAATATGCAAGTTA-1,16451,17777,1
ACCACAAGTTTCTATC-1,12976,11211,1
ACCACCAATGTAACAA-1,20661,13995,0
ACCACGTGCAGCTATA-1,16163,15757,0
ACCAGTGCGGGAGACG-1,18774,15760,2
ACCATATCCGCAATAA-1,13264,13231,2
ACCATCCGCCAACTAG-1,6881,14739,0
ACCATCGTATATGGTA-1,11233,14238,1
ACCCAACGCCCGTGGC-1,17618,11216,1
ACCCACCTACATGCTC-1,8771,9946,0
ACCCATTTGTCCCTCT-1,19642,18789,0
ACCCGAGCGAAATTAC-1,9343,19032,0
ACCCGGAAACTCCCAG-1,14566,18027,1
ACCCGGATGACGCATC-1,19647,13236,1
ACCCGGTTACACTTCC-1,12103,14239,1
ACCCGTGTCATCAGTA-1,12970,18278,1
ACCCTCCCTTGCTATT-1,17324,15758,0
ACCCTTCATCTGCGAA-1,14576,6922,1
ACCGAAAGGGCCCTGC-1,12836,5911,0
ACCGACTGAGTCCCAC-1,14717,10708,0
ACCGATGGTAGCATCG-1,18487,12731,0
ACCGCGGTGGAAGTCG-1,20516,14752,1
ACCGGGCCTTTGTTGA-1,19355,15255,2
ACCTAAGTACCTTTCA-1,9490,16256,0
ACCTAATCGACTTCCT-1,9494,11713,0
ACCTACAGTATGTGGT-1,21532,13995,1
ACCTACTATAAATCTA-1,13548,20803,0
ACCTCCGTTATTCACC-1,21388,12228,0
ACCTGCGTGTCATGTT-1,7751,15245,0
ACGAAATGGGCGGCAC-1,8624,11712,0
ACGACTGGTCATACTC-1,10067,19790,0
ACGAGATATTTGCTTA-1,16897,5915,0
ACGAGGATACCACTCT-1,7750,16254,0
ACGAGTACGGATGCCC-1,20229,10713,2
ACGATACATAGAACTA-1,16749,9196,1
ACGATCATACATAGAG-1,14283,9951,0
ACGATCATCTTGTAAA-1,19937,12732,2
ACGATGCATATGTTAT-1,11379,12977,1
ACGATGGATCCGATGC-1,15302,6166,2
ACGCAATCACTACAGC-1,20955,9957,0
ACGCATACGTTTACTA-1,19933,17780,1
ACGCATTCGTGAGTAC-1,13991,11969,1
ACGCCAGATGATTTCT-1,15735,7933,1
ACGCCGCTAGACGACC-1,15439,14495,1
ACGCGAAGTCAGACGA-1,13697,16007,0
ACGCGCTACACAGGGT-1,9637,13985,1
ACGCGGGCCAAGGACA-1,14136,12222,1
ACGCTAGTGATACACT-1,19649,10713,2
ACGCTGTGAGGCGTAG-1,7027,13477,0
ACGGAATTTAGCAAAT-1,9063,7422,0
ACGGACTCTCAAAGCG-1,16015,19038,1
ACGGATGGTGCGGATA-1,16596,18029,2
ACGGCACTTGCTTGGG-1,13841,16765,0
ACGGCCAACATGGACT-1,13116,17017,0
ACGGCGACGATGGGAA-1,16308,16010,0
ACGGGAGTGTCGGCCC-1,8766,15498,0
ACGTACAGATTTCTCT-1,14721,6165,0
ACGTAGATTGCTGATG-1,14861,11970,2
ACGTATTACTCCGATC-1,19211,13993,0
ACGTGCGCCTCGTGCA-1,14285,7931,1
ACGTTAATGTCGAAGA-1,15149,13990,0
ACGTTAGATTTGCCCG-1,10798,13481,2
ACGTTCCGCGCTCCGT-1,12981,5659,0
ACGTTCGCAATCAATT-1,21534,11976,0
ACGTTCGTTCAGGAAA-1,11519,18782,2
ACGTTTAGTTGTGATC-1,15011,7175,1
ACTACCAGCTCTCTGG-1,11092,9948,0
ACTACGCGTTAGAATT-1,13259,18783,1
ACTAGTTGCGATCGTC-1,20224,16266,1
ACTATTCGTCCGTGGT-1,15881,7176,1
ACTATTTCCGGGCCCA-1,11084,18529,2
ACTCAAGTGCAAGGCT-1,17611,18787,0
ACTCAATAAAGGCACG-1,15153,9951,0
ACTCAGACCTGCTTCT-1,11385,5910,0
ACTCCAATATCATCAT-1,9342,19537,0
ACTCCCATTCCTAAAG-1,7605,15497,0
ACTCCCGAATTCGTTT-1,20228,11723,1
ACTCCCTAATGCTAAA-1,15146,18028,1
ACTCCCTAGAATAGTA-1,15293,15756,1
ACTCGTAACCCGTCCT-1,8475,16003,0
ACTCGTCAGTAATCCC-1,16456,12729,0
ACTCTCTGACTTAGGT-1,16455,14243,1
ACTCTTGTATAGTAAC-1,15296,12728,2
ACTGAAACGCCGTTAG-1,18627,18031,0
ACTGAATGGCGAAAGT-1,17179,15506,2
ACTGCCGTCGTAACTC-1,15300,7680,1
ACTGTACGATACACAT-1,16457,11214,0
ACTGTAGCACTTTGGA-1,10801,10452,0
ACTGTATACGCGAGCA-1,10370,6161,0
ACTGTCCAGGATTATA-1,13120,11969,1
ACTGTCTTCTTTAGAA-1,14427,11213,1
ACTGTGCTAGTAGATC-1,9644,6918,1
ACTTAGTACGACAAGA-1,9789,7170,1
ACTTATACTTACCCGG-1,18197,12730,0
ACTTATTAGGATCGGT-1,12684,13230,1
ACTTATTTATGTGCCA-1,18194,15254,2
ACTTCCATGCGGGACA-1,17466,19040,0
ACTTCGCCATACGCAC-1,16023,10457,0
ACTTGACTCCCTCTTT-1,15584,14242,0
ACTTGGGACCCGGTGG-1,12251,10958,1
ACTTGTAGTCCCTTCA-1,6591,14739,0
ACTTGTGGATGGAACG-1,20804,16771,2
ACTTTACCCTCATGAA-1,20518,11723,2
ACTTTCCTATAGCTTC-1,14137,10708,0
ACTTTGACTGCATCCT-1,6737,13477,0
AGAACGTGGTACATTC-1,15733,10457,0
AGAAGAGCGCCGTTCC-1,17906,13235,1
AGAAGGTACACTTCAC-1,7169,16759,0
AGAAGGTTGCCGAATT-1,11523,14239,1
AGAAGGTTGTAGGTCG-1,16450,19796,1
AGAAGTGATTCGTGAT-1,9201,15751,0
AGAATAAATCTTCAGG-1,6737,12972,0
AGAATTATGGATTCGA-1,19358,11722,2
AGAATTGTTTGACATA-1,8482,7926,0
AGACCATGGGATACAA-1,9207,9189,0
AGACCCACCGCTGATC-1,14567,16008,1
AGACCCGCCCTCCTCG-1,13267,10202,0
AGACCGGGAAACCCTG-1,7607,13983,0
AGACGAAGTGCCGGTC-1,19209,16012,2
AGACGACGATGCCGCT-1,9925,17014,2
AGACTAGCCTTCCAGA-1,11816,10705,0
AGACTGTTACCGGGTC-1,11663,19539,1
AGAGAACCGTCTAGGA-1,17909,10206,0
AGAGAAGGAGTACAAT-1,10069,18276,2
AGAGATCTCTAAAGCG-1,7752,13731,0
AGAGCAGTTATGAGAC-1,7899,10954,0
AGAGCGGGCTAATCAT-1,14430,7679,1
AGAGCGTACAAGCTCG-1,9206,9694,0
AGAGGCTTCGGAAACC-1,19789,16518,1
AGAGTAAACTTCACTA-1,20515,15761,0
AGATAACTTCAGGGCC-1,11525,11715,1
AGATACGACTTCATAT-1,10224,7423,0
AGATACTCAAGATCGA-1,17034,15253,0
AGATATAATACGACTA-1,15579,19795,1
AGATCGTGCATAAGAT-1,19215,8945,0
AGATCTCAGGTGTGAT-1,16022,10962,0
AGATGACTCGCCCACG-1,13123,8940,1
AGATGATGGAGTCTGG-1,20518,12228,1
AGATGCAAGACGTGCA-1,8618,18274,2
AGATTATAGGACGTTT-1,12975,12726,2
AGATTCACAACCGATA-1,7024,17011,0
AGCAAAGGCCGCTAGT-1,15580,18785,1
AGCAACATATCTTATT-1,18631,13993,2
AGCAACCGAAAGTAAT-1,8038,17769,0
AGCACCAGTACTCACG-1,14572,10456,2
AGCACTACCGGCCTGT-1,8043,12216,0
AGCACTACCTCACCAG-1,16887,17020,0
AGCACTTAAGGACGCC-1,10220,11461,0
AGCAGAAGGAGAAAGA-1,14999,19795,1
AGCATATCAATATGCT-1,18919,16517,2
AGCATCATTTCGAAAG-1,7894,17012,0
AGCATCGTCGATAATT-1,12688,9192,0
AGCCAAGCTTTGTGTC-1,13549,19793,1
AGCCACAGGTTACCCG-1,18045,19545,2
AGCCACTCCCGTGCTT-1,16894,9448,1
AGCCCATACATGTAAG-1,8912,14236,0
AGCCCGCAACAAGCAG-1,12967,20802,0
AGCCCGGTAGCCTGTA-1,12244,19035,1
AGCCCTAAGCGAAGTT-1,14575,7427,1
AGCCCTTCTAATCCGA-1,20087,7937,0
AGCCGTGGCTAAATGT-1,8330,16255,0
AGCCTAATACCCACGT-1,7169,16254,0
AGCGACAGGAACGGTC-1,10505,16509,2
AGCGACATCCCATTCA-1,13704,7931,1
AGCGACCAACGATATT-1,13122,9949,0
AGCGCGGGTGCCAATG-1,18490,9702,0
AGCGGACACTTCGTAG-1,14129,19289,1
AGCGGCGGTTAGCGGT-1,6879,16254,0
AGCGGGAAGGGTCCAT-1,10514,6918,0
AGCGGGTCTGACACTC-1,14709,20299,1
AGCGTGGTATTCTACT-1,15439,14999,1
AGCTAACAAGCAATGT-1,9923,19033,0
AGCTAAGTACGCAGGC-1,17610,19797,0
AGCTAGAAGCAGAAGT-1,19506,8946,0
AGCTATTTAATCCAAC-1,15880,7680,1
AGCTCTAGACGTTCCA-1,16165,13233,2
AGCTCTTCCCAGTGCA-1,17911,8187,1
AGCTCTTTACTCAGTT-1,11668,13986,1
AGCTGAAGTAAACCAA-1,17330,8691,1
AGCTGTAACCTCAATC-1,9199,17265,2
AGCTTGATCTTAACTT-1,8477,13984,0
AGGAAGCTGTCCGCCG-1,14565,19037,2
AGGACAGTCGAATCCC-1,17470,14496,2
AGGACATCGCACGTCG-1,10658,7676,0
AGGACGACCCATTAGA-1,11668,14491,1
AGGACGCTCGATGTTG-1,19361,8188,0
AGGAGGCCTTCGCGCG-1,19353,16770,2
AGGATAAAGTCGGGAT-1,14566,17018,0
AGGATATAGGGATTTA-1,19065,15255,2
AGGATCACGCGATCTG-1,7460,15749,0
AGGCAGATGCGTAAAC-1,17619,10206,0
AGGCAGGGAGCGTACT-1,12244,18530,1
AGGCATTGTCGTAGGG-1,19499,16013,0
AGGCCACCCGTTATGA-1,10656,10704,0
AGGCCCATTGTACAGG-1,13125,7426,0
AGGCCCTAGAACGCCA-1,8766,14993,0
AGGCCTGAGAATCTCG-1,17901,19292,0
AGGCTATGGTTAGCTT-1,9496,10199,0
AGGCTTCCCGAAGAAG-1,11231,16258,0
AGGGAAACGAGGTACT-1,18057,6925,1
AGGGACCGGCTGCGTT-1,21098,12733,0
AGGGAGACATACTTCG-1,21535,10967,0
AGGGCAGCGGCGTGGT-1,15882,5661,0
AGGGCGAGCAGCTGAT-1,8041,14740,0
AGGGCGTGATCGGCTA-1,11674,7929,1
AGGGCTGCAGTTACAG-1,14571,12475,2
AGGGTCAGAGCACTCG-1,10937,20800,0
AGGGTGCCGTTCTTTA-1,9922,20042,1
AGGGTGCTCTCGAGGG-1,18487,12226,1
AGGGTGGATAGTGCAT-1,6739,10953,0
AGGGTTCAGACGGTCC-1,11662,21053,0
AGGGTTCCCTTTGGTT-1,17908,11216,2
AGGGTTTAGTTCGGGA-1,14281,11970,1
AGGTAACCTCCTATTC-1,11094,6919,1
AGGTACGATATTGCCA-1,16171,6671,1
AGGTAGATCGAGATAT-1,10213,19538,0
AGGTAGGTACAAAGCT-1,9639,12470,1
AGGTATAATTGATAGT-1,20953,12480,0
AGGTCGCGGAGTTACT-1,20230,10208,0
AGGTGGTGACCTTCGC-1,13258,19793,1
AGGTGTATCGCCATGA-1,7608,12973,0
AGGTTGAGGCACGCTT-1,15879,9195,0
AGGTTTCACACACCTT-1,14859,13989,1
AGTAATGTCTTGCCGC-1,13850,7679,1
AGTACATCATTTATCA-1,20954,10966,0
AGTACGGCCCGTATCG-1,6738,12468,0
AGTACGGGCACCTGGC-1,16604,9953,1
AGTACTCTTATGCCCA-1,17902,17778,0
AGTAGGAAGGAAGTTG-1,19362,7684,0
AGTATAATACTAGGCA-1,9931,9947,0
AGTATGCTGGAGACCA-1,8908,18275,2
AGTATTTGGCACGACC-1,12680,18278,1
AGTCAACACCACCATC-1,11958,13987,1
AGTCAAGATGACACTT-1,18194,15759,2
AGTCACTAGCTCTCGA-1,19498,17527,2
AGTCAGCCACCGCCTG-1,9208,7674,0
AGTCCATTGGCTGATG-1,19646,14246,0
AGTCCCGCCTTTAATT-1,18636,7935,1
AGTCGACGGTCTCAAG-1,18196,13235,0
AGTCGGCCCAAACGAC-1,10801,9947,0
AGTCGGCTCAACTTTA-1,8476,15498,0
AGTCGGTTGCGTGAGA-1,21387,13743,1
AGTCGTATAAAGCAGA-1,16885,20049,0
AGTCGTCGACCACCAA-1,18337,18031,2
AGTCGTGGGCATTACG-1,9345,16508,2
AGTCTAAAGTATACTC-1,21244,10966,0
AGTCTCACAAGACTAC-1,9489,17266,2
AGTCTTCTCCTCAAAT-1,14718,9699,0
AGTCTTTAAAGTGTCC-1,16304,20553,0
AGTGAACAAACTTCTC-1,19936,14751,2
AGTGACCTACTTTACG-1,12683,14745,1
AGTGAGACTTCCAGTA-1,17762,12478,0
AGTGAGCCTCGCCGCC-1,20084,10965,1
AGTGATAACCTGCGCG-1,18046,18535,0
AGTGATATGAGTAGTT-1,12247,14997,2
AGTGATTCAAGCAGGA-1,17762,11973,1
AGTGCACGCTTAAGAA-1,19063,16769,2
AGTGCGTAGCTCGTAA-1,11232,15248,1
AGTGCTAAACACAGCA-1,18336,19040,0
AGTGCTTGCACGAATA-1,18050,13992,1
AGTGGCGGCAATTTGA-1,18780,9702,0
AGTGGCGTCTGAAGGT-1,17611,19292,0
AGTGGCTCCGTCGGCC-1,6882,13730,0
AGTGGTGTTACCCGTG-1,6445,15496,0
AGTGGTTGCGTATAGG-1,6157,12467,0
AGTGTATTGCGCATTG-1,18926,7936,0
AGTGTGGTCTATTGTG-1,8481,8936,0
AGTTAAACACTTGCGA-1,11523,13734,1
AGTTAAGCGGTCCCGG-1,16751,7681,1
AGTTAAGTCAACCGCT-1,8765,16508,0
AGTTACTCTATCGTGG-1,18056,7430,1
AGTTCCTACAGAATTA-1,12396,11211,1
AGTTCCTATTTATGTT-1,14569,14494,1
AGTTGACGGTCCTTGC-1,14274,20046,1
AGTTTCGCAGGTCGGA-1,14141,6669,0
AGTTTGCACCTGCCTC-1,15871,18281,0
AGTTTGGCACGGGTTG-1,19935,15761,0
AGTTTGGCCAGACCTA-1,9636,15499,0
ATAAACGGACCCGTAA-1,13988,15503,1
ATAAAGGCTCGGTCGT-1,12395,12220,1
ATAAATATTAGCAGCT-1,9203,13227,0
ATAACGCCGGAGGGTC-1,16891,12477,0
ATAACGGAGTCCAACG-1,16023,9952,0
ATAAGGTGGAGAACAT-1,15583,16262,0
ATAAGTAGGATTCAGA-1,20084,10461,0
ATAAGTTACCGCGACG-1,12682,15249,1
ATAATAGCTGTTGAAT-1,14278,15503,1
ATAATAGTGTAGGGAC-1,9498,8179,2
ATAATCTTGGAGAACC-1,16305,19039,1
ATAATTAGCTAAGTAG-1,14419,19794,1
ATACAGGCCCTCCAAT-1,15581,17776,1
ATACCACGGGCAACTT-1,9349,12470,0
ATACCAGGCTAATAGA-1,13126,5911,0
ATACGCCGGCGAAACC-1,16455,13738,0
ATACGGAACGTCGTTT-1,8328,17769,0
ATACGGGTTTCGATTG-1,17039,9196,1
ATACGGTGAAGATGCA-1,6738,11963,1
ATACGTACTTAGCCAC-1,16307,17524,1
ATACGTCCACTCCTGT-1,18629,15507,2
ATACTAGCATGACCCT-1,13994,8941,1
ATACTGCCTTACACCG-1,17321,18282,1
ATACTTGTTCTCGAGC-1,6594,11206,0
ATAGACAACGGGACCT-1,18489,10712,2
ATAGACGAAGAGAAAG-1,11670,11967,1
ATAGAGTACTGGGACA-1,12107,10201,0
ATAGAGTTATCAACTT-1,18634,10459,1
ATAGGCGGCTATAGAA-1,9927,14490,1
ATAGGCTAGCTTCGCA-1,19215,9955,0
ATAGGGATATCCTTGA-1,15444,8942,0
ATAGGTTGGGCAGATG-1,14427,10708,0
ATAGTGAAGCGTTCTC-1,13409,13988,1
ATAGTTCCACCCACTC-1,19937,13237,1
ATATAAAGCGCTCGTG-1,15000,18280,1
ATATAAATGTAGCTGC-1,15872,17271,1
ATATCGGTAGGGAGAT-1,21097,13238,1
ATATCGTTCCTCGAAC-1,18482,18283,0
ATATCTCCCTCGTTAA-1,17765,8439,1
ATATCTTAGGGCCTTC-1,13990,12474,1
ATATGTCTCCCTAGCC-1,19212,12479,1
ATATTCAGTTAAACCT-1,10942,14743,1
ATATTCCCACAGGTCA-1,13706,6416,0
ATATTGCTGTCAAAGT-1,9788,8180,1
ATATTTAACCCTCAAG-1,13121,11464,1
ATCAAACACTGTTCCA-1,20660,15509,0
ATCAAACGAAGGTTTG-1,9926,16004,0
ATCAATCTGGGCTGCA-1,14571,11970,2
ATCACGTGCTAATTAA-1,10362,15247,1
ATCACTTCATCCTCGC-1,14864,8941,0
ATCAGACGGCACGCCG-1,11232,14743,1
ATCAGCCTCATGCTGC-1,17757,18030,0
ATCAGCTCGTCCACTA-1,7315,16002,0
ATCAGTAGGCAGGGAT-1,17764,9449,1
ATCCAACGCAGTCATA-1,10511,9947,0
ATCCAATGGAGGGTCC-1,9057,14489,0
ATCCAATGGTACCGAA-1,6012,12719,0
ATCCACATCGACAGAA-1,15580,19290,1
ATCCAGAGCAACAACC-1,12681,16259,0
ATCCAGGATTCGTGAA-1,11813,13734,1
ATCCTACCTAAGCTCT-1,12103,14744,1
ATCCTGAATCGCTGCG-1,8913,13227,0
ATCCTGCGTGGAATGG-1,11957,14996,1
ATCGACCCAATACAGA-1,14279,14494,0
ATCGACTCTTTCCGTT-1,13993,9445,0
ATCGCACGCCGGGAGA-1,13412,9950,0
ATCGCCAGTCAACATT-1,20370,15004,1
ATCGGCAAGCAGTCCA-1,19071,8693,0
ATCGGTTACCTAGTAA-1,6303,12215,0
ATCGTTAGCTAGCGGA-1,19352,18284,0
ATCTAATATCCTACGG-1,14856,17523,0
ATCTAGCTTGTGAGGG-1,14563,20551,0
ATCTCCCTGCAATCTA-1,15590,7680,1
ATCTGACATGGAAGGA-1,11083,19539,2
ATCTGCACCTCTGCGA-1,19794,10965,2
ATCTGCTGTTATCGCC-1,13403,20550,1
ATCTGGTTAAGACTGT-1,16168,10205,0
ATCTGTAATTGTACCC-1,13415,7426,1
ATCTTGACCTGCAACG-1,11526,10200,0
ATCTTGACTTGTCCAA-1,20809,11218,0
ATGAAGCCAAGGAGCC-1,11818,9191,0
ATGACGCCGGCTCTAA-1,13560,7678,1
ATGACGCGTTCTATCC-1,9490,16761,2
ATGACTATCAGCTGTG-1,11373,19539,2
ATGACTATGCGACATT-1,17904,15759,2
ATGAGGAGTGTTAATC-1,10221,9947,0
ATGATCGGGAATAGAC-1,12979,7678,0
ATGATGCAATGGTACA-1,12393,14744,1
ATGCACTACCGCATTG-1,11671,10453,0
ATGCATGATCCAGGAT-1,14573,9951,0
ATGCCATTTGCGACCA-1,18340,14497,0
ATGCCGGTCTTGCATA-1,16022,11466,0
ATGCCGGTTGATGGGA-1,17185,8439,2
ATGCGACAGTCCCATT-1,15441,12476,1
ATGCGAGTCCCACCAC-1,20225,15761,0
ATGCTCAGTGTTGCAT-1,9352,8937,0
ATGCTCTGGCGCGGTA-1,16160,18786,1
ATGGAGCAGGCCGTGA-1,14715,12727,2
ATGGATCCGGCGTCCG-1,16605,8438,2
ATGGATTGACCAAACG-1,13992,10455,0
ATGGCAGCCGAGAAAC-1,6448,11963,0
ATGGGACCTGCTGAAC-1,9633,19033,0
ATGGGCCTCGGCCTCT-1,18340,15002,2
ATGGTCGCGTGGTTTC-1,17469,15001,2
ATGTAAGGCTGCTCTT-1,21389,11724,0
ATGTACGATGACGTCG-1,14418,20299,1
ATGTAGCGCGCGTAGG-1,15578,20805,0
ATGTGCATCCGACGCA-1,13413,9445,0
ATGTGGACATCTTGAT-1,15438,15504,1
ATGTTACGAGCAATAC-1,9353,7422,1
ATGTTCGTCGACCCAC-1,7173,12216,1
ATGTTGTAGTCTGTTT-1,11953,20044,1
ATTAAACATGCGGACC-1,13698,14493,1
ATTAATACTACGCGGG-1,14719,9194,0
ATTAATGAACCAGTCG-1,16604,9448,1
ATTAATTCGGTCACTC-1,14720,7175,1
ATTACAACTACCGGCC-1,17767,6420,1
ATTACATGTCAGTCTT-1,20804,16266,2
ATTACGCGCTGGCAGG-1,9493,13732,1
ATTACTAGCCTCTTGC-1,11528,8181,0
ATTACTTACTGGGCAT-1,19650,9198,0
ATTAGATTCCTCAGCA-1,20375,9956,0
ATTAGATTGATAGCGG-1,12253,8434,0
ATTAGGCGATGCTTTC-1,15440,12980,2
ATTATACTTTGCTCGT-1,16460,8186,2
ATTATCGGAATGTACG-1,13402,21055,0
ATTATCTCGACAGATC-1,13997,5407,0
ATTATGCCATAGGGAG-1,12833,8940,0
ATTCAACCATTTAAGG-1,19642,18284,1
ATTCACTGATGTTGGA-1,15001,17775,0
ATTCAGGACCTATTTC-1,19361,8693,0
ATTCAGTAGCAGGGTC-1,8770,10450,0
ATTCATATACTGTCCA-1,13843,15250,0
ATTCATCGTTGAGGCA-1,18046,19040,0
ATTCCCACATAAACAA-1,8625,10198,0
ATTCCTCCGCCAGTGC-1,10802,9443,1
ATTCGACGCCGGGCCT-1,8913,12722,0
ATTCGTGCTATCTCTT-1,21096,14247,1
ATTGAAGATCTTAGTG-1,12251,11463,1
ATTGACGTAACTCGGT-1,15592,5661,0
ATTGATGAGTCCTAAC-1,19503,11974,2
ATTGCCTTTATGTTTG-1,17320,19797,0
ATTGCTGCTCCTCCAT-1,11379,12472,1
ATTGGATTACAGCGTA-1,19933,17275,2
ATTGTACAACTCGGCT-1,20083,12480,2
ATTGTCGCAATACCTT-1,17476,7429,1
ATTTACAGTTTACTGG-1,10655,11209,0
ATTTACTAAGTCCATT-1,21244,11471,0
ATTTCATTATTTCGCG-1,16461,7176,1
ATTTCCGGGTTCTGCG-1,10214,17519,2
ATTTGCGCGAGTAGCT-1,9635,17013,2
ATTTGTCTTGGGAGCT-1,17325,13739,0
ATTTGTTCCAGGGCTC-1,15445,8437,1
CAAACGAGTATCGCAG-1,11957,15501,1
CAAACGGTCGCACTTT-1,10945,11209,0
CAAACTACGATAGAGA-1,17332,6672,1
CAAACTATTGAGCTTC-1,16027,6419,0
CAAACTCGCGACGCCG-1,21241,15005,1
CAAAGATTATTGGGCC-1,9489,17770,2
CAAATCTCTCACAAGG-1,8621,14741,0
CAAATTGTCAGCAAGC-1,14866,6922,1
CAACGACCCGTTTACA-1,12398,8687,0
CAACGGTTCTTGATAC-1,10658,8181,1
CAACTATATCGAATGC-1,16606,7429,2
CAACTCCTTGATCCCG-1,11818,8182,0
CAACTGCTCATCCGAT-1,13115,18531,1
CAACTTGTAGTGGGCA-1,11095,5909,0
CAAGAGGGCGGAGTAC-1,15874,15252,1
CAAGATATTATAACGT-1,18050,15002,2
CAAGCAACGTCGGAGT-1,10655,11714,1
CAAGCACCAAATGCCT-1,14719,8184,1
CAAGCGGCACATAATT-1,15582,17271,1
CAAGGATCGCATGTTC-1,15005,13737,0
CAAGGTCCTATAGGCT-1,21098,12228,0
CAAGTAAGTGATAGAC-1,12822,21055,0
CAAGTGTGGTTGCAAA-1,18776,13740,0
CAATAAACCTTGGCCC-1,15878,10204,0
CAATACGCTCTGAGGC-1,6591,13729,2
CAATATTCTTGACCTA-1,10940,17267,1
CAATCCCTATACCAGC-1,17912,6673,1
CAATGCGAGAAGTATC-1,17032,17272,0
CAATGGATCTCTACCA-1,17618,10711,1
CAATGTGCCAACCCTT-1,21823,12986,1
CAATTAAGGGTGATGA-1,14572,10960,0
CAATTTCGTATAAGGG-1,14280,12979,2
CACAATGAGCTGCTAT-1,12393,14240,1
CACACACGCTAACGAG-1,20078,17528,2
CACACAGGGATAGATT-1,9061,9946,0
CACAGCACCCACGGCA-1,13701,11464,0
CACAGCTAGGGAGTGA-1,13849,8688,1
CACAGGGCCATATAGT-1,19207,18032,2
CACAGGGCCGTTGTCA-1,13839,19289,1
CACATATTAGCAGGAT-1,15728,15504,1
CACATGATTCAGCAAC-1,14425,13232,2
CACATTCTTTCGATGG-1,18201,8187,1
CACATTTCTTGTCAGA-1,20806,14752,1
CACCACGCCACACAGA-1,6301,13729,0
CACCAGTCAGCATGCA-1,8328,18779,2
CACCATCGGAGGAGAC-1,13996,6417,0
CACCCACACGTCACCC-1,11383,7929,1
CACCCACGAGGCAATT-1,17620,8692,1
CACCCGGTTTGTGACT-1,10795,17014,2
CACCCTAACAAGATCT-1,16742,17777,2
CACCCTTGGTGAGACC-1,7460,16254,0
CACCGATACACCGAGC-1,17332,6167,0
CACCGCCAGAAGGTTT-1,13702,10455,0
CACCGCCGACCAGCGA-1,14867,5913,0
CACCGTATCCCATCCG-1,20224,16771,2
CACCGTTAGGGATCAC-1,10505,17014,0
CACCGTTGCGCGATAT-1,9346,15499,0
CACCTAATAGAGTCGT-1,8773,7926,0
CACCTAATCAGTTTAC-1,15589,8690,0
CACCTCGATGGTGGAC-1,15300,8185,1
CACCTTGCGAAACTCG-1,17329,9701,1
CACCTTGGCGCCTTTG-1,20081,14499,0
CACGAAAGTTAGTCCC-1,9349,11965,0
CACGCACAGCGCAGCT-1,15588,9699,2
CACGCAGCGAGGCTTT-1,11380,11462,0
CACGCGGAACTGTTGC-1,19356,14246,0
CACGGGATTGAGGGTT-1,6739,11458,2
CACGTCGGCAACCTCT-1,10506,16005,0
CACGTTCGTGCTCTAG-1,16891,12982,0
CACGTTTCGTACACAC-1,18337,17526,0
CACTAAAGTTGCCTAT-1,12540,12473,1
CACTCAAGAGCTATGG-1,13409,13483,1
CACTCAGCTCTTGAGG-1,15446,6418,1
CACTCCTATGTAAGAT-1,10359,17771,2
CACTCCTCTCGGTCGG-1,17766,7430,1
CACTCGAGCTGAACAA-1,15873,15757,0
CACTCGGTTAGGAGGA-1,7028,12468,1
CACTCTTCTGCTAGCC-1,19787,18537,2
CACTGACGATTGTGGA-1,12533,20045,1
CACTGTCCAAGTGAGA-1,11383,8434,0
CACTTAATCAGACGGA-1,12105,12220,1
CACTTCGCCACAGGCT-1,9642,8937,1
CAGACACCGATCGCTG-1,12536,17016,0
CAGACCTGTAAGTGTT-1,19503,11470,2
CAGACGAACCTGATAC-1,12391,16259,0
CAGAGACGGTCACCCA-1,13406,16512,0
CAGAGCATGAGCTTGC-1,15298,10204,0
CAGAGGCGATGCATGA-1,12100,17268,1
CAGAGTGATTTAACGT-1,15157,5913,0
CAGATACTAACATAGT-1,11817,10201,0
CAGATCATTTAAAGTC-1,20811,9199,0
CAGATCCTGGTTTGAA-1,7603,17516,0
CAGCAGCCCGTTCCTT-1,16458,10710,0
CAGCAGTCCAGACTAT-1,19644,16265,1
CAGCAGTCTGTGCTGC-1,15870,19291,1
CAGCCGGGCCCTCTAT-1,17477,6420,1
CAGCCTCCTGCAGAGG-1,16314,9448,1
CAGCCTCTCCTCAAGA-1,18927,7431,0
CAGCGATTCCCTTCAA-1,11375,17015,2
CAGCTCACTGAGACAT-1,13701,11969,1
CAGCTCGACAAGTTAA-1,18199,10711,1
CAGCTCGTGCTTGTGT-1,11239,7171,1
CAGCTGGCGTAACCGT-1,8330,15750,0
CAGCTTAGTAGGTAGC-1,9204,11713,0
CAGGAAGACTTTATAT-1,17477,6925,1
CAGGATATATCGTTGT-1,13843,14746,1
CAGGCAGTCTTACCAG-1,17465,20049,0
CAGGCCGTTTGGGTGT-1,11378,13481,1
CAGGCGCACGGTGGTC-1,9199,17770,2
CAGGCGCCATGCTAGG-1,15728,16009,0
CAGTAACTATTTATTG-1,19796,8441,0
CAGTAATCCCTCCCAG-1,8772,8936,0
CAGTACATTCTCTAAA-1,19941,8694,0
CAGTACCAGTTTACGT-1,7750,15750,0
CAGTAGCCCACGCGGT-1,18344,9954,0
CAGTCGAGGATGCAAT-1,19505,9955,0
CAGTCTGTATACTGGG-1,14714,14242,1
CAGTGAATAAATGACT-1,17184,9953,1
CAGTGTCCGCAGAATG-1,10514,7423,0
CAGTGTCGGCTGGCCC-1,18483,16769,2
CAGTTCAAATTGACAC-1,12541,10959,1
CAGTTCCGCGGGTCGA-1,8916,10198,0
CATAACGGACAGTCGT-1,18777,12731,0
CATAAGAAGCTTGGCT-1,15581,18281,1
CATAAGCTCTCCGTCT-1,7171,14235,0
CATACAAAGCCGAACC-1,10224,6918,0
CATACACGGTTCCCAC-1,13114,19036,1
CATACCCGTACCCAGT-1,9638,12975,1
CATACGAACTAGCTGG-1,9632,20042,1
CATACGGCGTCTGGGC-1,14280,13484,1
CATACTATGTAATTGT-1,12104,12725,0
CATACTTAGGCAATAC-1,21533,12986,1
CATACTTCTTTCTCCG-1,12677,20802,0
CATAGCCGCCCGGGAT-1,8335,10198,0
CATAGCGTTGCCCACC-1,11230,17267,2
CATAGTACATTGAGAG-1,16316,7428,2
CATAGTAGCATAGTAG-1,11673,8434,0
CATAGTCCACAAGAAC-1,9636,14994,0
CATATACTACTGATAA-1,19941,8189,0
CATATAGGTACAGTCA-1,13118,14493,1
CATATGTCAGGCTACG-1,8620,15750,0
CATATTATTTGCCCTA-1,16607,5914,0
CATCATCTACCCGGAC-1,15156,6418,2
CATCATTACCCTGAGG-1,18773,16769,2
CATCCTCTCAAAGATC-1,18483,17274,0
CATCGGACGGGTTAAT-1,13554,14241,1
CATCTATCCCGTGTCT-1,19651,8189,0
CATCTTACACCACCTC-1,19502,12984,1
CATGAACCGACATTTG-1,11385,6414,1
CATGACTTCGCTGAAT-1,20517,13742,1
CATGAGATGCACTCTC-1,16596,18534,0
CATGATGCACAATTCT-1,15154,8942,1
CATGATGGAAGTTAGC-1,20080,15004,0
CATGCCAACTCGCAAA-1,8186,14488,0
CATGCGACCAGTTTAA-1,19359,10208,0
CATGCGTTAGACAGAA-1,14285,7427,1
CATGCTGGCTCCAATT-1,13851,6669,0
CATGGATTGTCTTCCG-1,19788,17527,2
CATGGCAGGAAGATCG-1,13414,7931,1
CATGGGTATGCCTTAT-1,17032,17777,2
CATGGGTCGGGTGTGG-1,17475,8944,1
CATGGTAAGTAGCGTT-1,15729,15000,1
CATGGTCTAGATACCG-1,14718,10203,0
CATGTAAGAGACATTT-1,18193,17273,0
CATGTCTCATTTATGG-1,17468,16011,0
CATTACGTCGGCCCGT-1,14574,8436,1
CATTATGCTTGTTGTG-1,12687,10201,0
CATTGCGAAATGGGCG-1,6882,12720,0
CATTTAGCGGACCATG-1,17474,9953,1
CATTTCTAGCAGACTA-1,8918,7674,0
CATTTGAGTGGTACGT-1,12101,16258,0
CCAAACAGAACCCTCG-1,12108,9191,0
CCAACCTTATGTAACT-1,11082,20548,0
CCAACGATGCACTGAT-1,10510,11461,1
CCAAGAAAGTGGGCGA-1,12681,16764,0
CCAAGACTTCTGCGAA-1,14139,8688,1
CCAAGCGTAACTCGTA-1,15441,11971,2
CCAAGGAACAGAGAGG-1,12109,7172,1
CCAATAGTGCCGTCGA-1,11235,12219,1
CCAATCGGTAGATCGA-1,17331,7177,1
CCAATGTCACAGCAAG-1,12249,12977,1
CCAATTACGGGTCGAG-1,18636,8440,1
CCAATTGAATGTTAAT-1,11818,8686,0
CCACAATGTACGTCTT-1,17473,10963,1
CCACACTGAGATATTA-1,12249,13482,1
CCACAGTACCCATCCT-1,18484,15759,2
CCACCAACTTTACTGT-1,10940,16762,0
CCACCCAAGGAAAGTG-1,16021,12981,2
CCACGGAGCCATAAGA-1,9056,15498,0
CCACGGTGCCCGGTAG-1,20663,12480,1
CCACTGGTGGCTGGTT-1,8187,13479,0
CCAGAAAGCAACTCAT-1,10360,16762,0
CCAGATAGTTGAGTGA-1,17328,10710,0
CCAGCCTGGACCAATA-1,14570,12980,2
CCAGCTCGAACGCATT-1,14564,19542,1
CCAGCTGATGGTACTT-1,8188,12974,0
CCAGCTTCCGCCCGCA-1,7609,10954,0
CCAGGGACGTGGCCTC-1,12832,10454,1
CCAGTAGTCTGATCCA-1,18344,10459,1
CCAGTCAAATCTCTTA-1,6301,14234,0
CCAGTCTAGACGGCGC-1,17619,9701,1
CCATAAACAACCCGAC-1,16171,7176,1
CCATACCTTTACTTGT-1,19939,11218,2
CCATAGGTTGGCGTGG-1,14139,8184,1
CCATATGGAAACTATA-1,20079,17023,2
CCATCCATACCAAGTC-1,10659,7171,0
CCATCGCAGTTAAACT-1,14132,16260,0
CCATCTCACCAGTGAA-1,19357,13236,1
CCATGCCCTAGATTTC-1,19353,17779,1
CCATGCCTGTTTAGTA-1,12830,12473,1
CCATGCTCTGCAGGAA-1,11383,8938,1
CCATGGCCCTTGTACC-1,8334,11712,0
CCATTAGCGATAATCC-1,11235,11715,1
CCATTCCCTGCCCACA-1,10800,11967,1
CCATTTCTACCTATTA-1,15436,17523,0
CCCAAACATGCTGCTC-1,17907,12225,1
CCCAACATACGTCGCG-1,10217,14490,1
CCCAACCACACTAACA-1,14722,5660,0
CCCAATGAGATTTGCA-1,10939,18781,2
CCCAATTTCACAACTT-1,9928,13480,1
CCCAGAGGAGGGCGTA-1,20376,8946,0
CCCAGTAAACTTGGGA-1,6879,16758,0
CCCAGTTAAGGCGCCG-1,17035,14244,0
CCCGAAGTTTCGCGAA-1,6735,14992,0
CCCGACCATAGTCCGC-1,15879,8690,0
CCCGAGTTTCTCCGTA-1,20805,15761,0
CCCGCAGCGCGAACTA-1,14857,16008,1
CCCGCAGGGCCCAAAG-1,16607,6419,1
CCCGCCATGCTCCCGT-1,11093,8433,1
CCCGCGCAATGCACCC-1,8482,8431,0
CCCGGTGTATCGGAAT-1,7604,17012,0
CCCGTAAGTCTAGGCC-1,9202,13732,0
CCCGTCAGCGTCTGAC-1,12543,9444,0
CCCGTTTCGCAGATGT-1,20514,16771,2
CCCTATGTAGAGCAGA-1,8618,18779,2
CCCTCATTCTGGAATT-1,11529,7676,1
CCCTCCTCGCTCGTAT-1,20514,16266,1
CCCTGAAATGAGTTGA-1,10800,11462,1
CCCTGACTAACAAATT-1,6882,13225,0
CCCTGCCCAATCCGCT-1,7897,13983,0
CCCTGCGCTACGCATA-1,8624,12217,0
CCCTTTGACAGGTCTT-1,13262,16259,0
CCGAAAGTGGTGAGCA-1,9063,7927,0
CCGAACCTTCCCGGCC-1,15438,16009,0
CCGAAGTATATTGTTC-1,8336,9188,0
CCGACAAAGGGAGTGC-1,8189,11964,0
CCGACGGGCATGAGGT-1,8909,17265,2
CCGAGAAGTCGCATAA-1,21386,15257,1
CCGATCTCAACCTTAT-1,19792,12984,1
CCGATTCGAGGGACCC-1,8042,13226,0
CCGCACAAAGACCAAC-1,16166,12729,0
CCGCACGTGACCTCGG-1,8915,10703,0
CCGCATGTGGTACGAT-1,14711,17775,0
CCGCCGGTCAACACAC-1,13125,6921,0
CCGCCTGCGAATTGGT-1,19217,7431,0
CCGCGATTTGGTAGGT-1,6447,13477,0
CCGCGGAATGCGTCAC-1,11666,16510,0
CCGCGGGTACGAAGAA-1,8914,11712,0
CCGCGTAGGTAAGGGC-1,8334,11207,0
CCGCTATCAGCACCAG-1,14278,14998,1
CCGCTTACCTCACTCT-1,10216,15500,0
CCGGAATGGTTTCAGT-1,9786,9694,0
CCGGAGCGTACTTTCT-1,13260,18279,1
CCGGCACGACCGTTTC-1,21243,12481,0
CCGGCGCATATTGGAT-1,13270,7173,0
CCGGCGTGAGACTCTG-1,6735,15496,0
CCGGGCGGTCTCGTCA-1,16167,11719,0
CCGGGCTGCTCCATAC-1,17616,12730,0
CCGGGTTCGAGGTTAC-1,9783,13228,1
CCGGTAATGGCTAGTC-1,21678,13238,1
CCGTAAGTTGGTCCCA-1,16312,11972,0
CCGTACCCAAGCGCCA-1,10079,6666,0
CCGTAGGAAATCCCTG-1,19062,18789,0
CCGTATCTCGTCGTAG-1,9054,17013,2
CCGTGCCCATGACGGC-1,12110,6667,1
CCGTGGAACGATCCAA-1,20520,9704,0
CCGTGTTAAATTCCAT-1,10361,15752,0
CCGTTACGTTAGAACA-1,17910,8692,1
CCGTTCCGAATCTCGG-1,8332,13731,0
CCTAAAGGCTGACGCT-1,17041,7177,1
CCTAAATTAACGGTTC-1,15004,14242,1
CCTAACCCAAACAAGT-1,18049,16011,0
CCTAACTAAGGCTCTA-1,18635,8945,0
CCTACATTCACAGACG-1,9925,16509,0
CCTACGGCTCAGTCGA-1,9788,7675,0
CCTACTGCTTACACTT-1,12252,10453,0
CCTAGGCGTAGCGATC-1,17907,12730,0
CCTAGGTAAAGGTAGC-1,6734,16506,0
CCTAGTTAGTCGCATG-1,15591,6671,1
CCTATATTTGTCCTGG-1,12679,19288,1
CCTATGAAGTGGTGCC-1,21243,12986,1
CCTATGGCTCCTAGTG-1,8617,19284,0
CCTATGGGTTACCGTC-1,15152,10961,0
CCTATGGTCAAAGCTG-1,14998,20804,0
CCTATGTCCACTCCAC-1,18481,19293,2
CCTCACCAATCTTGAC-1,10223,7928,1
CCTCACCTGAGGGAGC-1,19939,10713,2
CCTCACCTTAGCATCG-1,19214,10460,2
CCTCCCGACAATCCCT-1,14286,5912,0
CCTCCGACAATTCAAG-1,9929,11966,1
CCTCCTGAGCCCACAT-1,6302,13224,0
CCTCCTGTTGTGTCGT-1,19061,19293,0
CCTCGAAGTGGACGGG-1,15445,7428,1
CCTCGCCAGCAAATTA-1,15880,8185,1
CCTCGCGCGATATAGG-1,18925,8945,0
CCTCGGACCGGGATAG-1,17470,13992,0
CCTCGGATGCTACCTG-1,6593,11710,2
CCTCTAATCTGCCAAG-1,15734,9447,0
CCTCTATCGATTAGCA-1,8910,16760,2
CCTCTCTCCCATCTAG-1,10364,12219,1
CCTCTGGCCTAGACGG-1,16026,7428,1
CCTCTGTACTATTCTA-1,13986,17017,0
CCTGAACGATATATTC-1,17471,12982,0
CCTGAATATTTACATA-1,15444,9447,2
CCTGACCACCGATGGT-1,13988,14998,0
CCTGCCCGTTGTCTAG-1,6448,12467,0
CCTGCGTTCTACGCTT-1,7174,11711,0
CCTGCTATTTGAGAAG-1,12397,10201,0
CCTGGAAACGTTCTGC-1,21532,13491,1
CCTGGCTAGACCCGCC-1,11381,10957,0
CCTGTAAGACATGATA-1,11089,12976,1
CCTGTACTCACGCCCA-1,8622,13731,0
CCTGTCACCCGGGCTC-1,14862,10961,0
CCTGTCCCTCACGTTA-1,21678,12734,1
CCTGTCGCCCGTAAAT-1,14135,12727,2
CCTGTTTGAAGACACG-1,18772,18284,0
CCTTCGTATAGAATCC-1,13983,21056,0
CCTTCTTGATCCAGTG-1,15735,8437,0
CCTTTAAGGGAGCACT-1,12390,18278,1
CCTTTCAATGAAGAAA-1,18924,9955,0
CGAAACATAGATGGCA-1,16317,6419,0
CGAAACGCAATTCATG-1,9927,13985,1
CGAACAGTATGGGCGT-1,19064,16265,2
CGAACCCGCATGCGTC-1,12247,16006,0
CGAACGCCCAGTGCCG-1,15301,7175,1
CGAACGGCCGGACAAC-1,7315,15497,0
CGAAGCTATAAATTCA-1,20376,8442,0
CGAAGTTGCTCTGTGT-1,10219,11966,1
CGAATGACGCATAATG-1,13404,19541,1
CGACAATTTGATCTAA-1,18920,14498,2
CGACACGCTCCGACAG-1,18775,15255,2
CGACAGTTCGCGTTAT-1,11234,12724,1
CGACATGCGATCTTCT-1,14432,5660,0
CGACCCTTAACGCCGG-1,6880,15749,0
CGACGCATCCGTACCT-1,6589,16253,0
CGACTCAGGATGTTAT-1,18055,9449,1
CGACTTTGTATAGCCT-1,20953,11976,0
CGAGACCCTAGAGTGT-1,13989,14493,0
CGAGAGATGTGAACCT-1,15732,10961,0
CGAGAGCTTTCACTAC-1,17900,19797,0
CGAGAGGGTAGCCGCG-1,20223,17780,2
CGAGCACTTCAAGTTT-1,8771,9441,0
CGAGCGTTGATCAGCC-1,11820,6667,1
CGAGCTGGGCTTTAGG-1,14865,7932,1
CGAGGCTAAATATGGC-1,15442,10961,0
CGAGGGACTGCGGTCG-1,16456,13234,0
CGAGGGTATCCAGGTG-1,13839,19793,1
CGAGTACTAAAGAGGA-1,10217,14995,1
CGAGTGAAGGTACCAG-1,9344,17518,2
CGAGTGCTATAGTTCG-1,10660,6161,0
CGAGTTCTGTCCCACC-1,17473,10458,0
CGAGTTTATCGGACTG-1,18632,12983,0
CGATACCTCGCGGACA-1,12104,13734,1
CGATCCGACCCAGTGC-1,12394,13230,1
CGATCCTCGCAACATA-1,10937,20296,0
CGATCTGTTGGAGGAC-1,8621,15246,0
CGATGGACCCTACGCC-1,19070,9198,0
CGATTAAATATCTCCT-1,14131,17775,1
CGATTCGCCTGGCTGC-1,15726,18028,1
CGCAAACACGAGTTAC-1,10511,10452,0
CGCAATTACTTTCGGT-1,9932,9442,1
CGCAATTAGGGTAATA-1,11526,10705,0
CGCAATTCTACAATAA-1,9206,10198,0
CGCACATGTCCACTAC-1,17761,13487,0
CGCACGTGCGCTATCA-1,19501,13489,1
CGCAGAAACATTTGCG-1,13561,5659,0
CGCAGGCGATCCAAAC-1,19934,16770,1
CGCATGGTGCGATGCT-1,14714,13737,1
CGCATTAGCTAATAGG-1,13412,10455,0
CGCCAAGAAGCCGAGT-1,7607,13478,0
CGCCACAGGTCGCGAT-1,6444,16001,0
CGCCATCCGATTATGA-1,16749,9700,1
CGCCCAGCGTTTCACG-1,18045,20050,0
CGCCCGCTTCCGTACA-1,16750,8186,1
CGCCGCCCATGCCTGT-1,17181,13487,0
CGCCTCCCTCCTCTAT-1,15729,14495,1
CGCCTGGCCTACGTAA-1,9057,13984,0
CGCGACCGCGACAGAT-1,16886,18534,0
CGCGAGTCTGCCGGGT-1,8039,16760,0
CGCGCAAATGTCCAGA-1,8619,17770,0
CGCGCATGTTTGATTG-1,12972,16259,0
CGCGCCCGACTTAATA-1,16024,8943,0
CGCGGCTCAACTTGAA-1,19210,14498,2
CGCGGGAATTAGGCAG-1,16748,10710,0
CGCGTTCATGAAATAC-1,12542,10454,0
CGCTACGGGACATTTA-1,12104,13230,1
CGCTAGAGACCGCTGC-1,19792,13489,1
CGCTATACCGCCCACT-1,10369,7171,0
CGCTATTCAATGTATG-1,9642,8432,1
CGCTATTCTTAGGCTC-1,13845,13231,1
CGCTCGACATAATGAT-1,11673,8939,0
CGCTCTCCGTAGATTA-1,10510,11966,1
CGCTGGTGACTACCCT-1,19354,15760,0
CGCTGTGACGCCGCAC-1,11962,9948,0
CGCTGTGTGGATGTTG-1,11374,18529,2
CGCTTAGTATTGATAC-1,12678,20297,2
CGCTTATTCCCGGTCG-1,9492,14237,1
CGCTTCCACTGAAATC-1,11238,8181,0
CGCTTTCATACCGGTG-1,12400,7172,2
CGCTTTCTTGCATTCG-1,17473,11468,1
CGGAACGTAAACATAG-1,11667,15501,0
CGGAGCAATTTAATCG-1,13841,17270,0
CGGAGCATGGCGATCC-1,14860,13485,0
CGGAGCTTATAACACC-1,17622,6168,0
CGGAGTTTGAGAGACA-1,10075,11209,0
CGGATCCTCAAGGACT-1,16741,18787,0
CGGCAAACATCGTGCG-1,14712,16766,0
CGGCAGGGTCGGGTTG-1,18778,11721,2
CGGCCACGCACAAAGT-1,13700,12474,1
CGGCCAGAGCGACCAT-1,12242,20549,1
CGGCCCAACCTGTAGT-1,21390,10714,0
CGGCCCAGGTATATCC-1,20371,14499,0
CGGCGCCATCAATCCC-1,18627,18536,0
CGGCTCTAAAGCTGCA-1,21095,15257,1
CGGCTTTGTATGATAA-1,13271,5659,0
CGGGAATATAGTATAC-1,20370,15509,0
CGGGAATTTATGTAAA-1,14568,14999,1
CGGGAGCTTCAGTGTA-1,18339,16012,2
CGGGATCAATGTAAGA-1,13703,9445,0
CGGGCAGCTAAACCGC-1,13266,11716,1
CGGGCCTTCTTTGTAA-1,13119,13988,1
CGGGCGATGGATCACG-1,16013,21057,0
CGGGTGTACCCATTTA-1,17617,11720,1
CGGTACTAGAATCAAA-1,17180,14496,0
CGGTAGAGGTGCAGGT-1,18490,9197,1
CGGTCAAGTGGGAACC-1,16748,10205,0
CGGTCCGTCGCAAGCC-1,12533,19540,1
CGGTCTATCAACCCGT-1,17040,8186,1
CGGTGAAGACTAAAGT-1,8478,12469,0
CGGTGCAGATAGAACG-1,10362,14238,1
CGGTGCGCGTTGGTCC-1,10796,16005,0
CGGTGGGCTCCAGCCT-1,19507,7431,0
CGGTGTACTTGATCCC-1,9643,7927,2
CGGTTATCCAACAGTG-1,19358,11217,2
CGGTTCAAGTAGGTGT-1,19360,9703,0
CGGTTGACCTGGCATA-1,8768,13479,0
CGTAACTTCGACACTT-1,12387,20802,0
CGTACCTGATAGGCCT-1,15009,9194,0
CGTAGCGAATTGTCAG-1,15446,6923,1
CGTATTAAGAGATCTA-1,12976,11716,1
CGTCAAGGCTATAAAT-1,7174,11206,0
CGTCACGTCCATTGGT-1,12537,15502,1
CGTCGCATGTGAGCCA-1,16304,20048,0
CGTCGCTTGGTTATAC-1,8762,19537,0
CGTCGGATAGTGTTGA-1,19067,12226,1
CGTCGGGTCTAAGCGC-1,8329,17265,0
CGTCGTCCTTCGCGAA-1,16161,17776,1
CGTCTGGAAGGGCCCG-1,14140,7679,1
CGTGAAGTTAATTCAC-1,13264,13736,1
CGTGACATTGGGTCGT-1,17186,7429,1
CGTGACCAGTCCTCTG-1,13114,19540,1
CGTGCAGACTGGGACA-1,15875,13738,1
CGTGCATTGTCGACGC-1,9638,13480,1
CGTGCCCTCCCGAAGA-1,16309,14495,1
CGTGCTTCTACCTAAA-1,9197,19285,0
CGTGGCCGAATATCTA-1,19790,15508,2
CGTGGTACCCAAAGGC-1,11227,20296,1
CGTGTCCCATTCGCGA-1,10946,10705,0
CGTGTCTCGTTACGAC-1,10068,18781,2
CGTTAAACTAGTTAGG-1,21240,16014,1
CGTTAATGTCCCGACG-1,17756,18535,0
CGTTAGCTCACAACTG-1,18202,7178,1
CGTTCAGACCCGCGAA-1,13984,20046,1
CGTTCATGGTGCGCGT-1,8040,15750,0
CGTTGAATACCGCGCT-1,16306,18029,1
CGTTGAGCGACCGTCG-1,15874,14747,1
CGTTGTAAGATTGATT-1,20810,10209,0
CGTTGTCGGCAATTGA-1,14709,19794,1
CGTTGTTTCAATTCCC-1,10944,12219,1
CGTTTAAGCGGAGCAC-1,13705,6921,1
CGTTTCACTTCGGGCG-1,18491,8188,1
CGTTTCGCTCATTACA-1,12250,12473,1
CGTTTGTGTAGAGGGT-1,11085,17519,2
CTAAAGAATGCCTACT-1,10364,12723,1
CTAAAGGGAAATAGGA-1,14133,14746,0
CTAAATCCGGTGTACA-1,10213,19033,2
CTAAATCCTATTCCGG-1,17329,10206,0
CTAACCGCGCGCCCGT-1,10218,12976,1
CTAACGAAACTTGCTG-1,18778,11217,2
CTAACTGATAATCGCC-1,19932,18285,1
CTAACTGGTCCGGTTC-1,10361,16257,0
CTAAGGGAATGATTGG-1,15584,14747,1
CTAATTCGCACGCGCT-1,10075,10704,0
CTAATTCTCAGATATT-1,20375,10461,0
CTAATTTCAACAACAC-1,9062,8936,0
CTACACTCGCAGATGG-1,19787,18032,1
CTACCCTAAGGTCATA-1,18343,11469,2
CTACGACTAGCTATAA-1,8623,13227,0
CTACGCACGGAGTACC-1,13410,12474,1
CTACGCCATTTCCGAT-1,16752,6672,1
CTACTATCATAGGTTT-1,8764,17013,0
CTACTATCTTTCAGAG-1,18633,10964,2
CTACTCAAGGTATAGT-1,11229,18782,2
CTACTCTAGGCCCGGC-1,8769,11460,0
CTACTGCCACCTGACC-1,14282,10455,0
CTAGATGTGAGTGTAA-1,20083,11975,1
CTAGATTTACGACGGC-1,15874,14243,2
CTAGCATAGTATAATG-1,14716,12222,2
CTAGCCGATGTTATGA-1,19795,9451,0
CTAGGCGCCCTATCAG-1,18338,16516,0
CTAGGTCTGAAGGAAT-1,20227,12732,2
CTAGGTTCGGACGTGA-1,15291,18280,1
CTAGTAGAAAGGGATT-1,16885,19544,0
CTAGTATTCGGAATTA-1,16751,7176,1
CTAGTCACGTCTTAAG-1,15150,12980,2
CTAGTGAAGGACAGGA-1,10654,12219,1
CTAGTTACAACCCGGT-1,14857,17018,0
CTAGTTGGGCCCGGTA-1,15008,10204,2
CTATAAGAGCCAATCG-1,19649,10208,0
CTATCGACGAAATACA-1,18628,17021,2
CTATCGGGTCTCAACA-1,15151,12475,2
CTATGCCCGAATGCAA-1,13694,19541,1
CTATGGGAAGCGGAAT-1,20223,17275,2
CTATGTCACTAGCCCA-1,14717,11213,1
CTATGTCTATTGAAAC-1,13125,6416,0
CTATTCATGTGTCCCA-1,14132,16765,0
CTATTTGGTTACGGAT-1,17036,12729,0
CTCAAACCACTGCCCG-1,10938,19791,1
CTCAACTAACCCGGAT-1,17465,19544,0
CTCACATTTACTAAAT-1,15000,19290,1
CTCACTGTGATACTTA-1,16015,19543,1
CTCACTTGGCTGGTAA-1,8912,13732,0
CTCAGGACTCACCTGT-1,9498,7675,1
CTCAGTCACGACAAAT-1,19070,9702,0
CTCATGGCTCACAATC-1,14285,6922,0
CTCATGGTAATTTGCG-1,8910,16256,0
CTCATTGCTCTAACAA-1,16451,18786,0
CTCATTTGATGGGCGG-1,14138,9193,0
CTCCCTCCTTTCGATC-1,8475,16508,0
CTCCGGCCTAATATGC-1,13704,8436,1
CTCGAGGTCGAACAGT-1,13702,10960,0
CTCGATATTTGCGAGC-1,19505,9450,0
CTCGCACCTATATAGT-1,15008,9699,2
CTCGGGTTCTCTGGCC-1,9053,19032,2
CTCGGTACCACTGCTC-1,16890,13991,1
CTCGGTCCGTAGCCTG-1,12399,8182,0
CTCGGTTGTCGGCCCT-1,8909,17770,2
CTCGTTTCTAATGTTT-1,20231,9199,0
CTCTAATGCATTGATC-1,21100,9704,0
CTCTACACTGGCGATT-1,7606,14488,0
CTCTATTTGGCTGCAG-1,15003,15756,1
CTCTCACAATCGATGA-1,15297,11718,2
CTCTCTAACTGCCTAG-1,8183,18022,2
CTCTGGACGCCTGGTG-1,14136,11717,1
CTCTGTTTGAGGATTC-1,15591,7175,1
CTCTTCTATTGACTGG-1,19645,15256,2
CTCTTCTGGAAGTTAG-1,10938,19286,2
CTCTTGTCCCGCTTGG-1,13551,17269,0
CTGAAAGAGATCCGAC-1,15154,8437,1
CTGAATCCGAGACCTC-1,12827,15502,1
CTGAATTTATTGCCAG-1,20521,9199,0
CTGACTGCGCAGCTCG-1,19793,11470,2
CTGAGCAAGTAACAAG-1,8773,7422,0
CTGATAGTGTATCTCA-1,7464,11711,0
CTGCACAACTACATAT-1,16163,16262,1
CTGCACCTGGAACCGC-1,12254,7425,2
CTGCACTCCAGTACAG-1,15292,17271,0
CTGCCAAGGTTGGAAG-1,16314,8943,1
CTGCCATGCATCACAT-1,14134,13736,1
CTGCCTTTAATACCTT-1,9197,19789,0
CTGCCTTTCTAGTAAA-1,18626,19545,0
CTGCGGGTGAAATGTT-1,8479,11460,0
CTGCGTTACGATATAA-1,18201,7683,1
CTGCTGAGGCCACGAA-1,10216,16004,0
CTGCTTGGCGATAGCT-1,16017,17019,1
CTGGAAATGGATGCTT-1,12831,10959,1
CTGGAAGACACGGTGG-1,17903,16264,2
CTGGACGCAGTCCGGC-1,7024,16506,0
CTGGATTTACACTTGA-1,13117,16007,0
CTGGCATCCGAATGAG-1,8911,15751,0
CTGGCGACATAAGTCC-1,16896,7934,1
CTGGCGCACAGGTCTG-1,18051,12983,0
CTGGCGGGAATAAGTA-1,8337,8683,0
CTGGCTGATTCATCCT-1,19065,14750,2
CTGGCTGGTTGTCAGT-1,13261,17269,2
CTGGGATAAATAATGG-1,17326,13234,0
CTGGGCCTGCTATATC-1,9492,14742,0
CTGGGTAGGCAGTTAA-1,16599,14496,0
CTGGTAACACATAGAA-1,17905,14244,2
CTGGTAACGAGCTCTT-1,19214,10965,2
CTGGTTTCGAGCAAGA-1,17904,15254,2
CTGTAGTGAGGATCGA-1,11372,21053,0
CTGTATGGTGTAGAAA-1,9787,8685,1
CTGTCAAATGGCTCGG-1,17184,9448,1
CTGTGCAGGGTAGGTC-1,15294,14242,1
CTGTGGTCGGGAGATA-1,18047,17526,0
CTGTTACCCAATCTAG-1,13552,15755,0
CTGTTCACTGCCTGTG-1,13268,9192,0
CTGTTCATCTCACGGG-1,10077,9190,1
CTTAACTTCGAAGTAC-1,14286,6417,0
CTTACACGGTATTCCA-1,11670,11463,1
CTTACACTGGGAAATA-1,12109,7677,1
CTTAGCCTTCCACATG-1,16459,9195,1
CTTAGTAGGCCTACAG-1,19938,11722,2
CTTAGTGTAGTAGCAT-1,17176,19039,0
CTTATGCGCTCAGGGC-1,6736,14487,0
CTTCAACTCCACTTGG-1,16306,18534,0
CTTCAGTGGTCGCCTA-1,7749,17264,0
CTTCATAGCTCAAGAA-1,10513,8433,1
CTTCATTGTCAGTGGA-1,13845,12726,2
CTTCGGCCAATTGTTT-1,21095,16267,0
CTTCGTAGATAGGTGA-1,11669,13482,0
CTTCTATGTTGAAGTA-1,9201,15246,0
CTTCTATTAATGCTAG-1,11956,16511,0
CTTCTGGGCGTACCTA-1,10067,20295,1
CTTCTTACGTCGTATA-1,13850,7174,1
CTTGACCCGAAAGATA-1,13416,5911,0
CTTGAGTTAGGGTAAT-1,18631,13488,0
CTTGCAACCGCCTCCT-1,8767,14489,0
CTTGCCCAGGCTCTAC-1,13118,14997,1
CTTGGCCAAGCTGGGA-1,13404,19036,1
CTTGTACTTGTTGACT-1,12543,8939,0
CTTGTCAACATTCGAG-1,14712,16261,0
CTTGTGAGTCTTTGAC-1,10080,6161,0
CTTGTGCTCACCGATT-1,18780,9197,0
CTTGTTGCTGAGTCAA-1,16746,13234,0
CTTGTTTATGTAGCCA-1,9207,8179,2
CTTTAACTTTCAAAGG-1,14863,9446,0
CTTTAATATTGGTCGA-1,15727,16514,0
CTTTACCGAATAGTAG-1,17323,16263,1
CTTTAGGAACACTGTT-1,17760,13992,0
CTTTAGTGCTATTATT-1,14423,14746,1
CTTTCTGTGCGGGCTT-1,14711,17270,0
CTTTGCATCGCTCTTG-1,18771,18788,0
CTTTGGCGCTTTATAC-1,7754,11711,0
CTTTGGCTTTAGTAAA-1,10945,11714,1
CTTTGGGATTGTTGCA-1,11518,19287,2
GAAACAGATGACCACC-1,18486,13740,0
GAAACAGCCATGCAGT-1,13995,6922,1
GAAACATAGGAAACAG-1,8037,18779,0
GAAACCATGGTGCGCT-1,20955,10461,0
GAAACCGAATTACCTT-1,12538,14997,2
GAAACTCGTGCGATGC-1,8625,10703,0
GAAACTCTAATGAAGG-1,15736,6923,0
GAAAGAACAGCGTTAT-1,20082,12984,2
GAAAGCCCTTTGGACC-1,8188,12469,0
GAAAGTGACTAACTGC-1,9641,9946,0
GAAATACTAAACGTTT-1,8337,8178,0
GAAATATCACCATCAG-1,8479,11964,0
GAAATCGCGCGCAACT-1,15010,8184,1
GAAATGGCGGTGTTAG-1,12686,11211,1
GAAATTAGCACGGATA-1,19071,8188,0
GAAATTCACATCGCTG-1,12255,6920,1
GAAATTGTCTCTATAA-1,12828,14492,1
GAACACACATCAACCA-1,12398,9192,0
GAACAGATTACTAAAT-1,15436,18028,1
GAACCTCGACCTACAC-1,6446,13982,2
GAACCTTTAACGATCC-1,16595,19544,1
GAACGACCGAATGATA-1,14284,8436,1
GAACGTCTCATGGTCG-1,17763,11468,1
GAACGTTAGGAAGACG-1,7318,11963,1
GAACTGTGGAGAGACA-1,14708,20804,0
GAAGAAACGATATTGT-1,9343,18527,2
GAAGAACGGTGCAGGT-1,10949,7171,1
GAAGCCACTGATTATG-1,15144,20047,1
GAAGCCTGCACATTCC-1,13984,19036,1
GAAGCGTGAGGAATTT-1,13846,12222,1
GAAGCTCGGACCCGTC-1,8184,17517,0
GAAGCTTGCTGACCGC-1,10220,10956,0
GAAGGAGTCGAGTGCG-1,13838,20298,1
GAAGTCAGTTGCACTA-1,13551,16765,0
GAAGTCTCCCTAGCGA-1,18342,12983,0
GAAGTGATTTATCGTG-1,11959,13482,1
GAAGTGCTGGATAGCT-1,13995,7426,1
GAAGTTTCCACTCAAT-1,11814,12725,0
GAATAGACGCGACCCA-1,18485,14245,2
GAATAGTGCTCGATTA-1,10358,18781,2
GAATATTCGGAGTCCC-1,17187,6924,1
GAATCGACATGGTCAC-1,11236,10200,0
GAATCGCCGGACACGG-1,11095,6414,0
GAATCTGAACATTCTC-1,14424,14241,1
GAATGCGAATCGGTTC-1,15144,19542,1
GAATGTATGGCAGGTC-1,18347,7430,1
GAATGTGGTCCGGATT-1,16890,14496,0
GAATGTTGGGTAATCT-1,15154,9447,0
GAATTATAGTGAAAGG-1,15006,12223,2
GAATTCACCCGGGTGT-1,13117,15502,1
GAATTTCTCGCTGCAG-1,9495,10703,0
GACAAACATATGCAGG-1,19645,14751,2
GACAACGACCATTGAA-1,16313,9952,0
GACAACGCAGCTTACG-1,12978,8687,1
GACACAAGGGAAGAAA-1,15587,11214,0
GACACGAGTTAGAGGA-1,8772,8431,0
GACACTGAGTTCAGTG-1,11812,14744,1
GACAGCCAGACCTGAC-1,17615,14244,0
GACAGGCACACACTAT-1,8333,13226,0
GACATCCGTCGAACTG-1,15434,20047,1
GACATCGATTTATAAC-1,12391,16763,0
GACCAGAGCCCTGTAG-1,11961,11463,1
GACCCAATTATGATAC-1,8039,17264,0
GACCCGTCGCCGGCTA-1,13706,5912,0
GACCGACGTGAAAGCA-1,21387,13238,1
GACCGACTGAAGCGTC-1,8333,12217,0
GACCGTCAGGTCGTGA-1,16896,6924,1
GACCGTGCTGACGGTG-1,12684,13735,1
GACCGTTACATGCGAC-1,6012,13224,0
GACCTTCCACGTCTAC-1,15869,20300,1
GACGACGATCCGCGTT-1,15292,16766,0
GACGAGGCTAATAAAC-1,19643,17780,1
GACGCCGTAAAGGCTA-1,12971,17269,1
GACGGTCAATAGAAGC-1,19649,11217,2
GACGTGTAGGGATTAT-1,9785,10704,0
GACTAAGATCATGCAC-1,12833,9444,0
GACTAAGTAGGCTCAC-1,11381,10453,0
GACTACAAAGCGGTGG-1,8185,16002,0
GACTAGGCCGTTAGGT-1,16449,20301,0
GACTCACCCACGTGAG-1,20517,13237,1
GACTCCCAGAATAAGG-1,21245,10462,0
GACTCGCGGGAATGAC-1,19069,10712,2
GACTGCAAATCGAGCT-1,16016,18533,0
GACTGCACCAGCCCAG-1,16744,15253,0
GACTGCGGCACGTGTA-1,7320,10449,0
GACTGCTGGTGAGAAA-1,10792,20548,0
GAGACTGATGGGTAGA-1,13267,10707,1
GAGACTTCGCGACCGA-1,13406,17017,0
GAGAGGGCGCGAGGTT-1,10944,13229,2
GAGAGGTGCATTCTGG-1,9202,14741,0
GAGATCTGCTTGGCAT-1,11525,12220,1
GAGATCTGTCACTCCG-1,15877,11214,0
GAGATCTTCCATGACA-1,16309,15000,0
GAGATGGGAGTCGACA-1,15582,16766,0
GAGCATCAACAACTTG-1,9487,19790,1
GAGCATCATCCCTGGG-1,10949,6666,0
GAGCCACGGTAGTAGG-1,11966,5910,0
GAGCCAGCTACCTGTG-1,18048,17021,0
GAGCGAGGGAGTACCG-1,13560,7174,1
GAGCGCAAATACTCCG-1,20659,16519,1
GAGCGCGCACGAGTAG-1,18629,16012,2
GAGCGCTGTTAGGTAA-1,8472,19031,0
GAGCGGAATGCGGTGT-1,12097,20801,0
GAGCTAAGGGCATATC-1,17183,10963,1
GAGCTCTCGGACCTAA-1,9933,7423,0
GAGGAATGGAGAGGTT-1,9641,10451,0
GAGGATAAACAGTGCT-1,21677,13743,1
GAGGCCCGACTCCGCA-1,8474,17517,0
GAGGCTATCAAAGTCG-1,9059,12470,0
GAGGGAGTCAGATCGC-1,11082,20043,1
GAGGGCATCGCGTATC-1,9934,6413,0
GAGGGCGCAGCTCTGC-1,18054,10459,1
GAGGGTAGTAACAAAG-1,9632,19537,0
GAGGTACATCCATCTT-1,15011,6670,2
GAGGTACGCGTGTCCC-1,14853,20552,0
GAGGTCCCAAAGATCT-1,8917,8179,0
GAGTAAGGCCACGGGA-1,7170,15749,0
GAGTACGGGTATACAA-1,11384,7424,1
GAGTAGATACTAGTTG-1,14419,19289,1
GAGTATGCCCGCCTTG-1,11376,16005,0
GAGTATGCGCGTGCAT-1,15435,19543,1
GAGTCCGCTTACCGGA-1,13553,15250,0
GAGTGTCAACCAGAAA-1,17175,19544,0
GAGTGTGCGGTACCCA-1,17905,14749,2
GAGTTGATGGCAATTT-1,7894,16507,0
GATAAATCGGTGGATG-1,11094,7424,1
GATAACTCGCACTGTG-1,18051,13487,0
GATACGATGGGAGTCA-1,11667,14996,1
GATAGGTAACGTTGAC-1,13842,15755,1
GATAGTGCGAGTAAGT-1,11517,20801,0
GATATCTCATGCAATA-1,13560,6669,0
GATATGAGACACTAAC-1,16891,13486,0
GATATGCGGTAGCCAA-1,18346,8440,1
GATATGGATTACGCGG-1,7755,10702,0
GATATTTCCTACATGG-1,18056,7935,1
GATCAACATAAAGGGA-1,10358,19286,1
GATCATTCCAAACATT-1,13266,11212,1
GATCCCTTTATACTGC-1,13847,10707,0
GATCCGGGAATTAACA-1,15730,13485,1
GATCCTAAATCGGGAC-1,18924,10460,2
GATCCTCGACACTGGC-1,9780,16256,0
GATCGACACTATCTGA-1,11961,10453,0
GATCGCGGGCTCTCCA-1,12685,12725,2
GATCGCTACCCGATTT-1,19354,16265,2
GATCGCTATATCTCAG-1,8762,19032,2
GATCGGATAGAACCAT-1,7026,13982,0
GATCGGTGGCCATAAC-1,15007,10708,0
GATCGTGACTGATATC-1,15585,13233,1
GATCTGCTATCTAAGG-1,13259,19288,1
GATCTTGGAGGGCATA-1,15294,14747,1
GATCTTTGCAGGGTAT-1,10654,12724,1
GATGACAAGTAGGGCA-1,9924,18023,1
GATGAGGAACCTTCGG-1,16884,20553,0
GATGCGTCCTGCATTC-1,13410,12978,1
GATGCTACAAGCGCCT-1,12544,7930,1
GATGCTGTATTTCATC-1,16019,14495,1
GATGGCGCACACATTA-1,9352,8432,0
GATGGTGCCCTAGGCA-1,16462,6167,0
GATGTAACGAACCACC-1,8185,16507,0
GATGTCGGTCAACTGC-1,15737,5914,0
GATGTTCAATCCACGA-1,11378,13986,1
GATGTTTGTGCGAGAT-1,9497,8684,1
GATTAACCGAAAGCCC-1,18628,17526,0
GATTCCCTTGTCGCAG-1,14863,9951,0
GATTCCTATACGGCGC-1,8481,9945,0
GATTCGACGGTTCACG-1,15440,13990,0
GATTGCTCCAGTTGCA-1,9052,19537,0
GATTGGGAAAGGTTGT-1,16739,20301,0
GCAAACCCTACATTAT-1,17034,15758,0
GCAAACCTTGGCCATA-1,14856,18028,1
GCAAATATTACGCTTT-1,11089,12472,1
GCAACACACTAGAACT-1,7460,15245,0
GCAACAGCAGTATGCG-1,20515,15256,1
GCAACCACCAGACCGG-1,18492,7178,1
GCAACCACGGCCGCGT-1,9347,14489,0
GCAACGGCTAGTTATG-1,21531,14500,1
GCAAGAATTCCTTGGC-1,10362,14742,1
GCAAGTGCACAGAGAA-1,11237,9695,0
GCAAGTGTAAAGCATG-1,11662,20549,2
GCACAAACGAGGCGTG-1,21676,15257,1
GCACAAGTGTCGGAAG-1,14431,6165,0
GCACACACTGGTAGCC-1,18772,17779,0
GCACACGCCCATGGTC-1,6593,12215,1
GCACGCCTACTTAGAT-1,10795,17519,2
GCACTGCCTACCTTTA-1,14999,20299,1
GCAGACCCAGCACGTA-1,20082,13489,1
GCAGATTAGGGATATC-1,13990,12979,1
GCAGCACACAGCCCAG-1,11234,13229,1
GCAGCCTATATCACAT-1,21533,12481,0
GCAGGAACTTAGATCT-1,7314,17011,0
GCAGGACTATAGAATA-1,10509,12471,1
GCAGGTAGAGTATGGT-1,18781,8188,1
GCAGTGTGGCTATAGG-1,17176,18535,0
GCATACGAGGTCTTTA-1,7172,13225,0
GCATAGAGCACTCAGG-1,13700,12979,1
GCATCCCTAACTTTGA-1,11239,7676,1
GCATCGGCCGTGTAGG-1,20079,16013,1
GCATGAGGGACGCGGC-1,18198,11216,2
GCATTCAAGGCAACGC-1,20809,10714,0
GCATTCGAAATGAACA-1,7174,10701,0
GCATTGTAATTCATAT-1,8187,13983,0
GCATTTCCAAGGCTCC-1,21243,11976,0
GCCAACCATTTCCGGA-1,20520,10209,0
GCCAAGAATACTTCTG-1,6590,15244,0
GCCAATAGGGCATCTC-1,20085,9956,0
GCCACAATTTAAGGAC-1,10797,14995,1
GCCACTCAGAGCGCGA-1,18917,18536,0
GCCAGGAGTAACCGAT-1,18055,8944,1
GCCATATTGCACACAG-1,18200,9197,1
GCCATCGAGCTGCGTG-1,11955,17015,0
GCCATCGATGCTGCAT-1,21099,11723,0
GCCATTAGCCTCAAAC-1,7023,17516,0
GCCCACCAAGGCTGTC-1,10659,6666,0
GCCCAGTTGGTATGCC-1,10657,9190,1
GCCCGACTTCTTCCCG-1,8765,16003,0
GCCCGATCTGTGGTCG-1,14276,17018,0
GCCCGCGCGTAAACGG-1,11086,16005,0
GCCCGCGCGTTTGACA-1,10948,8686,1
GCCCGTAATACCTTCT-1,16603,10457,0
GCCCTAGCCGTCGCGA-1,7459,17264,0
GCCCTGAGGATGGGCT-1,15869,20805,0
GCCGAAATTCCTACGT-1,11669,12472,0
GCCGACCCACGACTGC-1,9488,19285,0
GCCGATTGGCCAAGCT-1,13989,13989,0
GCCGCATTAGTCCGGC-1,7608,12468,1
GCCGCTTGTGAGAAAC-1,10944,12724,1
GCCGGGTTAGGGTCGC-1,13699,13988,1
GCCTAGCGATCTGACC-1,11238,8686,1
GCCTATAGTGTCAGGG-1,18343,10964,2
GCCTATTCCGATATAG-1,9496,9694,0
GCCTATTTGCTACACA-1,12401,5658,0
GCCTCATCTGGAAATA-1,18921,13993,0
GCCTCCGACAATTCAC-1,19352,18789,0
GCCTCTATACATAGCA-1,16017,17524,1
GCGAAACTTAACTGGA-1,17034,14748,0
GCGAAGAATCTGACGG-1,17320,20301,0
GCGAAGCCATACCCGT-1,13991,11465,1
GCGACCCAACCATCTG-1,9923,18528,2
GCGACGATAGTTGTAC-1,12972,15754,0
GCGAGAGTTGCGTCCA-1,20663,11975,0
GCGAGCGCATGCTCCC-1,20952,12985,0
GCGAGGCCCGAGCAGA-1,11959,12977,1
GCGAGTTCTGCAAAGA-1,14280,12474,1
GCGATTCTGGAAGCAG-1,15882,6166,2
GCGATTGTTAACGTTA-1,16311,12981,2
GCGCAAATATATTCAA-1,9198,18275,2
GCGCAAGAGCGCGCTG-1,19646,13741,1
GCGCATCCAGTCAGCA-1,18924,10964,2
GCGCCGTTCCACGATA-1,14569,13989,1
GCGCCTCCCACTCCGA-1,21095,15762,1
GCGCGGTCTAGTAACT-1,13838,20803,0
GCGCTAATTGAATAGA-1,15296,12223,1
GCGCTATGCCGAGGCA-1,11958,14492,1
GCGCTGATCCAGACTC-1,17766,7935,1
GCGCTGCTTTGCATTT-1,18779,10712,2
GCGCTTAAATAATTGG-1,18047,18031,2
GCGGACCGCGTTGTGG-1,11376,16510,0
GCGGAGAAACTTCGCA-1,9924,17518,2
GCGGAGAGGGAGAACG-1,16454,15253,0
GCGGCAAAGTATTGCC-1,9053,18527,0
GCGGCTCTGACGTACC-1,10653,13228,1
GCGGGAACCAGGCCCT-1,12109,8182,0
GCGGTCCCTAGACGCA-1,11674,6919,1
GCGGTGAACTGCGCTC-1,18781,8693,0
GCGGTTCCCTATCATG-1,12247,15501,1
GCGTAAATGGCCATAA-1,19938,12227,2
GCGTCGAAATGTCGGT-1,14575,7932,1
GCGTCGCCAGGGTGAT-1,14131,17270,0
GCGTGGTACTGGGTTA-1,18922,12479,1
GCGTTATATTTGGAAC-1,7029,11458,0
GCGTTCGGAGACCGGG-1,20086,8441,0
GCTAAACCTGAGGTGA-1,8481,9441,0
GCTAACTGAAGTCTGA-1,17902,18283,0
GCTAAGTAAAGGCGAT-1,7030,10449,0
GCTAAGTAGTTTCTCT-1,16747,12224,0
GCTAATACCGAATGCC-1,11963,8939,0
GCTACAGTACGGACCG-1,7172,13730,0
GCTACGACTTATTGGG-1,15149,14494,1
GCTACTATAGTAGAGT-1,18774,16264,2
GCTAGACCGTCTACTG-1,20226,14247,0
GCTAGAGTAGAGATGT-1,19062,17779,2
GCTAGCTTGAATAGCT-1,11521,16763,0
GCTAGGCACCACGGAG-1,17322,17273,0
GCTAGTAGAGCTTGTA-1,14570,13484,0
GCTAGTTTCATTGAGG-1,10513,7928,0
GCTATACGTCTCGGAC-1,17903,16768,1
GCTATCGCGGCGCAAC-1,8627,8683,0
GCTCAATCCGTTTATT-1,10215,17014,2
GCTCAATGTAATACCG-1,13549,19288,1
GCTCATTACTGCATGT-1,18637,6926,1
GCTCCATGCAAAGCAA-1,13112,21055,0
GCTCCCAGTCGGTCCA-1,20951,14500,1
GCTCCGCTCGCTTCAG-1,21386,14248,1
GCTCCTGACATACTGG-1,9779,17771,2
GCTCGGAATTTAAAGC-1,17330,9196,1
GCTCTAAACCCTGACG-1,13558,9697,0
GCTCTATGTTACGTGC-1,10946,10200,0
GCTCTCGGGTACCGAA-1,13557,10202,0
GCTCTTTCCGCTAGTG-1,12968,19793,1
GCTGAATCTTCCAATC-1,8473,18527,0
GCTGAGGCGTGAGTAT-1,14424,13737,1
GCTGCACGGTTTCTTA-1,15730,13990,1
GCTGCTACTGCGTAGC-1,16017,16514,1
GCTGCTCTCCGGACAC-1,14281,11465,1
GCTGGCATATTCACCT-1,9640,11461,0
GCTGGCGGCGCATGCT-1,14421,17270,0
GCTGTATTACTGGCCC-1,10652,15248,1
GCTGTTGCTACCGAAC-1,18921,13488,0
GCTTAATGTAACTAAC-1,17325,14244,0
GCTTACGTAGTTAGTA-1,21388,12733,1
GCTTATGAAGCAGGAA-1,18052,12478,1
GCTTCCGTCCCTAGAC-1,16313,10962,0
GCTTGATGATAATCAG-1,10367,9190,1
GCTTGGATCGATTAGG-1,19213,11469,2
GCTTTCAGAGGAGGTG-1,18923,11974,2
GGAAACCTTGTTGAAT-1,20521,8694,0
GGAAAGTGCCCATGCC-1,18200,8692,1
GGAACCGTGTAAATTG-1,11956,16006,0
GGAACCTTGACTCTGC-1,8183,18526,0
GGAAGCTCGCTTACAG-1,17187,6420,1
GGAATGCGCTAGCGTG-1,17037,11720,1
GGACACAAGTTTACAC-1,21240,15509,1
GGACCAACAGGATAAC-1,14857,16513,0
GGACCTCTAGGCCGCC-1,9488,18275,2
GGACTCGACAGCGCAT-1,11807,20801,0
GGACTCGTGAGTGGTC-1,10648,19791,1
GGAGAAGTCATTGGCA-1,11092,9443,1
GGAGACGACACCTTTG-1,14859,14494,1
GGAGCAACATTTCAAG-1,20078,18032,2
GGAGCACCAAGAACTA-1,17039,10205,1
GGAGCGAGGCCTACTT-1,15143,20552,1
GGAGGGCTTGGTTGGC-1,16457,11719,0
GGAGTGCCGCCCTGGA-1,12834,8435,1
GGATACTCATGAATTG-1,11675,5910,0
GGATCATCCCGTACGC-1,19797,7936,0
GGATCCGGAATATACT-1,17037,12225,0
GGATCTTACTGCCCTT-1,10212,20043,0
GGATCTTGACTCAACC-1,7604,16507,0
GGATGAAGATCGCTGA-1,18776,14245,2
GGATGACGCGAGTTTA-1,11669,12977,0
GGATGCTGGCGTTCCT-1,7897,13478,0
GGATGTCCTTACCGCA-1,18342,12478,1
GGATTCAGTACGGTGG-1,9932,8432,1
GGATTCCGCTATACCC-1,16895,8439,2
GGATTGCTGTGACTCC-1,17321,18787,0
GGATTTCACTTCTATA-1,17182,11468,1
GGCAAAGGCGCCAATA-1,10070,17266,2
GGCAAATTACTTTACT-1,12829,13988,1
GGCAAGCCCATAGTGG-1,13983,20551,1
GGCAAGGCGAAATAGC-1,15149,14999,1
GGCAATAGTCAATGAG-1,15297,11213,0
GGCACTCCACTGGGCA-1,11815,12220,1
GGCAGCAAACCTATGC-1,20079,16518,2
GGCATACAGGTAGCGG-1,9784,12218,1
GGCATATCGGTTCTGC-1,17186,7934,1
GGCCCTCACCCACTTA-1,8478,12974,0
GGCCGAGACTCTGGTG-1,9778,19285,0
GGCCGGCGTCTGCTAT-1,16594,20048,0
GGCCGTTTGGGTTTCA-1,11664,18530,2
GGCCTTTGCAACTGGC-1,6302,12720,0
GGCGAAATCTAACTTG-1,17760,14497,2
GGCGCAGGACATCTTC-1,9058,12975,0
GGCGCATGAATTGATG-1,12973,14240,2
GGCGCGGAGATCTTTC-1,17611,18283,0
GGCGCGTTCGAGTTTA-1,13698,15503,0
GGCGCTTCATTCCCTG-1,15434,20552,0
GGCGGAGTAATATTAG-1,11815,11715,1
GGCGGTAGGATCATTG-1,15152,11466,2
GGCGTAGGGAAAGCTG-1,17030,19796,0
GGCGTCCTATCCGCTG-1,9930,11461,0
GGCTAAAGGGCGGGTC-1,19506,8441,0
GGCTATTAAGTTGTAT-1,11090,11967,1
GGCTCCTCCACCTGTT-1,10213,18528,2
GGCTCGCGTTGAGGTA-1,18633,11469,2
GGCTCGTGCCACCAGC-1,10658,8685,1
GGCTCTGCTCCAACGC-1,15588,10204,0
GGCTGAAATAGCAAAG-1,16598,16010,0
GGGAACGGGAGGTTAG-1,10508,13481,1
GGGAACGGTTTCAGAT-1,9777,19790,1
GGGAAGACGGTCTGTC-1,16160,19796,1
GGGAAGGGCTTTCTCA-1,17755,19545,0
GGGACAGAGTTACTCC-1,7893,18021,2
GGGACTGCATAGATAG-1,13846,11717,1
GGGAGAACTCACAGTA-1,14426,11717,1
GGGAGGATGCCCGAAA-1,12539,12978,1
GGGAGTAATGGCTGGC-1,11240,6162,0
GGGAGTTAATGAGGCG-1,16022,11971,0
GGGATGGTCGTAACCG-1,11377,15501,0
GGGATTTACCGCACCT-1,18195,14245,2
GGGCAACCGCACGTGC-1,7894,17517,0
GGGCCCGTCTTAAACA-1,12683,14240,1
GGGCCCTACGAAAGGG-1,7462,13225,0
GGGCCGGCCGAAGTAC-1,17326,12730,0
GGGCCTAAATGGGCTA-1,6445,14991,0
GGGCGATATGTGTGAA-1,13557,10707,0
GGGCGGCAAATGAATT-1,11666,16006,0
GGGCGGGTTCCCTACG-1,10507,14490,1
GGGCGGTCCTATTGTC-1,9208,7170,0
GGGCGTACATTTATAT-1,12977,9697,0
GGGCGTCACCACGTAA-1,12392,15754,0
GGGCGTCCACTGGCTC-1,17331,7682,1
GGGCGTGGTTTCCCAG-1,16886,19039,0
GGGCTCATCGAACCCA-1,18054,9954,0
GGGCTGCCTAGGGCGA-1,15151,11970,1
GGGTACTTCATGAACT-1,10799,12976,2
GGGTATGTATGCACTT-1,9205,10703,0
GGGTATTCTAGCAAAC-1,7313,17516,0
GGGTCACCGTGACGGT-1,11960,12472,1
GGGTCAGGAGCTAGAT-1,13113,20045,1
GGGTCGTGGCAAGTGT-1,20665,9956,0
GGGTGACACCTTAACT-1,13263,15250,1
GGGTGCATATGAAAGC-1,21389,11219,0
GGGTGTTTCAGCTATG-1,15010,7680,1
GGGTTAACATTTGAGT-1,12390,17268,1
GGGTTTAGGATAGGAT-1,20661,14499,1
GGTAAATGTGCGTTAC-1,16897,6419,1
GGTAACCGGGAGGATA-1,9054,18022,2
GGTAACTATGTATCTG-1,11530,6667,1
GGTACAAACATGCTAT-1,12974,13735,1
GGTACATCTGGGACGA-1,7752,13226,0
GGTACCATTAAGACGG-1,20374,10966,2
GGTAGAAGACCGCCTG-1,15437,17019,0
GGTAGACCGTTGGGCG-1,12826,17016,0
GGTAGTGCTCGCACCA-1,15586,12223,2
GGTATAGTGACACATA-1,21678,12229,0
GGTATTGCCGAGTTTA-1,12830,11968,1
GGTCAAGACTACTTCG-1,20369,17023,2
GGTCAGTGGGTCCCAC-1,14132,15755,1
GGTCGGATAAACGGCG-1,19215,9450,0
GGTCGGCCAGGAGCTT-1,17327,11720,1
GGTCGGTAATTAGACA-1,10369,6666,0
GGTCGTAAGCTCGCAC-1,7895,16002,0
GGTCTCTGAATGGACT-1,10070,16761,2
GGTCTGAGAATCTGGA-1,16748,11215,0
GGTCTTGAGCGCTCTT-1,14564,20047,1
GGTGAAGTACAGGGAT-1,10506,15500,0
GGTGAGATGCAGATAA-1,10368,7675,0
GGTGATAAGGAGCAGT-1,16601,12981,0
GGTGCATAAATGATTA-1,11952,20549,0
GGTGCGGATAAGTGGC-1,11819,7677,1
GGTGCTGATCACAAAG-1,8190,10450,0
GGTGCTGGTACACATT-1,11813,14239,1
GGTGGACTGCTCTGGC-1,17467,17525,0
GGTGTAAATCGATTGT-1,14563,21056,0
GGTGTAGGTAAGTAAA-1,12387,21307,0
GGTTACCACCCTCGGG-1,9927,14994,1
GGTTAGCTATATGTCT-1,17759,15506,2
GGTTAGGCTTGGAGAA-1,10366,10704,0
GGTTAGTTACGGCGCC-1,8480,10450,0
GGTTCGGATTATACTA-1,6157,13477,2
GGTTCTACTCGTCTGA-1,20372,13490,1
GGTTGTGTAGCCTGGC-1,7028,11963,1
GGTTTACAATCTCAAT-1,15733,9952,2
GGTTTAGCCTTTCTTG-1,19935,15256,2
GGTTTGAGTGCTGGAA-1,11240,6667,1
GTAACTTGCGGCAGTC-1,10950,6162,0
GTAAGCGGGCAGTCAG-1,14283,9446,0
GTAAGGATTTGTCGGA-1,15011,6165,2
GTAAGTAACAGTCTGG-1,17035,13739,2
GTAAGTAGGGTATACC-1,10366,10199,0
GTAATAAAGGGCTCCC-1,20084,11470,2
GTAATCTGATTCTTCG-1,11521,16258,0
GTACACTTACCTGAAG-1,14425,12727,2
GTACAGAGGCAAGGGT-1,17181,12982,0
GTACGAGATTGCGACA-1,13413,8940,1
GTACGCTTCATTGCAC-1,15583,15252,1
GTACGTTTGCCCGTCA-1,15004,14747,1
GTACTAAGATTTGGAG-1,13122,10454,0
GTACTCCCTTATCGCT-1,9203,12722,0
GTACTCCTGGGTATGC-1,19940,10208,0
GTACTGCATGAAGCGT-1,10805,6414,0
GTACTGGAGTTAGACC-1,16892,11972,0
GTACTTGGGCACTTCT-1,9933,7927,0
GTAGACAACCGATGAA-1,13126,5406,0
GTAGACGTCGTTACAT-1,10804,6919,0
GTAGAGGGAGACAAGT-1,9635,16509,2
GTAGCCAAACATGGGA-1,15292,16261,0
GTAGCGGCTATACACT-1,15150,13485,2
GTAGCTCCGGGAGGCT-1,10502,20043,0
GTAGCTTCCTCTTGTT-1,18053,11468,2
GTAGGTGATCCGTGTA-1,16605,7933,1
GTAGTCGCGGGAATCA-1,16888,16010,0
GTAGTCTACGATATTG-1,16305,19543,1
GTAGTTCGAAGGCGAA-1,10792,20043,1
GTATAGGACTCAGTAG-1,13559,8688,1
GTATCAAACGTTAGCT-1,19208,17527,2
GTATCAGCTTGGGTTC-1,10077,8685,1
GTATCCTTTGGTAACC-1,18480,19798,0
GTATCTCAGTCTTGAC-1,8328,18274,2
GTATCTTTCATAACCA-1,14713,15251,1
GTATGAAATTTCACTC-1,8329,16760,0
GTATGTGGGTCTAGTT-1,18486,13235,0
GTATTAAGGCGTCTAA-1,8917,8684,0
GTATTCTGAGAAACGA-1,10651,15752,0
GTCAAAGAAGTGGTGT-1,7748,17769,0
GTCAAAGTTTACATAG-1,9354,6917,2
GTCAAGCGGACTCGGG-1,16310,13486,0
GTCACAAAGTTTCCAA-1,13996,5912,0
GTCACTCTCCAAATCT-1,9641,9442,0
GTCAGAATAGTCTATG-1,9785,11208,0
GTCAGTTGTGCTCGTT-1,15447,5913,0
GTCAGTTTGGTAGTCG-1,7029,10954,0
GTCATGCACCTCCGTT-1,13992,10960,0
GTCATGGACATGACTA-1,14137,10203,0
GTCATTAGAGCGAACG-1,14860,12980,2
GTCATTGCATTGACCC-1,7609,11459,0
GTCCAATATTTAGCCT-1,12823,20045,2
GTCCATTACTGCTACG-1,20516,14247,0
GTCCCAACGTAAAGTA-1,15731,11971,0
GTCCGGACCTGAAATT-1,17902,17273,1
GTCCGGCTGAATTGCG-1,12686,10706,1
GTCCGGGTTCACATTA-1,15433,21057,0
GTCCTACGAATAGTCT-1,18338,17021,0
GTCCTTCTAGTGGGTT-1,17042,6167,1
GTCGCGTAACCCGTTG-1,16020,13486,1
GTCGGATATCTCAGAC-1,10365,11714,1
GTCGGATGTAGCGCGC-1,16315,7933,2
GTCGTACCATCTCGGG-1,14133,15251,1
GTCGTACCTACGATTG-1,6447,12972,0
GTCGTATTGGCGTACA-1,18926,8440,0
GTCGTGTCTGGTCATC-1,21100,10714,0
GTCGTTATTCGCTTAT-1,16164,15252,1
GTCTACTCAATTACAA-1,7027,12973,0
GTCTATCTGAGTTTCT-1,11233,13734,1
GTCTATTGGTTCCGGT-1,18193,16264,2
GTCTGGGCGGTCGAGA-1,11522,15248,0
GTCTTAGTACAGCCGG-1,16462,6671,1
GTCTTGTAGCTATTCA-1,21386,14752,1
GTGAAACGGCGCCACC-1,17909,9701,1
GTGAAACGTGCTCCAC-1,10515,6414,0
GTGAACTCCCATTCGA-1,20229,11218,1
GTGAAGATTTCAAGTG-1,20086,8946,0
GTGACAGCTTCCCACT-1,15869,19795,1
GTGACCGCACACTACG-1,18341,13488,0
GTGACGAGGGTGACCC-1,21679,11724,2
GTGACGCAGGTTTCAT-1,16014,20048,1
GTGACTTCAGTAGTGC-1,12392,15249,1
GTGAGCGTGCTGCACT-1,8769,11965,0
GTGAGGACACTTAAGG-1,16310,13991,0
GTGAGGAGCGGTTGAG-1,17767,6925,1
GTGAGTGGTACAACGC-1,13261,16764,0
GTGATCACTAACGCCT-1,19210,15508,2
GTGATCATAGATCTGC-1,13408,14998,1
GTGATCCTTGTCATGA-1,17320,19292,0
GTGATTCGCCGCTCAA-1,10941,15753,0
GTGCAACAAATGTGGC-1,14140,7174,1
GTGCACCAGCTTCAAC-1,12968,20297,1
GTGCACGAAAGTGACT-1,15445,7932,1
GTGCCATCACACGGTG-1,10072,14237,1
GTGCCCGTTCGGATTC-1,17471,13487,0
GTGCCGCTTCAAAGGT-1,11522,14744,1
GTGCGAAATCGAACAC-1,11377,14996,1
GTGCGGGTCTCCAAAT-1,13268,8688,1
GTGCGTGTATATGAGC-1,17180,13991,0
GTGCTCAAGTACTGTC-1,12685,12221,1
GTGCTGCAGATAAGGA-1,6157,12972,0
GTGGAACCTACATGCG-1,16896,7429,1
GTGGACCAACCCGATT-1,9346,14994,0
GTGGACGCATTTGTCC-1,14421,17775,2
GTGGACGTGCTGAGAC-1,10803,7928,0
GTGGAGTCGGCGGTTG-1,10650,17267,2
GTGGCAAACAGCGGCA-1,8040,16255,0
GTGGCGGTCCCAGCGT-1,8042,13731,0
GTGGGAAGACTGAATC-1,7316,14992,0
GTGGGCTTAGACACAC-1,10801,10957,0
GTGGTGGCCAAGTGAA-1,16599,15000,0
GTGGTTACTTCTTTCG-1,20374,11470,2
GTGGTTTCCGCCTTTC-1,9782,14237,1
GTGTACCTTGGCTACG-1,16458,10205,0
GTGTCAGTGTACGTGG-1,11227,20801,0
GTGTCGTATAGCGTTC-1,16162,17272,1
GTGTGAATAACTTAGG-1,17182,11972,1
GTGTTACTATGCGTCC-1,16020,13990,1
GTTAAAGTAGGACTGG-1,17178,16011,0
GTTAACATCACTTAAA-1,15726,17524,1
GTTAACTATGTTGTCA-1,21241,14500,1
GTTAATGTCTATCTTA-1,6884,11206,0
GTTACAATTGGTGACG-1,9928,12975,1
GTTACCTACAACTTGC-1,14858,15504,1
GTTACTTTGGGCCTAG-1,12538,14492,1
GTTAGCCCATGACATC-1,16014,20553,0
GTTAGCCGTAAATCAA-1,21099,11219,0
GTTAGGCTACCCGTTT-1,7168,17264,0
GTTATAATACGGTGAA-1,20659,17023,2
GTTATATTATCTCCCT-1,13262,15755,0
GTTCACAGGAGTCTAG-1,10075,11713,1
GTTCATCGTTTGGCTG-1,20373,11975,1
GTTCCAGTCTGACCAT-1,12834,7930,0
GTTCGCCATAAGTGCC-1,12829,12978,2
GTTCGGATCGGGAACA-1,21096,14752,1
GTTCGGGCGTACCATT-1,20809,11723,0
GTTCGTCTAAAGAACT-1,18048,16516,0
GTTGAACCGGTTCCAT-1,10943,14238,1
GTTGAGTCCCGCCGGT-1,16452,16767,1
GTTGCACGGAGTTTCG-1,12107,9696,0
GTTGGATTCAGTGGCT-1,19072,7683,0
GTTGGATTGAGAACAC-1,17907,11721,1
GTTGGATTTGCGTTGG-1,12395,12725,1
GTTGGTCATGCTATCC-1,14276,17522,0
GTTGTCGTGTTAGTTG-1,11964,7424,1
GTTTACGTTCCATCTG-1,14423,15756,1
GTTTCATATCGTCGCT-1,9058,13479,0
GTTTCCTGGAGGGTGA-1,12252,9949,0
GTTTCTGCAGTCTCCC-1,15585,13738,1
GTTTGACCAAATCCTA-1,13556,11212,1
GTTTGGCCCAAGTTAT-1,16745,14243,1
GTTTGGCCGCTCAGCG-1,9789,6665,1
GTTTGGGCTTGTGAGC-1,14567,16513,0
GTTTGGGTTTCGCCCG-1,18336,19545,2
GTTTGGTAGGGTCAAC-1,13696,17017,0
GTTTGGTGATCGGTGC-1,10647,20295,0
TAAACCCAGGAGGGCA-1,10360,17266,2
TAAAGAGCCCGAAACC-1,11820,6162,1
TAAAGCGTTAGGAGAA-1,17908,10711,1
TAAAGCTGCAATAGGG-1,19216,7936,0
TAAATGAATCCGTTTC-1,9351,9441,0
TAACAAAGGGAGAAGC-1,10222,8937,1
TAACAATATTTGTTGC-1,7465,10702,0
TAACAGCGTTTGTGCT-1,10503,19538,1
TAACATACAATGTGGG-1,15295,13233,2
TAACATACACGCGATC-1,8764,17517,0
TAACCGCCCGCAGTGC-1,12256,5910,0
TAACCTACCGTCCGAG-1,19793,11975,2
TAACGCTTTGAGAGCG-1,9350,10451,0
TAACTATCGAAGGTCC-1,10076,9694,0
TAACTATTACGCCAAA-1,20664,10966,0
TAACTCATCCGCGCGG-1,12248,14492,1
TAACTCCATGGAGGCT-1,9062,8431,0
TAAGCAGGCGACACGC-1,7898,12469,1
TAAGGAACTTGTGGGA-1,10949,7676,0
TAAGGCAACATAAGAT-1,15443,9952,2
TAAGGCTGAATCCCTC-1,19210,15003,2
TAAGGGCCTGTCCGAT-1,18917,18031,0
TAAGGGCTGGGAGAGG-1,7753,12216,1
TAAGTAACATCTTGAC-1,10942,15248,1
TAAGTCGCCGAGTATC-1,9779,17266,2
TAAGTTGCGACGTAGG-1,18918,17022,0
TAATAAACAAGGAGAT-1,18346,7935,1
TAATACACAGTAGTAT-1,14429,8689,1
TAATAGAACAGAGTTA-1,10651,16257,0
TAATAGGTCACCAGAA-1,8182,19031,0
TAATAGTGACGACCAG-1,17183,10458,0
TAATATTGAAATTCGC-1,11964,7929,1
TAATCGATCCGTACGT-1,18634,9954,0
TAATTAGGACATCCGT-1,20806,14247,1
TACAAGTCTCGTGCAT-1,9059,11460,0
TACAGAAACGGTGGGC-1,17466,18535,0
TACATAGGCATACACC-1,13844,13736,1
TACATCCCTATCCCTG-1,7171,14740,0
TACATTTCTAACGTGC-1,13119,13483,1
TACCAATAAAGTACCA-1,17177,17525,2
TACCAGAAGTAGGTTC-1,12537,16006,0
TACCAGCTAGGTTTAA-1,14576,6417,0
TACCGCGGACTTGCAG-1,19213,11974,2
TACCGGCTCACTGCCC-1,14568,15503,1
TACCGGTCGTTTCCAT-1,10072,14742,1
TACCGTAGGTTAACTA-1,13405,18531,1
TACCGTGCCTCGGACC-1,15147,16514,0
TACCTCACGCTTGTAC-1,13269,7678,1
TACCTCAGTTGTCTGT-1,12389,18783,1
TACCTGCTGCACTGTG-1,8335,10702,0
TACCTTAAGATTTCCC-1,9345,16004,0
TACGAACACGACTTCA-1,12831,11464,1
TACGACGCTTGCTGCG-1,12972,15250,1
TACGACTGCCTCTTAG-1,14714,14746,0
TACGAGAACTTCACGT-1,10799,12471,1
TACGATGTTGATCATC-1,10219,12471,1
TACGCAGTTCTTTCCT-1,12538,13987,1
TACGCCATATTCTAAT-1,13554,13736,1
TACGCCGAGGGTACCC-1,10069,17771,0
TACGCCTCCATTCCGA-1,13696,17522,1
TACGCTATAGAAACCT-1,20228,12227,1
TACGGAAGCCAAACCA-1,15723,21057,0
TACGGGATGCTAGCAG-1,17185,8944,1
TACGTACTAGTGCTGA-1,11228,19286,2
TACGTGCACTATGCTG-1,9932,8937,1
TACGTTTACCGGCAAT-1,9783,13732,1
TACTCCTCTAGTTGAC-1,10357,19790,0
TACTCGGCACGCCGGG-1,7463,12721,1
TACTCTCCGAACAAAT-1,16895,8943,1
TACTGCAATCAATTAC-1,19941,9198,0
TACTGGACAGCTCGGC-1,8768,12469,0
TACTTGTTAGTAGTCC-1,17761,12982,0
TACTTTACTGAGCCGG-1,19068,11217,2
TACTTTCCGCACGCCA-1,7895,15497,0
TAGAAAGGTGGCGCTA-1,16892,11467,0
TAGAAATTCACGTATA-1,6592,12720,0
TAGAATTAAGGGCAAC-1,16172,6166,0
TAGACGAAACGCCAAT-1,15725,19543,1
TAGACGCCCGTACCGG-1,18198,11721,2
TAGACTACCTAGCGTT-1,20227,13237,1
TAGAGATCATGCAACT-1,8911,14741,0
TAGAGGTTCTACTTGT-1,19063,17274,2
TAGAGTCTAAGCGAAC-1,13121,10959,1
TAGATATGGACTGGAA-1,12827,16007,0
TAGATCCGAAGTCGCA-1,15592,6166,0
TAGATGGTTCCTTACT-1,19207,18536,0
TAGATTCCTGGTTATT-1,8044,11712,0
TAGCAACCTGTCACAA-1,8916,9189,0
TAGCCATTTCAAAGTC-1,18050,14497,2
TAGCCGGCGGTCAGCG-1,17472,11973,1
TAGCGTCCCTCGATTG-1,20951,15004,1
TAGCGTTGGGTCTTAC-1,15005,13232,2
TAGCTAAGTCCGGGAG-1,13412,10959,1
TAGCTAGAAGGCATGA-1,12536,16511,0
TAGCTCGCCTGATAAC-1,13552,16260,0
TAGCTGATGTGAAGCG-1,6591,14234,2
TAGGCATGTTACGCCA-1,17474,9449,1
TAGGGAGCTTGGGATG-1,19067,12731,2
TAGGGTGTTTCAAGAG-1,12978,9192,0
TAGGTCCAAGTAAGGA-1,8480,10955,0
TAGGTCGCCGGAACTG-1,19648,11722,2
TAGGTGACGATAACCT-1,16595,19039,0
TAGGTGAGCCCTACTC-1,9930,10956,0
TAGGTGCTCGCCTAGC-1,17616,13739,0
TAGGTTCGAGTTCGTC-1,14861,12475,2
TAGTACCTTAGTGGTC-1,8191,8935,0
TAGTAGCTTATACCAG-1,11373,19034,2
TAGTCCGCAGAGAATG-1,12829,13483,1
TAGTCGATCACGGGTT-1,19064,15760,0
TAGTCTAACAACGAGA-1,10073,13733,1
TAGTCTGTGACGTTGC-1,20085,9451,0
TAGTGCCCTCCAGAGT-1,12686,11716,1
TAGTTAAGATAGGATA-1,17042,6672,1
TAGTTTATTCTTGCTT-1,13415,6921,0
TATAAATCCACAAGCT-1,11528,8686,0
TATAAGTGAGGATAGC-1,10802,8938,1
TATACACAGACGCCTT-1,13842,16260,0
TATACACGCAAAGTAT-1,10368,8180,1
TATAGAGTCGCTTGAA-1,11808,19792,1
TATAGATGGTCGCAGT-1,19936,13742,1
TATAGGGTACTCATGA-1,8043,12721,0
TATATAGGGCTTTACG-1,9922,19538,0
TATATATCGAGAAATG-1,9198,18780,2
TATATTCGCGTCGATA-1,14142,5660,0
TATCACCCAACCGACC-1,19650,9703,0
TATCACTTCGAGTAAC-1,19506,7936,0
TATCCATATCATGCGA-1,12689,8182,0
TATCCGCACCGTCGGG-1,12824,18531,1
TATCCTATCAACTGGT-1,13693,21055,0
TATCCTGCATGGGAAT-1,12980,7173,0
TATCGATCTATGCATA-1,17910,9197,1
TATCGATGATTAAACG-1,12252,9444,0
TATCTACAGAGGTAAT-1,8624,11207,0
TATCTACCACAGCGGG-1,13844,14241,0
TATCTAGCCTAAAGGA-1,6883,12215,1
TATCTTGCAATACAAC-1,7458,17769,0
TATGAAGACAGGTGCG-1,8190,10955,0
TATGATCTTCTCTTTA-1,18192,18283,2
TATGCTCCCTACTTAC-1,13993,9950,0
TATGGATGTGCTACGC-1,12977,10202,0
TATGGCCCGGCCTCGC-1,9495,11208,0
TATGGGACCGAGCAGG-1,13265,12726,1
TATGGGTACGTATCGT-1,13556,11717,1
TATGGTCTGAGTAACA-1,13555,12726,1
TATGGTTAGTGGGAGA-1,20371,13994,0
TATGTAAAGTGCTTAA-1,11517,20296,1
TATGTCAAGACCGACT-1,18490,8692,1
TATGTCTCATTGTGCC-1,17038,11215,1
TATTATGTTTGCCTGC-1,7603,18021,0
TATTCAATTCTAATCC-1,15876,12224,0
TATTCCACTCAGCTCG-1,13407,16007,0
TATTCCTCCGCCCACT-1,9781,15752,0
TATTCGTGCCAGAATA-1,14426,12222,2
TATTTAGTCTAGATCG-1,13559,8183,1
TATTTATACCGAGTAG-1,16461,7681,1
TATTTGTTACCCTTTA-1,11817,9696,0
TCAAACAACCGCGTCG-1,13848,9698,0
TCAAACTTAGATTGTT-1,14571,11465,1
TCAACAAAGATAATTC-1,9345,17013,2
TCAACACATTGGGTAA-1,10224,6413,0
TCAACATAGCGCCCTA-1,11519,18277,2
TCAACCATGTTCGGGC-1,12542,9949,0
TCAACGCAGGAAATAA-1,9636,16004,0
TCAACGCGACCGGCAG-1,8477,13479,0
TCAACTAACGTATAAC-1,7899,11459,0
TCAAGAAATACTAGCT-1,20808,12228,2
TCAAGGTTACTACACC-1,20080,15508,2
TCAATACGCCGTCATG-1,13984,19541,1
TCACAAACCGAGGTAC-1,18916,19041,0
TCACAGCAAACTCGAA-1,12246,16511,0
TCACAGGGAATCGCAA-1,16599,15505,0
TCACAGGTTATTGGGC-1,12105,11715,1
TCACATCTTATCTGAT-1,8045,10702,0
TCACCCTCTTAAGATT-1,13698,14998,1
TCACCGCTCGGCACTC-1,18488,11216,2
TCACGATGTCCGTGGA-1,9200,16761,2
TCACGCATTGTAGATC-1,12250,11968,1
TCACGGTCATCGCACA-1,11672,9443,0
TCACGTGCCCGATTCA-1,14135,13232,1
TCACTCGTGCAACGGC-1,18637,7431,1
TCAGAACCTCCACAGG-1,20519,11218,2
TCAGACGCTATAGAAG-1,15583,15757,1
TCAGCAAATGCATCTC-1,15732,11466,0
TCAGCAGTAGGCCCTG-1,11083,19034,2
TCAGGGTGTAACGTAA-1,15588,10709,0
TCAGGTTCTTTGAGAA-1,11235,11210,0
TCAGTACTGACCCGCG-1,10076,10199,0
TCAGTAGGGACTATAA-1,12102,15249,1
TCAGTGTATACGTCAT-1,10359,18276,2
TCATACTTACAGATCC-1,8626,9188,0
TCATATGAGCTTTGTT-1,14129,19794,1
TCATCACTCGAGCTCG-1,9353,7927,0
TCATCCCAGAGGGTGG-1,15301,6670,1
TCATCGATGGTCCCAA-1,9344,18023,2
TCATGCAGGTTCTCAT-1,17330,8187,1
TCCAACTTTAAATTCT-1,10943,13733,2
TCCAAGCCTAGACACA-1,16594,20553,0
TCCACAATGGTTTACG-1,10365,11209,0
TCCACATCGTATATTG-1,14853,21056,0
TCCACCTCTAGCCTTT-1,12824,19035,1
TCCACTTTATCTAGGT-1,16602,11467,0
TCCAGAGCACCGGTTC-1,15295,13737,0
TCCAGGCGAGTACGGT-1,13411,11464,1
TCCCAAAGACGAAGGA-1,13847,10203,0
TCCCACTCTCTTCCGG-1,20664,11471,0
TCCCAGCTTTAGTCTG-1,13265,12221,1
TCCCAGGCTTAGCTAA-1,12106,11211,1
TCCCGCGTACTCCTGG-1,15153,10456,0
TCCCGGGTGTGCTGCT-1,10074,12218,1
TCCCGTCAGTCCCGCA-1,16024,9447,1
TCCCGTGTGCAATTTG-1,16744,14748,0
TCCCTGGCGTATTAAC-1,7748,18274,0
TCCCTGGCTCGCTGGA-1,9059,11965,0
TCCCTTAGATTACTCG-1,17621,8187,1
TCCGAACTTGGCTTAC-1,7899,11964,0
TCCGAATGGTCCTGAG-1,21534,11471,0
TCCGATAATTGCCATA-1,14429,8184,1
TCCGATGACTGAGCTC-1,16169,9195,1
TCCGATGGTGCGACAT-1,12832,9949,0
TCCGATTACATTGCCG-1,9784,11713,0
TCCGCGGCAGCATCTG-1,17327,12225,0
TCCGCTGTCATCCCGG-1,16889,15506,0
TCCGCTTATCCCATTA-1,14422,16260,1
TCCGGCCTAGCGTACA-1,19359,10712,2
TCCGGTTCGTCCGGTC-1,12826,16511,0
TCCGTTAAGCTAATAT-1,19644,16770,1
TCCGTTTAGCCTTGAA-1,18053,10964,2
TCCTAAATTGGGAAGC-1,15291,17776,1
TCCTAACCGTCGGGCA-1,11808,19287,1
TCCTACATCCACGGCC-1,17324,15254,0
TCCTAGCAAAGAAGCT-1,11088,13986,1
TCCTCGGGCTGGGCTT-1,16165,13738,1
TCCTCTACGAGATGGC-1,9786,10199,0
TCCTCTCCAGTTGTCC-1,8044,11207,0
TCCTGCCAACTGGAGA-1,18202,6673,1
TCCTGCGTTGATACTC-1,9493,13227,1
TCCTTACGACGGTCCG-1,18919,16012,2
TCCTTCAGTGGTCGAA-1,15155,7427,1
TCCTTGTCCTTTAATT-1,15143,21057,0
TCCTTTAAATCCGCTT-1,18482,17779,0
TCCTTTCTTACGCTTA-1,14137,11212,1
TCGAAATTTAGGACCA-1,11671,10958,0
TCGAAGAACCGAGCAC-1,19500,15003,2
TCGAATATCCCGCAGG-1,9779,18275,2
TCGAGACCAACACCGT-1,13120,12978,2
TCGAGCCAGGCAGGCC-1,10504,18024,2
TCGATAGGCTAGTCGC-1,12111,5658,0
TCGCAAAGATGCATTT-1,16018,15505,1
TCGCACCAGGAGGCAG-1,16743,16263,1
TCGCATCCCTAAGTGT-1,9643,7422,1
TCGCCGAAGTTGCGTC-1,10507,14995,1
TCGCCGACATATTCGC-1,17610,20302,0
TCGCCGGTCGATCCGT-1,13994,8436,1
TCGCGTAGCAGTGTCC-1,19497,18032,1
TCGCGTCCAGAAGGTC-1,9350,11460,0
TCGCTAAACCGCTATC-1,18055,8440,1
TCGCTACTGGCTTTGA-1,15724,20048,1
TCGCTCGATATATTCC-1,14282,10960,0
TCGCTCGGCACCAGCG-1,20810,9704,0
TCGCTGCCAATGCTGT-1,16739,20806,0
TCGCTGGGCGGATTGT-1,15878,10709,0
TCGCTGTGCGTAAATC-1,11093,7929,0
TCGCTTTAAACGTTTG-1,17764,9954,1
TCGGAATGCGCTCTGA-1,9205,11208,0
TCGGACGCCCAGCCCA-1,16602,11972,0
TCGGAGAGTATCGGGA-1,8476,14993,0
TCGGAGTACATGAGTA-1,15877,11719,0
TCGGCGAACCCAAACC-1,20370,16013,0
TCGGCGTACTGCACAA-1,7025,16001,0
TCGGCTTGTATCGACG-1,19062,18284,0
TCGGGAACGTGCCTAG-1,20954,11471,0
TCGGGAGACAGCGTAC-1,15435,18533,1
TCGGGATTCAAACATA-1,7317,13478,0
TCGGGCCGTCGTGGTA-1,17906,13740,1
TCGGGTGAAACTGCTA-1,13271,6164,0
TCGGTCCCGACAATAG-1,8473,18022,2
TCGTAAGACGACATTG-1,16313,10457,0
TCGTACCGACGTCAAG-1,13258,20803,0
TCGTATAGTGCAATTA-1,13270,6668,0
TCGTATTACCCATTGC-1,8768,12974,0
TCGTCAAGTACGCGCA-1,10649,17771,2
TCGTCCGCTGGCGTCT-1,10947,9190,1
TCGTCTTAGGCGTTAA-1,17177,17020,0
TCGTGTACTATGGATG-1,16308,15505,0
TCGTGTCACGCTGACA-1,8476,14488,0
TCGTTAGGAGTCCCTA-1,12971,16764,0
TCGTTCGTTATTATGT-1,14141,6164,0
TCGTTGCTATCCGGTC-1,11810,17268,2
TCTAATACTGCCTCAG-1,8763,18022,2
TCTACCGTCCACAAGC-1,14862,10456,0
TCTAGCAATCTCCGCC-1,9491,15246,0
TCTAGCATCTTCGATG-1,11382,9443,1
TCTAGCATGCCCAGAA-1,14713,15756,1
TCTAGGTGGCGACGCT-1,19504,10965,2
TCTAGTGATATCGTGG-1,19355,14751,2
TCTATCATGCAGTTAC-1,10948,8181,0
TCTATCGGTCGCAACA-1,14428,9193,0
TCTATTACGCTGGCGA-1,10079,7170,0
TCTATTACTAGAGGAT-1,7317,13983,0
TCTCATGAGATAGGGT-1,17759,16011,2
TCTCCACAAGTTGAAT-1,18626,19041,0
TCTCGACGTATCGCCG-1,21531,15005,1
TCTCTAATAGCTGGTA-1,12688,8687,0
TCTCTTACCGCGAACC-1,11373,20044,1
TCTGAACCGGTCGGCT-1,10512,8938,1
TCTGAACTCGTACCCG-1,18919,15507,2
TCTGAATTCCGTACAA-1,18777,12226,1
TCTGCCAGAAACTGCA-1,16600,13991,1
TCTGGGTAGCGCTCAT-1,10363,13733,1
TCTGTCATACAAGAGC-1,11530,6162,0
TCTGTGCCATCATAGT-1,16747,11720,0
TCTGTTACCCAGCATA-1,10215,16509,2
TCTTACAGAGGTACCG-1,11674,7424,1
TCTTACCGGAACTCGT-1,18345,8945,1
TCTTACGGCATCCGAC-1,9351,9946,0
TCTTACTTATGCCTCT-1,18630,15002,2
TCTTAGAGCTCCAATT-1,20807,13742,1
TCTTAGAGTGAACTCT-1,19501,14498,2
TCTTCCCATGGGCACA-1,19068,11722,2
TCTTCGAATAGACGTT-1,15440,13485,1
TCTTCGATACCAATAA-1,14716,11718,1
TCTTCTATAACCCGCC-1,20661,15004,1
TCTTGATGCGTAGCGA-1,15006,11718,1
TCTTGCTCCCGATACT-1,14854,20047,1
TCTTGGTAACACCAAA-1,14574,8941,1
TGAAACTTATGCAAGC-1,15736,6418,2
TGAAAGGACCTGACTC-1,17182,12477,0
TGAACAAGCAGGGACT-1,10357,20295,0
TGAATACCGACGCGTA-1,17029,20301,0
TGAATGTCAGCCGGCC-1,20950,15509,1
TGACATCGAGCGGACC-1,19793,12479,2
TGACATGTAACGTGAC-1,14273,21056,0
TGACCAAATCTTAAAC-1,14128,20299,1
TGACCCACGTTAGACA-1,11960,11968,1
TGACGAATATTTCCCT-1,8331,14741,0
TGACGATGCACTAGAA-1,18922,12983,0
TGACTATAATCCTTTC-1,15003,15251,1
TGAGAATGCTTTACCG-1,12979,8183,1
TGAGAGATTTACCACG-1,18341,13992,2
TGAGATCAAATACTCA-1,14287,5407,0
TGAGATTAGGCCCTAA-1,18781,7683,1
TGAGCCATACAGTCTC-1,10653,14238,1
TGAGCGGAAAGTGTTC-1,14566,17523,0
TGAGTAAATTAGCGTA-1,13407,15502,0
TGAGTGCCTCTTAAAT-1,11087,14996,1
TGAGTGGTCCGTGACG-1,17328,11215,1
TGAGTTAAAGACATTC-1,21385,15762,1
TGATAGCGGGATTCTA-1,6884,10701,0
TGATCAGGGAACTGCT-1,8622,14236,0
TGATCCCAGCATTAGT-1,20665,10461,0
TGATCGGTTTGACCCT-1,12977,10707,1
TGATCTACGCTGATCT-1,19652,7684,0
TGATCTCCGGCGCCAG-1,12396,10706,1
TGATTCCCGGTTACCT-1,12388,19792,1
TGATTCGTCTATCACT-1,11090,11462,1
TGATTCTGTCGCCGGT-1,11521,15753,0
TGATTTATTAGCTGTG-1,10073,13228,1
TGATTTCCTCCTGACG-1,10078,7675,2
TGCAACCCATCTGCGG-1,18191,18788,0
TGCAAGAATGACGTAA-1,13846,11212,0
TGCAATCTAACACGGT-1,18191,19293,0
TGCAGAACTATATCGT-1,8332,14236,0
TGCAGAGTACCGAGCA-1,11814,13229,1
TGCAGATCGTCCTAGG-1,7751,14235,0
TGCAGCTACGTACTTC-1,7461,14235,0
TGCAGGATCGGCAAAG-1,15879,9700,0
TGCAGTTTCCTCCCAT-1,18196,13740,1
TGCATATGTCTGTCAC-1,17472,12477,0
TGCATGGATCGGATCT-1,14864,8437,1
TGCATGTGACCCATAG-1,10647,20800,0
TGCATGTGGTAATCTA-1,16893,10962,0
TGCCAAAGTCAGACTT-1,7896,14488,0
TGCCAATGGGTACTCT-1,12681,17269,1
TGCCACCTGGCGAAAC-1,16170,8690,0
TGCCAGTACGTGGAGA-1,15437,16514,0
TGCCATTACTAAAGAA-1,17765,8944,1
TGCCCGTACCGTTAAA-1,16019,15000,1
TGCCGGATGTACGAGC-1,10068,19285,0
TGCCTAATTGAAGATT-1,20368,17528,2
TGCCTGATCAAACGAT-1,15299,8689,1
TGCCTTGGCCAGGCAA-1,17033,16768,0
TGCGAATATGGGATTT-1,7025,14992,0
TGCGACACCCTAGTGC-1,11812,15249,1
TGCGACGGCCGAACGT-1,9778,18780,2
TGCGAGAATATTACCC-1,10941,16257,0
TGCGCAAAGCATTTGG-1,14862,11465,1
TGCGCGATTAACGGAG-1,11091,10452,0
TGCGGACTTGACTCCG-1,16159,20805,0
TGCGGAGTAAAGGTGC-1,15299,9194,0
TGCGGCATAGTTCAAC-1,12980,6668,0
TGCGGTGAAATTTCAT-1,14721,6670,1
TGCGTAAGAACCTGAT-1,11378,14491,1
TGCGTCATGACTGAGC-1,8184,17012,0
TGCGTTTGTTGACACT-1,16165,14243,1
TGCTAAGTGTCTATTT-1,18193,16769,0
TGCTCCACAGTTCTTA-1,18920,15003,2
TGCTCGGTGGGTCACC-1,15579,20300,1
TGCTCTTGAGAGTTTG-1,15289,19795,1
TGCTGGTTGGACAATT-1,11092,8938,1
TGCTGTTGAAGAACTC-1,14715,13232,2
TGCTTAGAGAGAATGC-1,8907,19284,0
TGCTTCCCAAGCAGTA-1,14709,19289,1
TGGAACCACTGACACA-1,19940,9703,0
TGGAAGAAGGGAACGT-1,10218,13480,1
TGGAAGACGAACACCA-1,11819,7172,1
TGGAAGGATAAAGATG-1,15009,8689,1
TGGAATATCCTTGACC-1,20666,9451,0
TGGACCAATCTAAGAT-1,16740,19291,0
TGGACGCAATCCAGCC-1,8038,18274,0
TGGACTGTTCGCTCAA-1,15731,12981,1
TGGAGTGATGCGATGA-1,11091,10957,0
TGGCAAACTAAATTAC-1,16453,16262,1
TGGCAACTCGCGCGCC-1,17620,9196,1
TGGCAATGGGACGGCG-1,20513,17276,2
TGGCAGATTACGATCA-1,13553,14745,1
TGGCAGCAGTAATAGT-1,13989,13484,2
TGGCCAAACTGAAGTA-1,16168,10709,0
TGGCCAATTTGGTACT-1,6734,16001,0
TGGCCGTATATTGACC-1,10656,10200,0
TGGCGATCAAGTTATG-1,13116,16512,0
TGGCTATGTGACATAC-1,17031,18787,0
TGGCTCTTGTCGCGTA-1,6881,14235,0
TGGCTTTGGGTAGACA-1,12543,8435,0
TGGGAAATGCCTTTCC-1,9061,9441,0
TGGGCAATAGTTGGGT-1,20805,15257,1
TGGGCACAAACAGAAC-1,11821,5658,0
TGGGCACGTTCTATGG-1,15736,7428,1
TGGGCCACAAGAGCGC-1,15590,8185,1
TGGGCCCATACTAATT-1,18049,15507,2
TGGGCGATACAATAAG-1,14128,20803,0
TGGGTAAGGTTCCCGC-1,16606,6924,1
TGGTAAGCAGGATTGA-1,6736,13982,2
TGGTAGAATATATGGG-1,19644,15760,2
TGGTATCGCATCCCAA-1,15012,5660,0
TGGTATCGGTCTGTAT-1,13707,5407,0
TGGTCCCACGCTACGG-1,15872,16767,1
TGGTCTGTTGGGCGTA-1,9348,12975,0
TGGTGATCGTATTTGT-1,7465,10197,0
TGGTTCAACGGGTAAT-1,15873,16262,0
TGGTTCGTAGCAAAGG-1,13123,9445,0
TGTAATGACCACAATA-1,7173,12720,0
TGTACCTACACGAGGG-1,18336,18536,0
TGTACGAACAAATCCG-1,13555,13231,1
TGTAGGAGAAATTTCC-1,17617,12225,1
TGTAGTGATCTATAAT-1,9929,12471,1
TGTATAACAGATCCTG-1,16603,10962,0
TGTATCCTTATTCCAT-1,12400,6163,2
TGTATGGCGCAGACAG-1,18630,14498,2
TGTCCCGACATAGCAC-1,13416,6416,0
TGTCCGTGGCGCCTTT-1,7754,11207,0
TGTCCTAAGTCACCGC-1,9494,12218,0
TGTCTACAGTTTCTGT-1,12835,6416,0
TGTGACTACGCCAGTC-1,15734,8942,0
TGTGCCGGTGCCGGAA-1,19208,17022,2
TGTGCTTTACGTAAGA-1,7753,12721,1
TGTGGCAAAGCGTATG-1,17763,10963,1
TGTGGCGGGCTTCTGG-1,13693,20046,1
TGTGGTTGCTAAAGCT-1,12243,20044,1
TGTGTCGCGAGTTGCA-1,10367,9695,0
TGTGTTCGTATCCAAG-1,8189,11459,0
TGTTATTGTATGTGGC-1,17615,14749,2
TGTTCCGCTTCCATGA-1,11524,12724,0
TGTTCGTATTGCGGTG-1,13987,16008,1
TGTTCTTCCATTGACT-1,11380,11967,1
TGTTGTCAAGAAGTCT-1,17039,9701,1
TGTTTAATACTTCATC-1,16317,5914,0
TGTTTCGGTACTTCTC-1,13269,8183,1
TTAAACCTGGTTCCTT-1,6885,10196,0
TTAAACTCGAATTCAT-1,18923,11469,2
TTAACACCTCGAACAT-1,8336,9693,0
TTAACCAACCCTCCCT-1,13124,8435,1
TTAACGTCGCAAGACC-1,12981,6163,0
TTAACTTCAGGTAGGA-1,8911,15246,0
TTAAGATAGGATTGAC-1,19791,14499,2
TTAAGCCGACAACTTC-1,16316,6924,1
TTAAGCGCCTGACCCA-1,11526,11210,0
TTAAGGCCCGTACTTT-1,8763,18527,2
TTAATGTAGACCAGGT-1,15007,11213,2
TTAATTGCTTTGGGTG-1,16160,19291,1
TTAATTTCAGACGCGG-1,15155,7932,1
TTACAACTACGCATCC-1,12687,9697,0
TTACAGACCTAAATGA-1,19069,10207,0
TTACATCGTGGCCTGG-1,10367,8685,1
TTACATGCCACAACTA-1,20081,13994,1
TTACCATTGATTACCC-1,9204,12217,0
TTACCCATTGCCGGGT-1,17476,7934,1
TTACCCTAACAGTCCT-1,8626,9693,1
TTACCCTAGGGATTGG-1,13549,18784,1
TTACTAAAGGACTTTA-1,16453,15758,0
TTACTATCGGCTTCTC-1,7463,12216,1
TTACTCCGGCCGGGAA-1,16456,12224,0
TTACTCTGGTACGTAC-1,9637,14489,1
TTACTGGGATATTTCA-1,12973,14745,1
TTAGAAGAACATGACT-1,14422,16765,0
TTAGAATAAGGGTCGG-1,11664,19034,2
TTAGACACGATCGTTG-1,17621,7682,1
TTAGACGAGTCACCTC-1,16743,15758,0
TTAGAGTTTAGAAGGA-1,17614,15254,2
TTAGCAACATGGATGT-1,9207,8684,0
TTAGCTAATACGATCT-1,19360,9198,0
TTAGCTCTGTAATCCG-1,7319,11459,0
TTAGCTGATTTGCCGT-1,18776,13236,0
TTAGGTCATAACCGAC-1,10649,18276,2
TTAGTAAACCTGCTCT-1,18771,19293,0
TTAGTAGGGCGGCGGG-1,8914,12217,0
TTAGTTATTCGTGGCA-1,18339,15507,2
TTATAGGTAATTGTCT-1,15725,19038,1
TTATATACGCTGTCAC-1,15875,13233,0
TTATATTTGGCAATCC-1,14428,10203,0
TTATCCAATCGAACTC-1,9934,6918,1
TTATCCGGGATCTATA-1,17758,16516,1
TTATCCTCAAGGAATA-1,7749,16759,0
TTATCGCCTGCGAAGC-1,7610,10449,0
TTATCTGTATCATAAC-1,13848,9193,1
TTATGAATGAAAGGGA-1,14279,13989,1
TTATGACAAACTGGAT-1,10221,10452,0
TTATGATCTTAACGAA-1,17036,13234,0
TTATTAGAGCGTGTTC-1,15293,15252,1
TTATTAGGGAAGCATC-1,13705,7426,1
TTCAAAGTCTCTAGCC-1,16021,12476,0
TTCAACGACCCGACCG-1,12108,8687,0
TTCAAGCCGAGCTGAG-1,16026,6923,1
TTCAATACTCTGAATC-1,17616,13235,0
TTCACTCGAGCACCTA-1,15146,17523,0
TTCACTTCCTAGAACG-1,12533,20549,1
TTCAGCCCTGGTCCAC-1,17469,15506,2
TTCAGCTGGCGTGCCC-1,18918,17527,2
TTCAGGCGTCAAAGCC-1,7462,13730,0
TTCATGGCGCAACAGG-1,16025,8438,1
TTCCAATCAGAGCTAG-1,18925,9450,0
TTCCAATCTGGCTATC-1,11812,15753,0
TTCCACACAGATTTGA-1,11811,16258,0
TTCCAGACGAGATTTA-1,21242,13490,1
TTCCCGGCGCCAATAG-1,6880,15244,0
TTCCGCAGAGAAATAT-1,19796,8946,0
TTCCGCGTGAGGCGAT-1,14423,15251,1
TTCCGGCCTTGAGGCT-1,11520,17267,2
TTCCGGTATCTGTGTC-1,21822,13996,1
TTCCGGTTACCCACTT-1,17759,15002,2
TTCCTCGAGGGTGTCT-1,12253,8939,0
TTCCTCGGACTAACCA-1,17613,16263,0
TTCCTCTGCCCGAATA-1,7318,12468,1
TTCGACAGAGCCCGTG-1,15002,16766,0
TTCGACGGGAAGGGCG-1,11527,9696,0
TTCGCACTCGCGTGCT-1,11672,9948,0
TTCGCACTGTACGACA-1,13694,19036,1
TTCGCGCGCCATACGA-1,11954,18530,1
TTCGCTATCTGACGTG-1,19651,8693,0
TTCGGCAACCCGCTGA-1,17911,7682,1
TTCGGCTAGAGATGGT-1,8627,8179,0
TTCGGGACTAATCGCG-1,15586,12728,1
TTCGGGCGCTAGTCTT-1,10505,17519,2
TTCGGTACTGTAGAGG-1,14273,20551,1
TTCGTAATCCCAGCGG-1,17622,6672,1
TTCGTACTCCAGAACG-1,9350,10956,0
TTCGTTCAACGAAGTT-1,20375,9451,0
TTCTAACCGAAGCTTA-1,18197,12226,1
TTCTACTTGCGAGGGC-1,9787,9189,1
TTCTAGAAAGTCTTAT-1,11809,18782,1
TTCTAGGCCAATTGTG-1,11527,9191,1
TTCTGCCGCGCCTAGA-1,15148,16009,0
TTCTGCGAGCGCCCTT-1,7608,11964,0
TTCTGCGGGTTAGCGG-1,16745,13739,0
TTCTGCTAGACTCCAA-1,20519,10713,2
TTCTTAGTGAACGGTG-1,10078,8180,1
TTCTTAGTGGCTCAGA-1,13994,7931,1
TTCTTGAGCCGCGCTA-1,11087,15500,0
TTCTTGGACGATCTGC-1,9780,16761,1
TTCTTGGAGTAATGAG-1,16605,8943,1
TTCTTGTAACCTAATG-1,10222,9442,1
TTCTTTGGTCGCGACG-1,20230,9703,0
TTGAACGAATCCTTTG-1,8192,8431,0
TTGAACGACGTGCTGA-1,17901,18788,0
TTGAAGAATTCCCAGG-1,12395,11716,1
TTGAATATGGACTTTC-1,16166,12224,0
TTGAATCGTTGTATAA-1,6590,15749,0
TTGACAGGAGCTCCCG-1,19500,15508,2
TTGACATGAACGTGGA-1,9782,14742,1
TTGACCAGGAACAACT-1,16740,19796,0
TTGACCATGTTCTCCG-1,16459,9700,1
TTGACCGTGTTAATGA-1,10070,16257,2
TTGACGATTCAGCACG-1,12546,5911,0
TTGACGCTCCATGAGC-1,19791,13994,1
TTGACTACCATATGGT-1,11087,14491,1
TTGACTATTGTCCGGC-1,20225,15256,0
TTGAGAGTACTGCTAA-1,10652,14743,1
TTGATCTAACTTTGTC-1,11961,10958,1
TTGATGTGTAGTCCCG-1,18199,9702,1
TTGATTAGCTGTTTCT-1,10071,15752,0
TTGATTATGCAGATGA-1,9931,10451,0
TTGCACAATTCAGAAA-1,13408,14493,1
TTGCACGGAGCAGCAC-1,13703,8940,1
TTGCATGCTGATCACG-1,10218,13985,1
TTGCCAAGCAGAACCC-1,21676,14753,1
TTGCCATAGCCCGCTC-1,8619,17265,0
TTGCCCTGATCACGGG-1,10074,12723,1
TTGCCGCTTTCTAGTA-1,16450,19291,1
TTGCGGCATCAGAAAG-1,11665,17015,0
TTGCGTCGGCCAACCG-1,11086,16510,0
TTGCGTGAACGCTTAG-1,19072,7179,0
TTGCTCCCATACCGGA-1,15589,9195,2
TTGCTGAAGGAACCAC-1,13414,8435,1
TTGCTGATCATGTTCG-1,13411,11969,1
TTGGAAGAATACAGTC-1,8620,16255,0
TTGGACATGTGGCTTA-1,9347,13984,0
TTGGACCATCTGGCAA-1,20369,16518,1
TTGGACCTATAACAGT-1,17612,17778,2
TTGGAGTCTCCCTTCT-1,11531,5657,0
TTGGATATCGTCTACG-1,12682,15754,0
TTGGATCGACTTCTGG-1,13851,6164,0
TTGGATTGGGTACCAC-1,13124,7930,1
TTGGCCTAGAATTTCG-1,17041,7681,1
TTGGCTCGCATGAGAC-1,10512,9442,1
TTGGGAAGACGAGCCG-1,14418,20804,0
TTGGGACACTGCCCGC-1,15297,10709,0
TTGGGACGTAAGAGTT-1,20949,16519,1
TTGGGCGGCGGTTGCC-1,16167,11214,0
TTGGTCACACTCGTAA-1,12102,15754,0
TTGGTTGCGGTGCGCG-1,8474,17012,0
TTGTAAGGACCTAAGT-1,9781,15247,0
TTGTAAGGCCAGTTGG-1,16893,10458,0
TTGTAATCCGTACTCG-1,13120,12473,2
TTGTATCACACAGAAT-1,15881,6671,0
TTGTCGTTCAGTTACC-1,13558,9193,1
TTGTGAACCTAATCCG-1,18192,17778,0
TTGTGAGGCATGACGC-1,7026,14487,0
TTGTGCAGCCACGTCA-1,15870,18786,1
TTGTGGCCCTGACAGT-1,13849,8183,1
TTGTGGTAGGAGGGAT-1,9200,16256,0
TTGTGTATGCCACCAA-1,13841,17774,1
TTGTGTTTCCCGAAAG-1,13697,16512,0
TTGTTAGCAAATTCGA-1,11237,9191,1
TTGTTCAGTGTGCTAC-1,14428,9698,2
TTGTTGTGTGTCAAGA-1,16312,11467,0
TTGTTTCACATCCAGG-1,11229,18277,2
TTGTTTCATTAGTCTA-1,9488,18780,0
TTGTTTCCATACAACT-1,9056,14994,0
