spot,x,y,cluster_7
AAACAATCTACTAGCA-1,3185,1310,0
AAACAGAGCGACTCCT-1,5820,2287,0
AAACAGCTTTCAGAAG-1,1446,4907,6
AAACAGGGTCTATATT-1,1654,5265,6
AAACCCGAACGAAATC-1,6914,5065,0
AAACCGGAAATGTTAA-1,7381,5870,0
AAACCGGGTAGGTACC-1,2426,4813,6
AAACCGTTCGTCCAGG-1,3151,5708,4
AAACCTAAGCAGCCGG-1,5270,6866,4
AAACCTCATGAAGTTG-1,1960,4366,2
AAACGAAGATGGAGTA-1,1193,6254,4
AAACGGGCGTACGGGT-1,5683,6864,4
AAACGGTTGCGAACTG-1,4033,7050,4
AAACTCGGTTCGCAAT-1,4600,6958,0
AAACTCGTGATATAAG-1,6803,3091,1
AAACTGCTGGCTCCAA-1,4438,5074,3
AAACTTAATTGCACGC-1,1608,6791,4
AAAGACCCAAGTCGCG-1,3446,1937,4
AAAGACTGGGCGCTTT-1,1750,3649,6
AAAGGCTACGGACCAT-1,3774,6603,3
AAAGGCTCTCGCGCCG-1,3823,5974,3
AAAGGGATGTAGCAAG-1,4173,3191,3
AAAGTCACTGATGTAA-1,3652,1936,3
AAAGTCGACCCTCAGT-1,1753,4367,6
AAATAAGGTAGTGCCC-1,6909,3808,0
AAATACCTATAAGCAT-1,4542,5253,6
AAATAGGGTGCTATTG-1,5060,5790,4
AAATCCGATACACGCC-1,5477,6865,4
AAATCGCGGAAGGAGT-1,1245,6164,4
AAATCGTGTACCACAA-1,3870,4987,1
AAATGATTCGATCAGC-1,6699,2912,3
AAATGGCATGTCTTGT-1,4530,2202,4
AAATGGCCCGTGCCCT-1,1861,5444,3
AAATGGTCAATGTGCC-1,3609,4001,6
AAATGTGGGTGCTCCT-1,3752,1218,0
AAATTAACGGGTAGCT-1,3970,4089,5
AAATTCCAGGTCCAAA-1,6910,4167,0
AAATTGATAGTCCTTT-1,2585,5979,4
AAATTGCGGCGGTTCT-1,1948,1494,0
AAATTTACCGAAATCC-1,5611,1570,4
AACAACTGGTAGTTGC-1,3143,3554,5
AACAATACATTGTCGA-1,2896,6516,4
AACACGACTGTACTGA-1,4322,1844,4
AACACGAGACGCGGCC-1,2066,5084,6
AACACGCGGCCGCGAA-1,2722,1581,3
AACAGCTGTGTGGCAA-1,2586,6338,0
AACAGGAAATCGAATA-1,4427,2382,4
AACAGGTAGTATGGAT-1,6812,5424,0
AACATATCAACTGGTG-1,6082,3452,0
AACATTGGTCAGCCGT-1,1844,1315,0
AACCAAGACTTCTCTG-1,2217,4275,5
AACCCATCCCATGATC-1,1708,6072,6
AACCCGACAACCCGTG-1,3208,7054,4
AACCCGAGCAGAATCG-1,6815,6142,0
AACCGAGCTTGGTCAT-1,4585,3189,6
AACCTCGCTTTAGCCC-1,5218,6597,0
AACCTGTCACGGAATT-1,7065,4256,0
AACCTTTAAATACGGT-1,4493,5882,0
AACCTTTACGACGTCT-1,5717,2467,4
AACGAAAGTCGTCCCA-1,1400,6253,4
AACGATAATGCCGTAG-1,4750,5791,0
AACGATAGAAGGGCCG-1,3705,2385,6
AACGATATGTCAACTG-1,4895,3188,6
AACGCATGATCTGGGT-1,6338,2823,4
AACGCGAACGGCAACA-1,2104,1763,3
AACGCGACCTTGGGCG-1,3724,7052,4
AACGTAGTCTACCCAT-1,3082,1131,0
AACGTCAGACTAGTGG-1,3038,3195,3
AACGTGATGAAGGACA-1,5251,1840,4
AACGTGCGAAAGTCTC-1,4796,4265,6
AACTACCCGTTTGTCA-1,6811,5245,0
AACTAGCGTATCGCAC-1,3444,1399,3
AACTCAAGTTAATTGC-1,3249,4451,6
AACTCCTAATCCCATG-1,5716,2108,4
AACTCGATAAACACGT-1,1587,1406,0
AACTCGATGGCGCAGT-1,2363,2031,4
AACTCTCAATAGAGCG-1,5776,4172,3
AACTGAGTTATACTGA-1,7535,5601,0
AACTGGGTCCCGACGT-1,4378,2831,4
AACTGGTGTGGGCCTT-1,3496,1668,3
AACTTGCGTTCTCGCG-1,2003,2302,4
AAGAAGGATCAGTTAG-1,2261,2211,4
AAGACCAAATAACTCA-1,1298,6612,0
AAGACCCAACTGAACA-1,3773,6423,4
AAGAGGATGTACGCGA-1,2476,4544,2
AAGAGGCATGGATCGC-1,5105,4264,6
AAGAGGCCCTTTGGAA-1,6609,6322,4
AAGATGGCACCGGACC-1,2999,6336,4
AAGATTGGCGGAACGT-1,5618,3365,4
AAGCATACTCTCCTGA-1,4544,5792,0
AAGCCGCCGTGAAATC-1,2176,6878,0
AAGCGCAGGGCTTTGA-1,4755,7048,3
AAGCGGCGTCATGGGT-1,5973,1837,0
AAGCGTCCCTCATCGA-1,2792,6158,3
AAGCTAGATCGAGTAA-1,4491,5523,4
AAGGAGAACTTATAAG-1,3907,1307,4
AAGGAGCGGTTGGTGC-1,3452,3553,6
AAGGATGAGGGACCTC-1,5463,3455,0
AAGGCAGGCTGTCTCC-1,7067,4795,4
AAGGCTGTGCTCATCG-1,3350,3732,5
AAGGGAACGACTGGCT-1,2072,6699,4
AAGGGACAGATTCTGT-1,5721,3364,3
AAGGGACTATGCATTC-1,2329,6429,0
AAGGGTTTGATTTCAG-1,1039,6344,4
AAGTAGTGACGCGAGG-1,2577,4005,3
AAGTGACGACCGAATT-1,2270,4724,6
AAGTGAGTCGGGTTTA-1,3464,6604,0
AAGTGCTTCTCTATTG-1,2899,7234,4
AAGTGTTTGGAGACGG-1,5111,5700,4
AAGTTCAGTCTGCGTA-1,6337,2644,4
AAGTTGTGATGTTATA-1,6457,6951,3
AAGTTTATGGGCCCAA-1,4601,7138,0
AATAACAACGCTCGGC-1,2527,4274,5
AATAACACTAGAACAA-1,2945,5708,4
AATAAGTCCTCGAGAC-1,4630,1484,0
AATAATCTTCGTATCG-1,7277,5691,0
AATACAATGTTTCAGG-1,1955,3110,4
AATACCGGAGGGCTGT-1,2899,7055,3
AATAGAATCTGTTTCA-1,5419,5340,3
AATAGTCCGTCCCGAC-1,3927,6153,4
AATATCAAGGTCGGAT-1,3136,1759,4
AATATCGAGGGTTCTC-1,6185,3452,0
AATATTGGAGTATTGA-1,2114,4276,5
AATCAGACTGCAGGAC-1,2155,1494,4
AATCAGGTTTCATTTA-1,2693,7235,0
AATCGCGCAGAGGACT-1,6861,4796,4
AATCGGGACACTACGA-1,4064,1755,4
AATCGTGAGCCGAGCA-1,5271,7046,4
AATCTATGCCGGAGCC-1,6649,3360,0
AATCTCTACTGTGGTT-1,1496,4458,1
AATCTGCGTTGGGACG-1,5723,3903,3
AATCTGGCTTTCTAGT-1,1758,5623,4
AATGACGTAGGATGTC-1,5005,4982,4
AATGACTGTCAGCCGG-1,3399,3104,5
AATGAGTTCGCATATG-1,2055,2391,6
AATGATGCGACTCCTG-1,6185,3273,0
AATGCAACCGGGTACC-1,4018,3281,1
AATGCACCAAGCAATG-1,5976,2735,0
AATGGTCCACCGTTCA-1,1802,3739,4
AATGGTTCTCACAAGC-1,2778,2748,6
AATGTGCCCGAGGTGT-1,2379,5980,0
AATTAAAGGTCGGCGT-1,3559,4629,5
AATTAACGGATTTCCA-1,4391,6241,0
AATTACGAGACCCATC-1,1245,6343,0
AATTACTCGTACGCTC-1,1383,1945,0
AATTAGCGCTGCAGCG-1,4234,5614,4
AATTCATAAGGGATCT-1,5668,3095,4
AATTCATTGTCATGCA-1,1453,6702,0
AATTCCAACTTGGTGA-1,1638,1316,0
AATTCCAAGCATGTAC-1,3981,6961,4
AATTCGATTCGAGGAT-1,4910,6957,4
AATTGAACGCTCTGGT-1,5263,5071,6
AATTGCAGCAATCGAC-1,6250,6772,0
AATTTGGGACATAGTA-1,5665,2198,4
AATTTGGTTCCAAAGA-1,4426,2023,4
ACAAACCATGCGTCCT-1,1814,6790,4
ACAAAGAAGGTAGGCC-1,1189,5177,4
ACAAAGCATGACCTAG-1,5992,6684,0
ACAAATCGCACCGAAT-1,5214,5520,4
ACAAATGGTAGTGTTT-1,5315,4981,0
ACAAGGACAAGAGGTT-1,2885,3645,3
ACAAGGGCAGGCTCTG-1,4902,4983,6
ACAATAGTCGTACGTT-1,2013,4815,6
ACAATCCATTTAAACC-1,2630,4274,2
ACAATCGATCTTTATA-1,4165,1216,0
ACAATGAATACGGAGA-1,2586,6159,4
ACAATTTGAGCAGTGG-1,5206,3546,3
ACAATTTGGCCATATT-1,7326,4884,3
ACACAAAGACGGGTGG-1,3863,3192,1
ACACACCAGGACCAGT-1,5624,4980,4
ACACACTTTCTACACG-1,4272,2293,6
ACACATGATCAAATCT-1,1813,6431,3
ACACATTGACGCAACA-1,1382,1766,0
ACACCCAGCATGCAGC-1,3554,3193,5
ACACCCGAGAAATCCG-1,2985,2747,3
ACACCGGTCTGACCGC-1,1866,6879,3
ACACCTTAAGTAGGGC-1,3193,3284,5
ACACCTTACTACTTGC-1,6706,4706,0
ACACGTAGGCCACAAG-1,6661,6232,0
ACACTCCAATGTCACT-1,1849,2572,6
ACACTGGGACAGTCGT-1,6919,6321,0
ACAGAACTGAGAACAA-1,2223,5711,6
ACAGATTAGGTTAGTG-1,3909,1666,4
ACAGGCACGGATCCTT-1,5891,7223,4
ACAGGTGGAGGTGAGG-1,2996,5619,6
ACAGTAATACAACTTG-1,1705,5175,3
ACATAAGTCGTGGTGA-1,1452,6343,4
ACATCAGCTGGGACGC-1,1597,3919,6
ACATCGATCGTTTACC-1,4179,4806,1
ACATCGGTCAGCCGCG-1,2889,4721,6
ACATCTCAACGCGTAA-1,4785,1393,4
ACATGGCTCAATTTAG-1,1691,1765,4
ACATTAGTTTATATCC-1,4131,5614,4
ACATTCGCGCGGAATA-1,2385,7595,0
ACCAAACTAGAAATCC-1,4423,1305,4
ACCAACACCACACACT-1,6647,2822,3
ACCAACCGCACTCCAC-1,5992,6863,0
ACCAACGCTTATTTAT-1,3513,5796,6
ACCACAACTCAGAACA-1,5147,1661,0
ACCACTGTTCAAGAAG-1,1279,1946,4
ACCAGCCCGGTCTTTG-1,4681,1394,4
ACCAGGAGTGTGATCT-1,3804,1308,0
ACCATATCCGCAATAA-1,3868,4448,5
ACCATCCGCCAACTAG-1,1601,4996,5
ACCATCGTATATGGTA-1,3148,4810,6
ACCATTAAGGGTGTCA-1,1229,2215,0
ACCCGAGCGAAATTAC-1,2484,6518,0
ACCCGATTGGTTCCGA-1,2796,7235,0
ACCCGGAAACTCCCAG-1,4339,6152,0
ACCCGGAGCACCACAA-1,7331,6319,4
ACCCGGTTACACTTCC-1,3457,4809,5
ACCCTATAGGACTGAG-1,2002,2122,3
ACCCTATGCCATATCG-1,3049,6067,6
ACCCTCCCGTCAGGGC-1,6097,7222,3
ACCCTCCCTTGCTATT-1,5316,5340,4
ACCCTTTAGTTCTCCA-1,5095,1572,4
ACCGATAGGCATAACC-1,7074,6410,4
ACCGATATTTAATCAT-1,7175,5871,0
ACCGATGGTAGCATCG-1,5724,4262,6
ACCGCAATAACTGCCT-1,5059,5610,4
ACCGTGACCACGTGGG-1,3000,6516,4
ACCGTTCCCGCTCTGA-1,4321,1485,0
ACCTACAGTATGTGGT-1,6809,4706,4
ACCTACTATAAATCTA-1,3982,7140,4
ACCTCCGTTATTCACC-1,6755,4078,0
ACCTCGAACTTATGCT-1,1763,6880,4
ACCTTTCCTTTAGAAG-1,4371,1036,4
ACGACTGGTCATACTC-1,2743,6786,0
ACGAGATATTTGCTTA-1,5147,1841,0
ACGAGGATACCACTCT-1,1913,5533,6
ACGAGGTTTACAACGT-1,1657,6162,4
ACGAGTACGGATGCCC-1,6340,3541,0
ACGAGTCGCCGGCGTT-1,1381,1407,0
ACGATCATACATAGAG-1,4225,3280,4
ACGATGCATATGTTAT-1,3197,4361,6
ACGATGGATCCGATGC-1,4580,1933,4
ACGCAAACTAATAGAT-1,3413,6694,4
ACGCAATCACTACAGC-1,6597,3271,0
ACGCATTCGTGAGTAC-1,4124,3999,5
ACGCCCAGCTGTCGAT-1,4630,1304,0
ACGCCGCTAGACGACC-1,4644,4894,4
ACGCGAAGTCAGACGA-1,4027,5435,4
ACGCGCTACACAGGGT-1,2580,4723,6
ACGCGGGCCAAGGACA-1,4176,4088,5
ACGCTAGTGATACACT-1,6134,3542,0
ACGCTGTGAGGCGTAG-1,1651,4547,5
ACGCTTAGTGTCTCTC-1,5145,1302,0
ACGGACTCTCAAAGCG-1,4856,6509,0
ACGGAGCGCAAATTAC-1,6543,2643,3
ACGGCACTTGCTTGGG-1,4080,5704,4
ACGGCCAACATGGACT-1,3822,5795,4
ACGGCGGGTTGCCCTG-1,2567,1492,4
ACGGCTGGATGTAGAA-1,1555,6522,4
ACGGGTCATGTGACTT-1,1436,2394,3
ACGTACAGATTTCTCT-1,4374,1934,4
ACGTACTTTGGCACGG-1,2642,7325,4
ACGTCCTAAACGAGAT-1,4164,1037,4
ACGTCTCGTTCCGGGA-1,1292,4997,6
ACGTGCGCCTCGTGCA-1,4222,2562,4
ACGTGGTCGAATGTGC-1,4990,1213,4
ACGTTAGATTTGCCCG-1,2992,4542,6
ACGTTATTGGTCACTC-1,1644,2752,6
ACGTTCCGCGCTCCGT-1,3754,1756,4
ACGTTCGCAATCAATT-1,6806,3988,4
ACGTTCGTTCAGGAAA-1,3257,6425,0
ACGTTCTGTACAAGTC-1,5889,6864,4
ACTACATCCCGACAAG-1,1866,6700,0
ACTACCAGCTCTCTGG-1,3090,3285,5
ACTACGCGTTAGAATT-1,3876,6423,4
ACTATCGCCGGCTAAA-1,1023,2216,0
ACTATCTGCCCGCGTA-1,6813,5783,0
ACTATGTCCAGCTGCC-1,2124,6789,0
ACTATTCGTCCGTGGT-1,4788,2291,4
ACTATTTCCGGGCCCA-1,3102,6336,3
ACTCAGACCTGCTTCT-1,3187,1848,4
ACTCCAATATCATCAT-1,2485,6697,0
ACTCCCTAATGCTAAA-1,4545,6151,4
ACTCCCTAGAATAGTA-1,4594,5343,4
ACTCGATGTATTTCAT-1,1489,2663,4
ACTCTCTGACTTAGGT-1,5004,4803,6
ACTCTCTTATACACGA-1,5302,1750,4
ACTCTGACCTAATAGA-1,5994,7222,4
ACTGAATGGCGAAAGT-1,5264,5251,4
ACTGATTTAGTGATTC-1,5094,1392,0
ACTGCCCGCCATTCTC-1,2538,7146,4
ACTGCCGTCGTAACTC-1,4583,2471,3
ACTGCGGACACACCGT-1,7117,4346,0
ACTGCTCGGAAGGATG-1,1449,5804,4
ACTGTAGCACTTTGGA-1,2988,3465,5
ACTGTATACGCGAGCA-1,2827,1940,4
ACTGTCCAGGATTATA-1,3815,4000,6
ACTGTGCTAGTAGATC-1,2570,2210,0
ACTGTTTAGTGTAGGC-1,4011,1307,4
ACTTACCGGGCGCGCA-1,5870,2017,0
ACTTATACTTACCCGG-1,5621,4262,0
ACTTATTAGGATCGGT-1,3662,4449,5
ACTTCAGGCTGATCCC-1,5162,5610,4
ACTTCCAGTGGAAGCT-1,1141,6164,4
ACTTGACTCCCTCTTT-1,4695,4804,4
ACTTGCCATATTGTAC-1,3856,1397,4
ACTTGGGACCCGGTGG-1,3504,3642,6
ACTTGTAGTCCCTTCA-1,1498,4996,6
ACTTTCCTATAGCTTC-1,4174,3550,5
ACTTTGACTGCATCCT-1,1548,4547,5
ACTTTGGTCGTGCTCC-1,1659,6521,0
ACTTTGTCGACGCACT-1,7176,6051,0
AGAAATTATGACTCGC-1,6917,5783,0
AGAACCCAGCGTGACA-1,7378,4973,3
AGAACCCTCAATTGGG-1,1452,6522,4
AGAACGTGGTACATTC-1,4741,3458,4
AGAAGGTTGCCGAATT-1,3251,4810,6
AGAAGGTTGTAGGTCG-1,5012,6777,4
AGAATAAATCTTCAGG-1,1547,4368,1
AGAATTGTTTGACATA-1,2159,2570,4
AGACAGCTCAGAATCC-1,1593,3021,6
AGACAGGCATCTCAGC-1,7433,5960,0
AGACATAGATCCTTCC-1,3393,1668,3
AGACCAAACCACACCT-1,1449,5625,6
AGACCCACCGCTGATC-1,4336,5434,6
AGACCCGCCCTCCTCG-1,3864,3371,5
AGACCGGGAAACCCTG-1,1858,4726,6
AGACGACGATGCCGCT-1,2687,5799,3
AGACGCCCACTTCGCC-1,7177,6410,4
AGACTAGCCTTCCAGA-1,3349,3553,5
AGACTGTTACCGGGTC-1,3310,6694,4
AGAGAAACACCAGAAA-1,2744,7145,0
AGAGAACCGTCTAGGA-1,5514,3365,4
AGAGATCTCTAAAGCG-1,1909,4636,6
AGAGCCGCCGAGATTT-1,6764,6232,0
AGAGGTATCTCGGTCC-1,3598,1308,0
AGATAACTTCAGGGCC-1,3247,3912,5
AGATACCAATAGAACC-1,6663,6771,3
AGATACCGGTGTTCAC-1,2941,4632,6
AGATACGACTTCATAT-1,2777,2389,3
AGATACTCAAGATCGA-1,5212,5161,0
AGATATAATACGACTA-1,4703,6779,0
AGATCGTGCATAAGAT-1,5977,2914,0
AGATCTCAGGTGTGAT-1,4845,3637,3
AGATGACTCGCCCACG-1,3811,2923,4
AGATGAGGGTTGCGAT-1,6026,2286,0
AGATGCAAGACGTGCA-1,2225,6250,4
AGATGCATCCTGTGTC-1,1293,5356,6
AGATGCTATAACGAGC-1,1331,2035,4
AGATTATAGGACGTTT-1,3764,4269,6
AGATTCACAACCGATA-1,1656,5803,6
AGCAACATATCTTATT-1,5778,4710,3
AGCAACCGAAAGTAAT-1,2018,6071,6
AGCACACGTTTAGACT-1,2332,7147,3
AGCACCAGTACTCACG-1,4329,3459,3
AGCACTACCTCACCAG-1,5163,5789,3
AGCACTTAAGGACGCC-1,2783,3824,3
AGCAGAAGGAGAAAGA-1,4496,6779,4
AGCATCGTCGATAATT-1,3656,3013,5
AGCCAAGCTTTGTGTC-1,3981,6781,3
AGCCACAGGTTACCCG-1,5579,6685,0
AGCCCATACATGTAAG-1,2322,4813,6
AGCCCGGCATTAGAGG-1,2330,6788,0
AGCCCGGTAGCCTGTA-1,3515,6514,0
AGCCCTAAGCGAAGTT-1,4324,2382,6
AGCCCTGTCGCACCGT-1,7222,4704,4
AGCCCTTCTAATCCGA-1,6285,2554,0
AGCCCTTGGACATCCC-1,7021,6141,0
AGCCGCTTGATTAGCG-1,1022,2036,0
AGCCTAATACCCACGT-1,1706,5534,6
AGCCTTAAAGCGGAAG-1,1748,2931,6
AGCGACAGGAACGGTC-1,2893,5619,6
AGCGACATCCCATTCA-1,4016,2563,6
AGCGACCAACGATATT-1,3812,3282,5
AGCGAGACGTGAAGGC-1,2125,7148,3
AGCGATGCGCCTAATA-1,6559,6771,4
AGCGCGGGTGCCAATG-1,5720,3185,3
AGCGCTTATGGGCAAG-1,5921,1748,3
AGCGGGAAGGGTCCAT-1,2879,2209,3
AGCGGGTCTGACACTC-1,4394,6959,0
AGCGTAGCGCTAGACC-1,2257,1314,0
AGCTAACAAGCAATGT-1,2690,6517,4
AGCTAAGTACGCAGGC-1,5425,6776,4
AGCTAGAAGCAGAAGT-1,6080,2914,4
AGCTATTTAATCCAAC-1,4789,2470,6
AGCTCTAGACGTTCCA-1,4900,4444,3
AGCTCTTCCCAGTGCA-1,5512,2647,3
AGCTCTTTACTCAGTT-1,3302,4720,6
AGCTGAAGTAAACCAA-1,5306,2827,4
AGCTTCTTCTCGAGCA-1,6148,7132,4
AGCTTGATCTTAACTT-1,2167,4724,6
AGGAAAGCCTCTGATG-1,1639,1496,0
AGGACAGTCGAATCCC-1,5366,4891,0
AGGACATCGCACGTCG-1,2932,2478,3
AGGACGACCCATTAGA-1,3303,4899,5
AGGACGCTCGATGTTG-1,6027,2645,4
AGGACTTATAGGAGAA-1,1126,2216,0
AGGATAAAGTCGGGAT-1,4338,5793,3
AGGATCACGCGATCTG-1,1809,5354,3
AGGATTGCTTACGACA-1,7166,3717,4
AGGCAAAGAGGAATCA-1,2978,1131,0
AGGCAGATGCGTAAAC-1,5411,3365,6
AGGCAGGGAGCGTACT-1,3515,6334,0
AGGCCACATTGGTTAC-1,7481,5152,3
AGGCCACCCGTTATGA-1,2936,3555,3
AGGCCCAGTGACTGGT-1,1743,1854,0
AGGCCCATTGTACAGG-1,3809,2384,6
AGGCCCTAGAACGCCA-1,2272,5083,3
AGGCCTGAGAATCTCG-1,5527,6596,0
AGGCGATAACTGGCGT-1,7279,6230,4
AGGCTTCCCGAAGAAG-1,3150,5528,6
AGGCTTGCTAGACACC-1,1903,3200,4
AGGGAAACGAGGTACT-1,5561,2198,0
AGGGACAGCACGGCGG-1,3340,1399,4
AGGGACTCTACGCGAC-1,3720,5975,3
AGGGAGACATACTTCG-1,6805,3629,4
AGGGCGAGCAGCTGAT-1,2014,4994,6
AGGGCTGCAGTTACAG-1,4331,4177,1
AGGGTCAGAGCACTCG-1,3054,7144,0
AGGGTGCCGTTCTTTA-1,2692,6876,4
AGGGTGCTCTCGAGGG-1,5724,4082,4
AGGGTGGATAGTGCAT-1,1544,3650,4
AGGGTTCCCTTTGGTT-1,5516,3724,6
AGGGTTTAGTTCGGGA-1,4228,3998,4
AGGTACGATATTGCCA-1,4891,2111,3
AGGTAGATCGAGATAT-1,2794,6696,4
AGGTAGGTACAAAGCT-1,2578,4184,5
AGGTATGCGGACATTA-1,7376,4435,4
AGGTCGCCACTTCGGT-1,2360,1313,4
AGGTCGCGGAGTTACT-1,6340,3362,4
AGGTGTATCGCCATGA-1,1856,4367,2
AGGTTACACCATGCCG-1,6913,4885,4
AGGTTGAGGCACGCTT-1,4791,3009,6
AGTAATGTCTTGCCGC-1,4067,2473,4
AGTACATCATTTATCA-1,6599,3630,4
AGTACGGCCCGTATCG-1,1546,4188,4
AGTACGGGCACCTGGC-1,5050,3277,4
AGTACGTGGCCTGTCT-1,5507,1570,4
AGTAGCGTGAACGAAC-1,4681,1214,0
AGTAGGAAGGAAGTTG-1,6027,2465,0
AGTATCCATAATAACG-1,2206,1404,4
AGTATGCTGGAGACCA-1,2328,6249,4
AGTCAACACCACCATC-1,3405,4719,1
AGTCACTCCGCCTCAT-1,2516,1582,0
AGTCAGCCACCGCCTG-1,2416,2480,6
AGTCCCGCCTTTAATT-1,5769,2556,4
AGTCGACGGTCTCAAG-1,5622,4441,0
AGTCGGCCCAAACGAC-1,2987,3285,3
AGTCGGTTGCGTGAGA-1,6757,4617,0
AGTCGTATAAAGCAGA-1,5167,6866,4
AGTCTAAAGTATACTC-1,6702,3630,4
AGTCTTTAAAGTGTCC-1,4962,7047,3
AGTGACCTACTTTACG-1,3664,4988,1
AGTGAGCCTCGCCGCC-1,6289,3631,0
AGTGAGGGTTTCTGAC-1,5508,1750,0
AGTGATATGAGTAGTT-1,3510,5078,1
AGTGCTTGCACGAATA-1,5571,4711,0
AGTGGCGTCTGAAGGT-1,5424,6596,0
AGTGGCTCCGTCGGCC-1,1600,4637,6
AGTGGGAGTATACACG-1,969,1588,0
AGTGTATTGCGCATTG-1,5872,2556,0
AGTGTGGTCTATTGTG-1,2160,2929,4
AGTTAAACACTTGCGA-1,3250,4630,6
AGTTAAGCGGTCCCGG-1,5098,2469,6
AGTTACCGCACATGGT-1,1698,3380,4
AGTTATTGAAAGGTAA-1,4784,1214,0
AGTTCACCGGTTGGAC-1,1386,2843,4
AGTTCTGCGTTGTATC-1,1951,2212,4
AGTTGACATCGGCTGG-1,2311,1942,3
AGTTGACGGTCCTTGC-1,4239,6870,4
AGTTGCTGACTGATAT-1,1901,2482,4
ATAAACCATTGGACGG-1,3289,1310,0
ATAAACGGACCCGTAA-1,4129,5255,6
ATAAAGGTCAAGTACG-1,5352,1481,3
ATAAATATTAGCAGCT-1,2424,4454,2
ATAACGCCGGAGGGTC-1,5157,4174,6
ATAAGTAGGATTCAGA-1,6289,3452,4
ATAATACCGTTAGCCG-1,1797,2482,4
ATAATAGCTGTTGAAT-1,4232,5255,4
ATAATAGTGTAGGGAC-1,2520,2659,4
ATAATCTTGGAGAACC-1,4960,6508,0
ATAATTAGCTAAGTAG-1,4290,6780,0
ATACAGGCCCTCCAAT-1,4700,6061,0
ATACCACGGGCAACTT-1,2475,4185,5
ATACCAGCAAATTGCT-1,4063,1396,0
ATACCAGGTGAGCGAT-1,3804,1128,4
ATACCTAACCAAGAAA-1,4288,6242,0
ATACGAAGGCTTTCCA-1,7324,4345,4
ATACGGAACGTCGTTT-1,2121,6071,0
ATACGGGTTTCGATTG-1,5204,3007,0
ATACGGTGAAGATGCA-1,1546,4009,6
ATACGTACTTAGCCAC-1,4957,5970,4
ATACGTTATGCACGGA-1,4238,6691,0
ATACTACCCGTACCAC-1,6403,6323,0
ATACTTGTTCTCGAGC-1,1493,3740,5
ATAGACAACGGGACCT-1,5722,3544,4
ATAGACGAAGAGAAAG-1,3299,4002,6
ATAGAGTACTGGGACA-1,3451,3373,5
ATAGAGTTATCAACTT-1,5773,3454,4
ATAGATTTGCAGTCGG-1,4423,1126,0
ATAGCAACTAGGGAAG-1,6043,6594,0
ATAGCCTCAGTACCCA-1,1695,2662,6
ATAGCTGCTCTTGTTA-1,1488,2483,4
ATAGGCGGCTATAGAA-1,2684,4902,5
ATAGGTTGGGCAGATG-1,4277,3549,3
ATAGTGAAGCGTTCTC-1,3921,4717,4
ATATAAAGCGCTCGTG-1,4494,6241,4
ATATAACACGGGCGCA-1,5838,6954,4
ATATACGCTCGTGACG-1,6559,6592,4
ATATAGAGTATTGGTC-1,1556,6701,0
ATATCTCCCTCGTTAA-1,5460,2737,3
ATATCTTAGGGCCTTC-1,4125,4178,1
ATATTATCCCGTATTT-1,1021,1857,0
ATATTCAGTTAAACCT-1,3045,4990,6
ATATTCCACATAGTGA-1,4956,5611,0
ATATTGCTGTCAAAGT-1,2623,2658,4
ATATTGGAGAGGCCTT-1,7228,6320,4
ATCAATCTGGGCTGCA-1,4331,3998,3
ATCAATGCCGTGGCTG-1,1968,6520,0
ATCACATTAGAATATC-1,5203,2828,6
ATCACTTCATCCTCGC-1,4430,2920,6
ATCAGACGGCACGCCG-1,3148,4990,6
ATCAGCTCGTCCACTA-1,1757,5444,6
ATCAGGTCGCCATTGC-1,5818,1748,4
ATCAGTAGGCAGGGAT-1,5462,3096,4
ATCATAGCCCTATGTA-1,6456,6592,4
ATCATCCAATATTTGT-1,4023,4538,1
ATCATGGACTACCGAC-1,7481,4973,3
ATCCAATGGAGGGTCC-1,2374,4903,6
ATCCACATCGACAGAA-1,4702,6599,4
ATCCACGCTAAATGTT-1,5249,1481,4
ATCCAGAGCAACAACC-1,3666,5526,4
ATCCAGGATTCGTGAA-1,3353,4630,5
ATCCCATCCACAGCGC-1,1710,6611,0
ATCCTACCTAAGCTCT-1,3458,4988,1
ATCCTGAATCGCTGCG-1,2321,4454,2
ATCCTTCTGAAAGAAC-1,7482,5332,4
ATCGACTCTTTCCGTT-1,4121,3101,3
ATCGCACGATTGTTCA-1,1846,1674,4
ATCGCACGCCGGGAGA-1,3915,3282,1
ATCGCTGCGTGCAGCA-1,6700,3091,1
ATCGCTTTACGTCTCA-1,7426,4165,0
ATCGGAGACAGACGGC-1,4905,5701,0
ATCGGCAAGCAGTCCA-1,5925,2825,4
ATCGTCCAATCGAGTC-1,1640,1855,0
ATCGTGGAAAGTCTGG-1,2175,6699,0
ATCGTTCACTTTCGCC-1,5818,1928,0
ATCTAACGTCCCTATG-1,1124,1857,0
ATCTAATATCCTACGG-1,4442,5972,0
ATCTAGCTTGTGAGGG-1,4343,7049,0
ATCTCCCACGGAATAT-1,6558,6412,3
ATCTCGTGAGCGAAAC-1,6966,5334,0
ATCTGACATGGAAGGA-1,3103,6695,4
ATCTGATAGTGTCTTA-1,1591,2483,3
ATCTGCTGTTATCGCC-1,3930,7051,0
ATCTGGGCTGTTCTTG-1,4547,6510,3
ATCTGTAATTGTACCC-1,3912,2384,4
ATCTTATCGCACACCC-1,6353,6772,0
ATCTTGACCTGCAACG-1,3245,3374,5
ATCTTGACTTGTCCAA-1,6547,3720,0
ATGAAGCCAAGGAGCC-1,3347,3015,5
ATGACGCCGGCTCTAA-1,3964,2474,6
ATGACGCGTTCTATCC-1,2532,5710,6
ATGACTATCAGCTGTG-1,3207,6695,0
ATGAGGGCAGCGGCTA-1,7171,4794,3
ATGATCGGGAATAGAC-1,3757,2474,6
ATGATGCAATGGTACA-1,3561,4988,1
ATGCACCTTCCTTAAT-1,1283,2843,4
ATGCACGCGCTGTTCA-1,1555,6342,0
ATGCACTACCGCATTG-1,3297,3463,5
ATGCATTCCGTGATGG-1,3650,1398,3
ATGCCAATCGCTCTGC-1,6387,2374,3
ATGCCATTTGCGACCA-1,5675,4890,4
ATGCCGGTCTTGCATA-1,4846,3816,3
ATGCCGGTTGATGGGA-1,5254,2738,4
ATGCTCAGTGTTGCAT-1,2470,2928,6
ATGGAAATTTAAGGAG-1,1346,5805,4
ATGGAACCTTTGCACA-1,7169,4435,4
ATGGAGCAGGCCGTGA-1,4383,4267,1
ATGGATCCGGCGTCCG-1,5048,2739,6
ATGGATTGACCAAACG-1,4122,3460,3
ATGGCAGCATTACGAT-1,1918,6789,4
ATGGCGGAATAGTCGC-1,7374,4076,0
ATGGCTGGAAATGGCC-1,5766,1838,0
ATGGGACCTGCTGAAC-1,2587,6518,0
ATGGGTGTATACCTCC-1,2227,6788,0
ATGGTCGCGTGGTTTC-1,5366,5071,4
ATGGTGCTCAAAGCCA-1,3907,1128,4
ATGTAAGGCTGCTCTT-1,6754,3899,4
ATGTACGATGACGTCG-1,4291,6960,0
ATGTAGCGCGCGTAGG-1,4704,7137,4
ATGTCATTTCCCATTG-1,1179,2664,3
ATGTGCATCCGACGCA-1,3915,3102,3
ATGTGGACATCTTGAT-1,4645,5253,4
ATGTTCCTGCCCACCT-1,1385,2484,3
ATGTTCGTCGACCCAC-1,1701,4098,6
ATGTTGATTAGAGACT-1,5736,7133,4
ATTAAACATGCGGACC-1,4025,4897,1
ATTAATGAACCAGTCG-1,5049,3098,3
ATTAATTCGGTCACTC-1,4376,2292,6
ATTACAACTACCGGCC-1,5458,2019,4
ATTACCACACTGCCTG-1,7070,5333,0
ATTACGCGCTGGCAGG-1,2528,4633,6
ATTACTTACTGGGCAT-1,6132,3004,0
ATTAGATTCCTCAGCA-1,6391,3272,4
ATTATACTTTGCTCGT-1,4996,2649,6
ATTATAGCTACTTTAC-1,6910,3988,4
ATTATCTCGACAGATC-1,4115,1665,3
ATTATGCCATAGGGAG-1,3708,2923,3
ATTATTATGTCCGTCA-1,2896,6337,0
ATTATTCAGAGTCACT-1,5993,7043,0
ATTCAAAGTACCTGTT-1,1279,1766,4
ATTCACTGATGTTGGA-1,4494,6061,0
ATTCAGGACCTATTTC-1,6028,2824,4
ATTCCCGAAGGTACAG-1,988,6434,0
ATTCGACGCCGGGCCT-1,2320,4275,2
ATTCGCGCCTTGAGAG-1,6508,6861,4
ATTCTCGTCTCTTTAG-1,3601,2026,6
ATTCTGAGTATGAACT-1,5404,1570,4
ATTCTTCGTACTTATG-1,5457,1839,4
ATTGAAGATCTTAGTG-1,3505,3822,6
ATTGATAGCAACGAGA-1,2105,2122,4
ATTGATCACCACATTT-1,1397,5715,4
ATTGCCTTTATGTTTG-1,5322,6776,4
ATTGCTGCTCCTCCAT-1,3197,4182,6
ATTGGTAGGATCCGCT-1,1130,3292,6
ATTGTTCAACGATCCG-1,7329,5781,0
ATTTAACTCGTATTAC-1,3653,2295,4
ATTTACAGTTTACTGG-1,2937,3734,3
ATTTACTAAGTCCATT-1,6703,3809,0
ATTTCATTATTTCGCG-1,4994,2290,4
ATTTCCGGGTTCTGCG-1,2791,5978,6
ATTTGCCTAGTTACGA-1,4113,1127,0
ATTTGCGCGAGTAGCT-1,2584,5800,4
ATTTGGAGATTGCGGT-1,987,6255,4
ATTTGTCTTGGGAGCT-1,5313,4622,3
ATTTGTTCCAGGGCTC-1,4635,2740,6
CAAACGGTCGCACTTT-1,3040,3734,5
CAAACTATTGAGCTTC-1,4839,2021,4
CAAAGATTATTGGGCC-1,2534,6069,4
CAAAGGTCATCTGAAA-1,7378,5153,4
CAAAGTCAGGTTAGCT-1,1537,1855,0
CAAATCTCTCACAAGG-1,2220,4993,6
CAAATGCGGAGTGTTC-1,3958,1038,0
CAAATGTCCTTCCGTG-1,3716,5077,1
CAACACATCTCCTGCC-1,7167,3897,0
CAACAGTGCCAAACGG-1,4577,1035,4
CAACATGGCCTGATAA-1,1588,1586,0
CAACCGCACCTAGACA-1,1228,2036,0
CAACCTACCGAGCAGT-1,6301,6503,0
CAACGACCCGTTTACA-1,3552,2834,3
CAACGGTTCTTGATAC-1,2933,2657,6
CAACTATATCGAATGC-1,5046,2380,5
CAACTCCAACGTTTAG-1,5404,1391,3
CAACTGCTCATCCGAT-1,3824,6333,0
CAACTTGTAGTGGGCA-1,3084,1849,4
CAAGAGGGCGGAGTAC-1,4799,5163,4
CAAGATATTATAACGT-1,5573,5070,3
CAAGCAACGTCGGAGT-1,2938,3914,1
CAAGCACCAAATGCCT-1,4377,2651,3
CAAGCGGCACATAATT-1,4699,5881,0
CAAGGCCAGTGGTGCA-1,6148,6952,0
CAAGTGTGGTTGCAAA-1,5829,4620,3
CAATAAACCTTGGCCC-1,4792,3368,3
CAATACGAGAGTCTGA-1,7171,4974,4
CAATATTCTTGACCTA-1,3049,5888,6
CAATATTGGACTAGTG-1,1898,1764,0
CAATCCCTATACCAGC-1,5510,2109,4
CAATCCTGCCGTGGAG-1,2209,2301,4
CAATGAGGTTCGACTA-1,7114,3628,3
CAATGGATCTCTACCA-1,5412,3545,0
CAATTGGGCCGCACTC-1,1193,6074,3
CAATTTCGTATAAGGG-1,4229,4357,1
CAATTTGACCGGGAAG-1,1639,1675,0
CACAATGAGCTGCTAT-1,3560,4809,1
CACACAGCTTGCGCTC-1,6915,5244,0
CACACGTTTCAATGGG-1,5559,1480,3
CACAGAGACGAGGACG-1,2021,6789,4
CACAGCACCCACGGCA-1,4021,3820,6
CACAGTCCCGCTTCGC-1,6764,6411,0
CACAGTTCGCTTCCCA-1,6865,5873,0
CACATATTAGCAGGAT-1,4748,5253,4
CACATCGTGCACGCGC-1,2948,6426,4
CACATCTCACCGACGA-1,4855,6150,3
CACATGATTCAGCAAC-1,4281,4447,1
CACCACGCCACACAGA-1,1393,4638,5
CACCCACACGTCACCC-1,3190,2566,6
CACCCACGAGGCAATT-1,5409,2827,4
CACCCTTGGTGAGACC-1,1809,5533,6
CACCCTTTCCTCGCTC-1,3032,1759,3
CACCGATACACCGAGC-1,5303,1930,4
CACCGCCAGAAGGTTT-1,4019,3461,5
CACCGCCGACCAGCGA-1,4425,1844,4
CACCGCGTCCACTCTA-1,6336,2464,0
CACCGGAGATATCTCC-1,5766,1659,4
CACCTAATAGAGTCGT-1,2262,2570,6
CACCTAATCAGTTTAC-1,4687,2830,6
CACCTCGATGGTGGAC-1,4583,2651,6
CACCTTGCGAAACTCG-1,5307,3186,4
CACGAAAGTTAGTCCC-1,2474,4005,3
CACGACTAAAGTTCTG-1,3495,1309,4
CACGATTGGTCGTTAA-1,3545,1039,4
CACGCACAGCGCAGCT-1,4689,3189,4
CACGCAGCGAGGCTTT-1,3195,3823,5
CACGGCGCGCCAAAGG-1,6284,2375,0
CACGGGATTGAGGGTT-1,1545,3829,6
CACGTCAATCAATGGA-1,6971,6590,4
CACGTCGGGTTCTAGA-1,1023,2395,0
CACGTTCGTGCTCTAG-1,5157,4354,6
CACTAAAGTTGCCTAT-1,3609,4180,6
CACTACGGGAGCTGCC-1,6506,6323,4
CACTACTCAGTTCTGT-1,4837,1483,4
CACTCAAGAGCTATGG-1,3920,4538,1
CACTCAGCTCTTGAGG-1,4632,2022,4
CACTCCTATGTAAGAT-1,2843,6068,6
CACTCGAGCTGAACAA-1,4800,5342,3
CACTCGGTTAGGAGGA-1,1649,4188,6
CACTTCGCCACAGGCT-1,2573,2928,4
CACTTCGTCTTATCTC-1,1694,2303,3
CAGAATAACACACGGA-1,6711,5963,0
CAGAATATTCGTTATC-1,7380,5512,0
CAGACACCGATCGCTG-1,3616,5796,4
CAGACGAACCTGATAC-1,3563,5527,4
CAGAGGCGATGCATGA-1,3461,5886,4
CAGAGTGATTTAACGT-1,4529,1843,4
CAGATAATGGGCGGGT-1,6251,6952,0
CAGATACTAACATAGT-1,3348,3373,5
CAGATCATTTAAAGTC-1,6545,3002,0
CAGATCCTGGTTTGAA-1,1863,5982,6
CAGCAGCCCGTTCCTT-1,4999,3546,6
CAGCAGTCTGTGCTGC-1,4805,6599,3
CAGCCCTCACAGGCAG-1,4217,1306,4
CAGCCGGGCCCTCTAT-1,5354,2019,0
CAGCCTCCTGCAGAGG-1,4946,3098,4
CAGCCTCTCCTCAAGA-1,5872,2376,0
CAGCTCACTGAGACAT-1,4021,3999,5
CAGCTCGACAAGTTAA-1,5618,3544,4
CAGCTCGTGCTTGTGT-1,3138,2297,3
CAGCTCTGGGCTCACT-1,2798,7594,4
CAGGATATATCGTTGT-1,4077,4986,5
CAGGATCCGCCCGACC-1,3494,1129,0
CAGGCAGTCTTACCAG-1,5374,6866,4
CAGGCCGTTTGGGTGT-1,3198,4541,6
CAGGCGCACGGTGGTC-1,2430,6069,6
CAGTAACTATTTATTG-1,6183,2734,0
CAGTAATCCCTCCCAG-1,2263,2929,4
CAGTACATTCTCTAAA-1,6234,2824,0
CAGTAGATGATGTCCG-1,1024,2575,3
CAGTAGCCCACGCGGT-1,5669,3275,4
CAGTAGCGAGGTAGTA-1,2515,1402,0
CAGTCGAGGATGCAAT-1,6081,3273,0
CAGTCGGCCTAGATAT-1,1137,5087,4
CAGTCTCTCGGCTAAT-1,2413,1582,0
CATAACGGACAGTCGT-1,5827,4261,3
CATAAGAAGCTTGGCT-1,4701,6240,4
CATAAGCTCTCCGTCT-1,1703,4816,6
CATACACAAAGTCAGC-1,986,6075,0
CATACACGGTTCCCAC-1,3825,6513,3
CATACCCGTACCCAGT-1,2578,4364,2
CATACGAACTAGCTGG-1,2588,6877,0
CATACGGCGTCTGGGC-1,4230,4537,1
CATACGGGTGCATGAT-1,1845,1495,0
CATACTATGTAATTGT-1,3455,4271,6
CATAGAGGAGATACTA-1,5478,7224,3
CATAGCGTTGCCCACC-1,3152,5887,6
CATAGTACATTGAGAG-1,4943,2380,4
CATAGTCAAATACATA-1,5786,6864,4
CATAGTCCACAAGAAC-1,2581,5082,5
CATATACTACTGATAA-1,6234,2644,0
CATATAGGTACAGTCA-1,3818,4897,1
CATCATCTACCCGGAC-1,4529,2023,4
CATCCGCAGGCCCGAA-1,1745,2393,4
CATCGCCCGCGGCCAA-1,3241,2297,3
CATCGGACGGGTTAAT-1,3973,4807,1
CATCGTCCGGTTACTA-1,1542,3111,4
CATCTAGTGAAGGGAA-1,7223,5063,4
CATCTATCCCGTGTCT-1,6131,2645,0
CATCTGCAGGATCATT-1,1389,3561,3
CATGAACCGACATTTG-1,3188,2028,3
CATGAACCTCTTATCA-1,4527,1484,0
CATGATGCACAATTCT-1,4533,2920,4
CATGCCAACTCGCAAA-1,2065,4904,6
CATGCTGGCTCCAATT-1,4065,2114,4
CATGGCAGGAAGATCG-1,3912,2564,4
CATGGGTCGGGTGTGG-1,5358,2917,4
CATGGTAAGTAGCGTT-1,4748,5073,6
CATGGTATTAGTTTGT-1,1348,6343,4
CATGTCTCATTTATGG-1,5368,5430,3
CATTACATAGATTGTG-1,7011,3449,3
CATTACGTCGGCCCGT-1,4326,2741,3
CATTATAACAGGGTCC-1,4319,1126,0
CATTATGCTTGTTGTG-1,3658,3372,6
CATTCACTGACAGCTA-1,4424,1485,0
CATTCAGGTCAGTGCG-1,2051,1494,0
CATTCCCATTCCGTCG-1,7064,3897,0
CATTCCCTAAGTACAA-1,1899,2123,3
CATTGCGAAATGGGCG-1,1598,4278,6
CATTGCGGGTCAATTC-1,6907,3270,4
CATTGTGTGCTAGATC-1,1745,2213,3
CATTTAGCGGACCATG-1,5359,3276,4
CATTTATCGTTCAAGA-1,4940,1483,0
CATTTCTAGCAGACTA-1,2313,2480,3
CATTTGAGTGGTACGT-1,3460,5527,4
CCAAACAGAACCCTCG-1,3450,3014,5
CCAAAGTCCCGCTAAC-1,2876,1311,4
CCAAATCAAAGGGCAA-1,2127,7507,0
CCAACCTTATGTAACT-1,3105,7054,0
CCAACGATGCACTGAT-1,2886,3824,3
CCAACGCTTGCCAGGG-1,6128,1927,3
CCAACTTGATAGATCC-1,7327,5242,0
CCAAGAAAGTGGGCGA-1,3667,5706,6
CCAAGGAACAGAGAGG-1,3447,2296,4
CCAATAGTGCCGTCGA-1,3145,4092,5
CCAATGTCACAGCAAG-1,3507,4360,6
CCACACTGAGATATTA-1,3508,4540,5
CCACCAACTTTACTGT-1,3048,5708,4
CCACCCAAGGAAAGTG-1,4848,4355,6
CCACGGCAGGTGTAGG-1,2590,7415,0
CCACGTAAATTAGACT-1,7271,4076,4
CCACTATCCGGGTCAC-1,6960,3718,0
CCACTGGTGGCTGGTT-1,2063,4545,2
CCACTGTTTGGATTAA-1,6454,6233,0
CCAGAAAGCAACTCAT-1,2842,5709,4
CCAGAGACAAAGCCGG-1,2058,3109,3
CCAGCCTGGACCAATA-1,4332,4357,1
CCAGCTACGCCTCATA-1,2775,1850,3
CCAGCTCGAACGCATT-1,4341,6690,0
CCAGCTGATGGTACTT-1,2063,4366,2
CCAGGCTGGCGTCTGA-1,7279,6050,4
CCAGGGACGTGGCCTC-1,3710,3462,5
CCAGTAGTCTGATCCA-1,5670,3454,4
CCAGTCAAATCTCTTA-1,1394,4817,6
CCAGTCTAGACGGCGC-1,5411,3186,4
CCAGTCTTGTCATAGA-1,4030,6332,4
CCATAAACAACCCGAC-1,4891,2290,4
CCATAACCTGTGCAGT-1,1242,5625,4
CCATAGAGGCTGCCAG-1,1194,6433,0
CCATAGGTTGGCGTGG-1,4171,2652,6
CCATAGTCAGTAACCC-1,1849,2392,4
CCATCGCAGTTAAACT-1,4182,5524,6
CCATCTTGTTCACAAT-1,3084,1669,3
CCATGCCTGTTTAGTA-1,3712,4180,5
CCATGTTCATCTATAT-1,2435,7146,3
CCATTAGCGATAATCC-1,3144,3913,5
CCATTCCCTGCCCACA-1,2990,4003,1
CCATTTCTACCTATTA-1,4648,5971,0
CCCAACATACGTCGCG-1,2787,4901,6
CCCAACCACACTAACA-1,4373,1754,4
CCCAAGACAGAGTATG-1,3547,1398,3
CCCAAGTCATTACACT-1,5942,7133,0
CCCAATGAGATTTGCA-1,3051,6426,3
CCCAATTTCACAACTT-1,2682,4543,2
CCCACTCCACGGTATC-1,1139,5446,3
CCCAGAGGAGGGCGTA-1,6390,2913,4
CCCAGGTCTGAAGGCT-1,6710,5783,0
CCCAGTAAACTTGGGA-1,1604,5714,6
CCCAGTTAAGGCGCCG-1,5211,4802,4
CCCGAAGTTTCGCGAA-1,1550,5086,6
CCCGACCATAGTCCGC-1,4790,2829,4
CCCGATAGCCTCGCCT-1,7530,4344,0
CCCGCAGCGCGAACTA-1,4439,5433,4
CCCGCTTGCCCTCGTC-1,3030,1221,4
CCCGGCTAGGTGAGAA-1,1073,1947,0
CCCGGGTCGTTCAGGG-1,3929,6871,0
CCCGGTGGAAGAACCT-1,2058,3289,6
CCCGTAAGTCTAGGCC-1,2425,4634,2
CCCGTAGCTGGGAAGA-1,2998,6157,4
CCCGTCAGCGTCTGAC-1,3605,3103,5
CCCGTGAGGGCGGTGA-1,1188,4997,4
CCCGTGGGTTAATTGA-1,1432,1317,0
CCCTAGGCAACAAGAG-1,1138,5267,4
CCCTATGTAGAGCAGA-1,2226,6429,0
CCCTCAAGCTCTTAGT-1,1180,2844,4
CCCTCAGATCGAGAAC-1,2333,7506,0
CCCTCATTCTGGAATT-1,3242,2476,6
CCCTCGATAATACACA-1,2487,7236,0
CCCTCGGGAGCCTTGT-1,3959,1217,0
CCCTGAAATGAGTTGA-1,2989,3824,5
CCCTGACTAACAAATT-1,1599,4457,1
CCCTGATGTAACTCGT-1,1797,2303,4
CCCTGCCCAATCCGCT-1,1961,4725,6
CCCTGCGCTACGCATA-1,2216,4096,3
CCCTGGCTGTTCCTTC-1,1241,5266,4
CCCTTCTCGTACGCGA-1,2824,1222,0
CCCTTTAATGGAGTTC-1,6611,6681,4
CCCTTTGACAGGTCTT-1,3872,5525,3
CCGAAAGTGGTGAGCA-1,2365,2570,6
CCGAACACTGGGCCTC-1,1910,4995,6
CCGAACCTTCCCGGCC-1,4646,5433,3
CCGAAGCATTGACCAA-1,1246,6523,0
CCGAAGTATATTGTTC-1,2109,3019,4
CCGACAAACACATGAG-1,1694,2483,4
CCGACGTAAACACAAC-1,5974,2196,0
CCGACTCGCATAGTCT-1,4888,1393,4
CCGAGAAGTCGCATAA-1,6759,5155,0
CCGATATGACGTAAGG-1,7536,5960,4
CCGATTCGAGGGACCC-1,2011,4456,2
CCGCACAAAGACCAAC-1,4899,4265,3
CCGCACACGAACGTGT-1,7326,5063,4
CCGCATGTGGTACGAT-1,4390,6062,0
CCGCCACCACAATCCA-1,4372,1395,4
CCGCCGGAACTTCTCG-1,1605,5893,4
CCGCCGTTGAGGATAA-1,7120,5064,4
CCGCCTGCGAATTGGT-1,5975,2376,0
CCGCGGAATGCGTCAC-1,3305,5617,4
CCGCTCTTCCGAACTA-1,6095,6683,0
CCGCTGGTGCCATTCA-1,4785,1573,0
CCGCTTCGCGGTTAAC-1,2927,1221,4
CCGCTTGCTGACATGG-1,6804,3450,0
CCGGAAGTTATCAGTC-1,7534,5421,4
CCGGAGCGTACTTTCT-1,3875,6243,0
CCGGCCGCGAGCATAT-1,1090,6254,4
CCGGCGCATATTGGAT-1,3860,2295,4
CCGGCGTGAGACTCTG-1,1550,5265,6
CCGGGACCCGCAGAGA-1,3654,2475,4
CCGGGCGGTCTCGTCA-1,4898,3906,3
CCGGGCTAAGAATTTC-1,2023,7328,4
CCGGGTTCGAGGTTAC-1,2630,4453,2
CCGGTGCGAGTGATAG-1,1330,1676,4
CCGGTTTGTAATTGTG-1,3153,6067,4
CCGTACCCAAGCGCCA-1,2724,2119,0
CCGTAGGGTTGTTTAC-1,6352,6413,4
CCGTATCTCGTCGTAG-1,2378,5800,6
CCGTGAGGCATTCATG-1,7168,4256,4
CCGTGGAACGATCCAA-1,6442,3182,4
CCGTTACGTTAGAACA-1,5512,2826,3
CCGTTCCGAATCTCGG-1,2115,4635,2
CCTAAACAGGGTCCGT-1,3855,1038,0
CCTAAAGGCTGACGCT-1,5201,2289,3
CCTAAGTGTCTAACCG-1,2102,1224,0
CCTACATTCACAGACG-1,2687,5620,6
CCTACTGCTTACACTT-1,3503,3463,5
CCTAGGTAAAGGTAGC-1,1552,5624,6
CCTAGTTAGTCGCATG-1,4684,2112,4
CCTATACCGTCCTGTC-1,3307,5976,4
CCTATATCGTGTCACG-1,1503,6432,4
CCTATATTTGTCCTGG-1,3670,6603,4
CCTATGGCTCCTAGTG-1,2226,6609,4
CCTATGGTCAAAGCTG-1,4498,7138,0
CCTATGTCCACTCCAC-1,5734,6595,4
CCTCACCAATCTTGAC-1,2778,2568,4
CCTCACCTGAGGGAGC-1,6237,3542,0
CCTCACGTCAGCTAAT-1,7280,6409,3
CCTCATGCAGCTACGA-1,2517,1941,3
CCTCCCGACAATCCCT-1,4219,1844,4
CCTCCGACAATTCAAG-1,2680,4004,3
CCTCCTGTTGTGTCGT-1,5940,6594,0
CCTCGACCCACTGCCT-1,4733,1304,0
CCTCGCCAGCAAATTA-1,4790,2650,3
CCTCGCGCTGTGCGAT-1,4030,6153,0
CCTCGGATGCTACCTG-1,1494,3919,4
CCTCGGTTTCCTTGCC-1,2951,7324,3
CCTCTATCGATTAGCA-1,2326,5711,6
CCTCTCTCCCATCTAG-1,2835,4093,1
CCTCTGGCCTAGACGG-1,4840,2380,4
CCTCTGTACTATTCTA-1,4131,5794,4
CCTGAACGATATATTC-1,5364,4353,3
CCTGAATATTTACATA-1,4637,3099,4
CCTGACAAACTCGCGC-1,1128,2754,3
CCTGAGAATAAATGCA-1,2694,7415,4
CCTGCGATAGAACTGT-1,2001,1763,3
CCTGCTATTTGAGAAG-1,3555,3373,5
CCTGGAAACGTTCTGC-1,6809,4527,0
CCTGGCTAGACCCGCC-1,3195,3643,5
CCTGTAAGACATGATA-1,3094,4362,2
CCTGTACTCACGCCCA-1,2218,4634,2
CCTGTCGCCCGTAAAT-1,4177,4268,1
CCTGTGCATAGGAGAC-1,1793,1405,0
CCTTCAGTTAAAGTGA-1,3412,6514,0
CCTTCGTATAGAATCC-1,4137,7229,4
CCTTCTTGATCCAGTG-1,4738,2740,4
CCTTGACCACTTTATT-1,6608,5963,0
CCTTTAAGGGAGCACT-1,3566,6245,0
CCTTTGAATTATGGCT-1,1296,6253,4
CGAAACGCAATTCATG-1,2683,4722,5
CGAACCCGCATGCGTC-1,3511,5437,6
CGAACCTCTTTCCTAG-1,2023,7507,0
CGAACGGCCGGACAAC-1,1757,5264,5
CGAAGACTGCCCGGGA-1,3442,1040,4
CGAAGCTATAAATTCA-1,6389,2733,3
CGAAGTTGCTCTGTGT-1,2783,4004,5
CGAATCTGCTCGACGC-1,2123,6609,4
CGAATGAAGTCATTGC-1,2020,6610,4
CGAATGGTAGGTCGTC-1,2488,7595,0
CGACAGTTCGCGTTAT-1,3145,4272,2
CGACATGCGATCTTCT-1,4270,1754,4
CGACCCTTAACGCCGG-1,1602,5355,6
CGACGCATCCGTACCT-1,1500,5535,6
CGACTCAGGATGTTAT-1,5565,3096,4
CGAGACCCTAGAGTGT-1,4128,4896,1
CGAGAGATGTGAACCT-1,4742,3637,6
CGAGAGCGCGTAGATA-1,1343,5087,6
CGAGAGCTTTCACTAC-1,5528,6775,4
CGAGATGTTGCCTATA-1,2618,1222,0
CGAGATTTCGCTCGGG-1,6964,4795,4
CGAGCACTTCAAGTTT-1,2264,3109,6
CGAGCCGAGCACTCGA-1,1125,2036,0
CGAGGATCGGGAACGA-1,7063,3538,3
CGAGGCCAGGCATTGG-1,2106,2301,4
CGAGGGTATCCAGGTG-1,4084,6781,0
CGAGTACTAAAGAGGA-1,2788,5081,5
CGAGTGAAGGTACCAG-1,2482,5980,0
CGAGTGCTATAGTTCG-1,2930,1939,3
CGAGTTCTGTCCCACC-1,5360,3455,0
CGAGTTTATCGGACTG-1,5776,4351,4
CGATAATACTCAGGTT-1,7016,4885,4
CGATACCTCGCGGACA-1,3456,4630,5
CGATAGTCGTACTGCA-1,5529,6955,0
CGATCCGACCCAGTGC-1,3559,4450,6
CGATCTGTTGGAGGAC-1,2221,5173,5
CGATTAAATATCTCCT-1,4184,6063,0
CGATTCGCCTGGCTGC-1,4752,6150,4
CGCAAACACGAGTTAC-1,2884,3465,4
CGCAATTAGGGTAATA-1,3246,3553,5
CGCACGTCTGTTTATG-1,2641,7146,4
CGCAGAAACATTTGCG-1,3961,1756,4
CGCAGATCTTCACCCG-1,6804,3270,4
CGCATCATGGCTTCAG-1,5354,1840,4
CGCATCCATCAGCCAG-1,6959,3539,3
CGCATGCCGAATGCGT-1,5581,7044,0
CGCATGGTGCGATGCT-1,4385,4626,1
CGCATTAGCTAATAGG-1,3916,3461,5
CGCCAAGAAGCCGAGT-1,1857,4546,6
CGCCACAGGTCGCGAT-1,1448,5445,6
CGCCACCCGCATTAAC-1,1897,1584,4
CGCCCAGCACGCCTAG-1,3618,6334,0
CGCCCAGCGTTTCACG-1,5580,6865,4
CGCCCGCTTCCGTACA-1,5099,2649,6
CGCCCTTGAAGGCTGA-1,2007,3199,6
CGCCGCCCATGCCTGT-1,5261,4533,3
CGCCGTCTACCCATCG-1,7272,4435,4
CGCCTGGCCTACGTAA-1,2374,4724,6
CGCCTTTAGCATGCTC-1,7017,5064,0
CGCGAAGTGGCATACT-1,5941,6774,0
CGCGACACTGCGCAGC-1,1594,3201,6
CGCGAGTCTGCCGGGT-1,2016,5712,6
CGCGCAAATGTCCAGA-1,2224,6070,6
CGCGCAAGGAACTACA-1,2464,1492,4
CGCGCATGTTTGATTG-1,3769,5526,3
CGCGCCCGACTTAATA-1,4842,2919,6
CGCGGCAGTATTACGG-1,1796,2123,3
CGCGGGAATTAGGCAG-1,5103,3546,6
CGCGGTAAGTCTAGCT-1,7063,3718,4
CGCGGTACGGTATACA-1,7075,6590,3
CGCGGTCACAAACCAA-1,6440,2643,3
CGCGTCATATTAAACC-1,4268,1216,0
CGCGTTCATGAAATAC-1,3606,3462,6
CGCTACCGCCCTATGA-1,3133,1220,4
CGCTACGGGACATTTA-1,3456,4450,6
CGCTATACCGCCCACT-1,2828,2299,4
CGCTATTCAATGTATG-1,2572,2748,4
CGCTATTCTTAGGCTC-1,4075,4448,1
CGCTCGACATAATGAT-1,3295,2925,3
CGCTCTCCGTAGATTA-1,2887,4004,1
CGCTGAGGACGTCCAA-1,3031,1400,0
CGCTGTGACGCCGCAC-1,3399,3284,5
CGCTGTGTGGATGTTG-1,3205,6336,4
CGCTTAGTATTGATAC-1,3672,6962,0
CGCTTATTCCCGGTCG-1,2529,4813,6
CGCTTCGGTCTAAGAC-1,6354,6951,4
CGCTTTCATACCGGTG-1,3550,2296,6
CGGAAAGAATCAAACG-1,3463,6245,0
CGGAAAGCAAATGTGC-1,1282,2664,4
CGGAAATTTCACATCC-1,5197,1392,4
CGGAGCAATTTAATCG-1,4080,5883,3
CGGAGCATGGCGATCC-1,4436,4536,5
CGGAGCTTATAACACC-1,5406,1929,4
CGGAGTTTGAGAGACA-1,2731,3735,3
CGGATGAATGCTGTGA-1,2126,7327,0
CGGCAAACATCGTGCG-1,4389,5703,3
CGGCAATAAGATCGCC-1,6556,5874,0
CGGCACCGTTAGCGCC-1,5561,2019,4
CGGCACTCAAGAAAGT-1,2415,2121,4
CGGCAGGGTCGGGTTG-1,5826,3902,4
CGGCCACGCACAAAGT-1,4022,4179,5
CGGCCAGAGCGACCAT-1,3517,7052,4
CGGCCCAACCTGTAGT-1,6753,3540,4
CGGCTCTTCGTCGAAC-1,5405,1750,0
CGGCTGCAAGATTAAG-1,4475,1395,4
CGGCTTTGTATGATAA-1,3858,1756,4
CGGGAATTTATGTAAA-1,4335,5075,6
CGGGATCAATGTAAGA-1,4018,3102,4
CGGGCAGCTAAACCGC-1,3866,3910,6
CGGGCCATAGCCGCAC-1,1900,2302,4
CGGGCCTTCTTTGTAA-1,3818,4718,1
CGGGCGATGGATCACG-1,4859,7227,4
CGGTAGAGGTGCAGGT-1,5719,3005,3
CGGTATAGGTATTAGC-1,6077,2017,4
CGGTCAAGTGGGAACC-1,5102,3367,4
CGGTCTATCAACCCGT-1,5202,2648,3
CGGTGAAGACTAAAGT-1,2165,4186,3
CGGTGCAGATAGAACG-1,2838,4811,5
CGGTTCAAGTAGGTGT-1,6030,3183,0
CGGTTGACCTGGCATA-1,2270,4544,2
CGTAAACGCTTGAGTG-1,2157,2032,3
CGTAAAGCAAGAAATC-1,2435,7326,4
CGTAATAATTACGAGT-1,1281,2305,3
CGTACCTGATAGGCCT-1,4482,3010,6
CGTAGAGAGTAATTAT-1,5477,7045,0
CGTAGCGAATTGTCAG-1,4633,2202,4
CGTAGCGCCGACGTTG-1,3703,1667,4
CGTATTAAGAGATCTA-1,3763,3910,6
CGTCAAGGCTATAAAT-1,1699,3739,4
CGTCAGCTATTTACTC-1,1540,2573,3
CGTCAGTGCGCACAAG-1,3498,2027,6
CGTCAGTTTATCGTCT-1,4062,1217,0
CGTCCAGATGGCTCCA-1,971,2126,4
CGTCGCATGTGAGCCA-1,4961,6867,4
CGTCGCTTGGTTATAC-1,2278,6698,4
CGTCGTCCTTCGCGAA-1,4906,6060,4
CGTCTGGAAGGGCCCG-1,4170,2473,4
CGTCTTGAGTGTGACG-1,7428,4704,4
CGTGAAGTTAATTCAC-1,3869,4628,1
CGTGACATTGGGTCGT-1,5253,2379,3
CGTGCAGACTGGGACA-1,4797,4624,4
CGTGCATTGTCGACGC-1,2579,4543,2
CGTGCCCGACATTTGT-1,4010,1127,0
CGTGCCCTCCCGAAGA-1,4953,4893,6
CGTGCTTCTACCTAAA-1,2433,6608,0
CGTGTCCCATTCGCGA-1,3039,3554,5
CGTGTCTCGTTACGAC-1,2741,6427,4
CGTGTGTTAAACCCTG-1,6961,3898,4
CGTTCAGACCCGCGAA-1,4136,6870,4
CGTTCTTCGCACACCT-1,6595,2732,3
CGTTGAGCGACCGTCG-1,4799,4983,6
CGTTGAGTAATTGCGT-1,6180,2016,3
CGTTGTAAACGTCAGG-1,1644,2931,4
CGTTGTAAGATTGATT-1,6546,3361,0
CGTTGTCGGCAATTGA-1,4393,6780,4
CGTTGTTTCAATTCCC-1,3042,4093,5
CGTTTAAGCGGAGCAC-1,4014,2204,6
CGTTTGTGTAGAGGGT-1,3101,5977,6
CTAAACGGGTGTAATC-1,3134,1400,0
CTAAAGAATGCCTACT-1,2836,4273,2
CTAAAGTCCGAAGCTA-1,2103,1404,4
CTAAATCCGGTGTACA-1,2793,6517,4
CTAAATCCTATTCCGG-1,5308,3366,6
CTAACAGCACAATAAC-1,1040,6524,0
CTAACCGCGCGCCCGT-1,2785,4363,2
CTAACGAAACTTGCTG-1,5825,3723,4
CTAATTCTCAGATATT-1,6392,3451,0
CTAATTTCAACAACAC-1,2367,2929,5
CTACACTAGCTTGTTC-1,2928,1401,0
CTACCCTAAGGTCATA-1,5671,3813,6
CTACGAACTAGGTCGA-1,4733,1483,4
CTACGACTAGCTATAA-1,2218,4455,2
CTACGATCCTATCCTA-1,1971,7238,0
CTACGCACGGAGTACC-1,3919,4179,5
CTACGTGTTGCCACCA-1,2206,1583,0
CTACTATCATAGGTTT-1,2275,5801,6
CTACTATCTTTCAGAG-1,5773,3633,4
CTACTCAAGGTATAGT-1,3154,6426,4
CTACTGCCACCTGACC-1,4225,3460,3
CTAGACTGCATTTCGT-1,5921,1927,0
CTAGATAAACTCCTCG-1,2258,1673,4
CTAGCAACTAATTTAC-1,2411,1223,4
CTAGCATAGTATAATG-1,4383,4087,5
CTAGCCACAGGCGAGC-1,7022,6321,0
CTAGCCGATGTTATGA-1,6184,3093,0
CTAGCTTAATGGTCCC-1,7430,5242,4
CTAGGCGGCAGAGAAT-1,2618,1402,4
CTAGGTTCGGACGTGA-1,4597,6240,4
CTAGTAGAAAGGGATT-1,5167,6687,0
CTAGTATTCGGAATTA-1,5098,2290,3
CTAGTGAAGGACAGGA-1,2938,4093,1
CTATAAGAGCCAATCG-1,6133,3363,0
CTATACTTAAAGCGAG-1,1195,6613,0
CTATAGGCGTTGATGT-1,2948,6606,4
CTATATCCAGCCTGGC-1,2590,7236,0
CTATCGCGTAGAGAAC-1,7073,6231,0
CTATGAACACCTTGCC-1,2436,7505,0
CTATGTCTATTGAAAC-1,3807,2025,4
CTATTCATGTGTCCCA-1,4183,5704,4
CTATTGTGTTTGGTCA-1,6180,2196,0
CTATTTGCTTGGAGGA-1,4292,7319,0
CTATTTGGTTACGGAT-1,5209,4264,4
CTCAACTAACCCGGAT-1,5373,6686,0
CTCAAGACATTAGCGC-1,6232,2285,0
CTCACATTTACTAAAT-1,4496,6600,0
CTCACTGTGATACTTA-1,4857,6688,4
CTCACTTGGCTGGTAA-1,2322,4634,2
CTCAGATTGTGATAAG-1,1240,4907,6
CTCAGGACTCACCTGT-1,2519,2479,6
CTCATGGCTCACAATC-1,4220,2203,4
CTCCCAATGAGTCGCG-1,6916,5603,0
CTCCGCCCACATGAGG-1,2993,4901,5
CTCCGGCTTGTAGACA-1,1952,2392,4
CTCCTAAGTTATGTCT-1,2518,2120,4
CTCCTCCAGCTCACAC-1,3567,6603,4
CTCCTGTTCAAGGCAG-1,7020,5962,4
CTCCTTTACGCAAGTC-1,6597,3091,4
CTCGAGGCAAGTTTCA-1,2642,7505,0
CTCGAGGTCGAACAGT-1,4020,3640,6
CTCGATATTTGCGAGC-1,6081,3093,0
CTCGCATTGCATAGCC-1,1607,6432,0
CTCGCCGAATGTAGGG-1,4289,6421,4
CTCGGGCATCGTCGGG-1,4474,1036,4
CTCGGGTTCTCTGGCC-1,2381,6518,0
CTCGGTACCACTGCTC-1,5159,4713,4
CTCGGTTGTCGGCCCT-1,2327,6070,6
CTCGTTTCTAATGTTT-1,6338,3003,4
CTCTAATGCATTGATC-1,6648,3181,4
CTCTACACTGGCGATT-1,1859,4905,6
CTCTAGCCCTCGGAAA-1,5632,6954,4
CTCTATTTGGCTGCAG-1,4491,5343,6
CTCTCGATGTGCGCCT-1,4166,1396,4
CTCTCGCTGTACTATG-1,1284,3202,4
CTCTCTAACTGCCTAG-1,2070,6161,6
CTCTGCAGGCATTCTT-1,2178,7417,0
CTCTGGACGCCTGGTG-1,4176,3909,3
CTCTGTGCCTGCTATG-1,3443,1219,0
CTCTGTTTGAGGATTC-1,4685,2291,4
CTCTTCTGGAAGTTAG-1,3051,6606,0
CTCTTGTCCCGCTTGG-1,3977,5884,3
CTGAATTTATTGCCAG-1,6441,3002,0
CTGACATAGAAATAGA-1,7122,5602,0
CTGAGAAAGTTCGGCG-1,7018,5423,4
CTGATCCCTTTATGCA-1,2487,7415,4
CTGCAAATGGGCTCCA-1,4267,1036,4
CTGCAAGCACGTTCCG-1,6713,6501,0
CTGCACCTAGTCCACA-1,7011,3628,4
CTGCACCTGGAACCGC-1,3499,2386,6
CTGCACTCCAGTACAG-1,4596,5881,0
CTGCAGAGAATCAGAG-1,6197,6503,0
CTGCAGGTGCTCGGCC-1,1278,1587,0
CTGCCAAGGTTGGAAG-1,4945,2918,3
CTGCCATGCATCACAT-1,4178,4627,1
CTGCCTAGCCACCAAG-1,5096,1751,4
CTGCCTCATATGCAAC-1,7219,3986,4
CTGCCTTTAATACCTT-1,2433,6787,0
CTGCCTTTCTAGTAAA-1,5785,6684,4
CTGCTGTCTAACGAGC-1,7122,5423,0
CTGCTTGGCGATAGCT-1,4854,5791,0
CTGGAAATGGATGCTT-1,3710,3641,6
CTGGATTTACACTTGA-1,3821,5436,6
CTGGCGACATAAGTCC-1,5150,2559,5
CTGGCTCCTGCGGGAT-1,2362,1672,3
CTGGCTGCTAACGTAA-1,2258,1493,0
CTGGCTGGTTGTCAGT-1,3874,5884,4
CTGGGATAAATAATGG-1,5312,4443,3
CTGGGATCGCCCAGAT-1,4216,1126,4
CTGGGCCTGCTATATC-1,2529,4992,6
CTGGGCGGCCAAATGT-1,4732,1124,4
CTGGGTAGGCAGTTAA-1,5056,4892,6
CTGGGTTGAGTTAAAG-1,1553,5804,4
CTGGTAACACATAGAA-1,5520,4801,0
CTGGTGAATGGGCCTA-1,1969,6879,4
CTGGTTCAACGCATCA-1,2929,1760,4
CTGGTTTCGAGCAAGA-1,5522,5160,3
CTGTACTTCTTAGCAT-1,3611,4539,5
CTGTAGCCATCTCACT-1,3359,6066,4
CTGTATGGTGTAGAAA-1,2624,2838,6
CTGTCAAATGGCTCGG-1,5256,3097,6
CTGTCACGCCAGGCGC-1,6025,1927,0
CTGTCTGTGGCTGGCT-1,969,1767,0
CTGTGCAGGGTAGGTC-1,4592,4805,6
CTGTTACCCAATCTAG-1,3975,5345,6
CTGTTCACTGCCTGTG-1,3863,3012,3
CTTAAATAAGACCCAT-1,1440,3291,6
CTTAACTTCGAAGTAC-1,4220,2024,6
CTTACACGGTATTCCA-1,3298,3822,5
CTTACACTGGGAAATA-1,3448,2476,6
CTTAGCCCGGATAGTG-1,1440,3471,3
CTTAGCCTTCCACATG-1,4997,3008,3
CTTAGGTATAGACCAG-1,1762,6700,0
CTTATAGATGGCTGTT-1,7126,6500,4
CTTATGCGCTCAGGGC-1,1549,4906,5
CTTATGTTGACTACCA-1,2364,2211,4
CTTCACGCCCTGGTAC-1,2075,7417,4
CTTCATAGCTCAAGAA-1,2882,2747,6
CTTCATTGTCAGTGGA-1,4074,4268,1
CTTCGATTGCGCAAGC-1,5529,7134,0
CTTCGTAGATAGGTGA-1,3301,4540,6
CTTCTATGTTGAAGTA-1,2427,5172,5
CTTCTATTAATGCTAG-1,3409,5617,4
CTTGACCCGAAAGATA-1,3910,1846,0
CTTGAGGTTATCCCGA-1,2209,2122,4
CTTGAGTTAGGGTAAT-1,5777,4531,5
CTTGCAACCGCCTCCT-1,2271,4903,6
CTTGCCCAGGCTCTAC-1,3819,5077,1
CTTGGCCAAGCTGGGA-1,3928,6512,3
CTTGTACTTGTTGACT-1,3604,2924,5
CTTGTCAACATTCGAG-1,4388,5523,4
CTTGTGAGTCTTTGAC-1,2724,1940,4
CTTGTTGCTGAGTCAA-1,5106,4444,6
CTTTACCGAATAGTAG-1,5317,5520,3
CTTTGCTGTCATGGAT-1,7276,5332,0
CTTTGGCTTTAGTAAA-1,3041,3913,5
CTTTGGGATTGTTGCA-1,3258,6605,0
CTTTGTCGAATGCTCC-1,1348,6163,3
GAAACAGATGACCACC-1,5726,4621,4
GAAACAGCCATGCAGT-1,4117,2204,4
GAAACCATGGTGCGCT-1,6598,3450,0
GAAACCGAATTACCTT-1,3613,5078,1
GAAACCTATACAAATG-1,3670,6424,0
GAAACTCTAATGAAGG-1,4736,2201,4
GAAAGCCCTTTGGACC-1,2062,4186,3
GAAATACCTGCTGGCT-1,5353,1660,0
GAAATACTAAACGTTT-1,2108,2660,6
GAAATGGCGGTGTTAG-1,3659,3731,6
GAAATGGGATGTAAAC-1,1848,2213,4
GAAATTAGCACGGATA-1,5924,2645,0
GAAATTGTCTCTATAA-1,3715,4898,1
GAACAACTGGGATGAA-1,5374,7045,4
GAACACACATCAACCA-1,3553,3014,5
GAACAGATTACTAAAT-1,4649,6150,4
GAACCATCTGGGAGAC-1,3753,1397,3
GAACCCTCTGTGTTCT-1,4443,6331,3
GAACCTCGACCTACAC-1,1445,4727,5
GAACCTTTAACGATCC-1,5063,6687,4
GAACGACCGAATGATA-1,4223,2742,6
GAACGCGGGTCACACG-1,6863,5334,0
GAACTGTGGAGAGACA-1,4395,7139,0
GAAGACTTCAATGCCG-1,4320,1306,4
GAAGCAAGGCAATGTT-1,3185,1130,0
GAAGCCACTGATTATG-1,4548,6869,0
GAAGCCGGGTAAGCTC-1,1129,3113,4
GAAGCGTGAGGAATTT-1,4073,4089,3
GAAGCTCTTTGCTTAG-1,1178,2305,4
GAAGCTTGCTGACCGC-1,2782,3645,3
GAAGGACTAAATTGAA-1,1690,1406,4
GAAGGAGTCGAGTGCG-1,4084,6960,4
GAAGTCAGTTGCACTA-1,3976,5704,4
GAAGTCTCCCTAGCGA-1,5673,4352,0
GAAGTGATTTATCGTG-1,3404,4540,6
GAAGTTTCCACTCAAT-1,3352,4271,6
GAATAGACGCGACCCA-1,5726,4800,4
GAATAGCATTTAGGGT-1,7069,5154,0
GAATAGTGCTCGATTA-1,2844,6427,4
GAATCGACATGGTCAC-1,3142,3374,5
GAATCTATACTCGGAC-1,4887,1214,4
GAATCTGAACATTCTC-1,4282,4806,5
GAATGCCGAAATGACC-1,1851,2931,3
GAATGCGAATCGGTTC-1,4548,6689,3
GAATGGGCTTATCGAC-1,1290,4638,6
GAATGTATGGCAGGTC-1,5665,2377,4
GAATGTGGTCCGGATT-1,5159,4892,4
GAATGTTGGGTAATCT-1,4533,3100,6
GACAACGACCATTGAA-1,4947,3277,6
GACAACGCAGCTTACG-1,3759,2833,3
GACAAGAGATGAGATT-1,6969,6052,0
GACACAAGGGAAGAAA-1,4691,3727,6
GACACTGAGTTCAGTG-1,3355,4989,5
GACACTGGAACCCGAT-1,6658,5694,0
GACAGGCACACACTAT-1,2115,4455,2
GACATACTGTCGCAGA-1,1438,2932,0
GACATCCGTCGAACTG-1,4651,6868,0
GACCAAACGTTGACTG-1,6557,6233,0
GACCAGAGCCCTGTAG-1,3402,3822,5
GACCAGGTCATTCATA-1,4526,1305,0
GACCCGTCGCCGGCTA-1,4013,1845,4
GACCGTGCTGACGGTG-1,3663,4629,5
GACCGTTACATGCGAC-1,1289,4459,3
GACCTGGTCTGGGCGT-1,970,1947,0
GACCTTCCACGTCTAC-1,4807,6958,4
GACGACGATCCGCGTT-1,4595,5702,4
GACGATATCACTGGGT-1,2746,7504,4
GACGCCGTAAAGGCTA-1,3771,5885,4
GACGCCTGTTGCAGGG-1,2569,2030,4
GACGCTTGCTTCTAAA-1,2837,4452,2
GACGGACCGCGTTCCT-1,3959,1397,0
GACGGGTTGGCCCGTA-1,3618,6514,4
GACGGTCCTAGGGTGT-1,7429,4883,3
GACGTTGCTCGGCGGC-1,2591,7595,0
GACTAAGATCATGCAC-1,3708,3103,5
GACTAAGTAGGCTCAC-1,3194,3464,5
GACTACAATTGCTCGT-1,5199,1751,4
GACTAGGCCGTTAGGT-1,5013,6957,4
GACTCCCAGAATAAGG-1,6701,3450,0
GACTCCTTCCAATTGA-1,1502,6073,4
GACTGCGGCACGTGTA-1,1750,3470,6
GACTGCTGGTGAGAAA-1,3002,7054,0
GAGAACGGTTCTGACT-1,6303,7041,4
GAGACTGATGGGTAGA-1,3865,3551,6
GAGACTTCGCGACCGA-1,3925,5794,4
GAGAGGGCGCGAGGTT-1,3043,4452,6
GAGAGGTGCATTCTGG-1,2426,4993,5
GAGATCTGCTTGGCAT-1,3248,4092,6
GAGATCTGTCACTCCG-1,4794,3727,4
GAGATCTTCCATGACA-1,4954,5072,4
GAGCACGGCGCCTCTT-1,7274,4794,4
GAGCATCAACAACTTG-1,2536,6787,0
GAGCATCATCCCTGGG-1,3034,2118,6
GAGCGCTGTTAGGTAA-1,2174,6519,0
GAGCGGAATGCGGTGT-1,3466,7142,4
GAGCTAAGGGCATATC-1,5258,3635,3
GAGCTCTCGGACCTAA-1,2674,2389,6
GAGCTGTCGTCTCGGA-1,6544,2822,4
GAGGAGATCCTCATGC-1,1383,2125,0
GAGGAGTAATTCCTAC-1,3546,1219,4
GAGGATAAACAGTGCT-1,6860,4616,0
GAGGCCCGACTCCGCA-1,2172,5981,4
GAGGCCTGTTGATACA-1,6508,6682,4
GAGGCTATCAAAGTCG-1,2371,4185,5
GAGGGCATCGCGTATC-1,2672,2030,4
GAGGGCGCAGCTCTGC-1,5566,3454,4
GAGGGTAGTAACAAAG-1,2588,6697,0
GAGGTACATCCATCTT-1,4478,2113,4
GAGGTACGCGTGTCCC-1,4446,7049,0
GAGTAAACCGGAAAGT-1,7019,5603,0
GAGTAAGGCCACGGGA-1,1706,5354,6
GAGTACGGGTATACAA-1,3190,2387,4
GAGTATACCCTAATCA-1,2539,7326,4
GAGTATCAAAGTTACA-1,7227,6140,0
GAGTATGCGCGTGCAT-1,4651,6689,4
GAGTGTCAACCAGAAA-1,5270,6687,0
GAGTGTGCGGTACCCA-1,5521,4980,4
GAGTTCTGTGGGTGCT-1,1142,6344,0
GAGTTGATGGCAATTT-1,1964,5623,6
GATAAATCGGTGGATG-1,3086,2387,5
GATAAGGCAGATGCAA-1,2414,1941,3
GATAGCGTACCACGCG-1,1074,2126,0
GATAGGATTAATTACA-1,7479,4614,0
GATAGGTAACGTTGAC-1,4078,5345,6
GATAGGTGTCCCGGGC-1,7324,4525,4
GATAGTGCGAGTAAGT-1,3260,7143,4
GATATCTCATGCAATA-1,3962,2115,4
GATATGAGACACTAAC-1,5158,4533,6
GATCAACATAAAGGGA-1,2845,6606,3
GATCATTCCAAACATT-1,3865,3730,6
GATCCCTTTATACTGC-1,4071,3550,3
GATCCGAATATAAGTG-1,7375,4255,0
GATCCGGGAATTAACA-1,4745,4535,6
GATCCTCTTGCGCTTA-1,5250,1661,0
GATCGACACTATCTGA-1,3400,3463,5
GATCGCGGGCTCTCCA-1,3661,4270,6
GATCGCTATATCTCAG-1,2277,6519,4
GATCGCTGTGGTGCGT-1,1920,7328,0
GATCGGATAGAACCAT-1,1651,4726,6
GATCTAACCGTATTCA-1,1294,5715,6
GATCTCGACGCTGTGG-1,7070,5513,0
GATCTTCATTGTCCTC-1,1437,2753,4
GATCTTGGAGGGCATA-1,4592,4984,3
GATCTTTGCAGGGTAT-1,2939,4273,2
GATGACAAGTAGGGCA-1,2689,6158,4
GATGAGGAACCTTCGG-1,5168,7046,3
GATGCGAATGGTATTA-1,1491,3381,4
GATGCGTCCTGCATTC-1,3919,4358,1
GATGCTACCTTCGATG-1,3983,7320,4
GATGCTGTATTTCATC-1,4850,4893,6
GATGGCGCACACATTA-1,2469,2749,4
GATGTCGGTCAACTGC-1,4735,1842,3
GATGTGTTGTCACAAG-1,4992,1572,4
GATGTTCAATCCACGA-1,3199,4720,6
GATGTTTGTGCGAGAT-1,2521,2838,6
GATTACTGAATTTGGG-1,2992,4721,6
GATTCCGCGTTTCCGT-1,4892,2470,6
GATTCGACGGTTCACG-1,4643,4715,6
GATTGACACTCTGCTC-1,4218,1485,0
GATTGCTCCAGTTGCA-1,2381,6698,0
GATTGGGAAAGGTTGT-1,5116,6956,3
GCAAACCCTACATTAT-1,5213,5341,4
GCAAACCTTGGCCATA-1,4442,6151,0
GCAAACGTCGCCAGGT-1,7018,5244,0
GCAAATATTACGCTTT-1,3094,4182,5
GCAACCACCAGACCGG-1,5717,2287,0
GCAACCACGGCCGCGT-1,2477,4903,5
GCAACGGCTAGTTATG-1,6810,4886,0
GCAAGAATTCCTTGGC-1,2839,4991,5
GCAAGTGCACAGAGAA-1,3141,3195,5
GCAAGTGTAAAGCATG-1,3311,7053,0
GCACAAACCCTAGATG-1,2073,6879,0
GCACAAACGAGGCGTG-1,6863,5155,0
GCACAACCTCGGGCGT-1,1503,6253,4
GCACAAGTGTCGGAAG-1,4271,1934,4
GCACACGCCCATGGTC-1,1494,4099,4
GCACGCCTACTTAGAT-1,2997,5978,6
GCACGTGGTTTACTTA-1,6456,6772,4
GCACTCCCACAGTCCC-1,3391,1130,4
GCACTGCCTACCTTTA-1,4497,6959,0
GCACTGTGCAAATGTA-1,2672,1850,3
GCAGAAGGTAATCTCC-1,7277,5512,0
GCAGATCCTCGCAAAT-1,1645,3111,6
GCAGATTAGGGATATC-1,4126,4358,1
GCAGCACACAGCCCAG-1,3146,4451,6
GCAGCGGTGGGCATTA-1,2568,1671,3
GCAGGAACTTAGATCT-1,1759,5803,6
GCAGGACTATAGAATA-1,2887,4183,1
GCAGGTAGAGTATGGT-1,5821,2646,4
GCAGTGCGGGCGGATG-1,7485,6050,0
GCAGTTCGATCCGAGC-1,7072,6051,0
GCATACGAGGTCTTTA-1,1702,4457,6
GCATAGAGCACTCAGG-1,4023,4358,1
GCATCCCTAACTTTGA-1,3138,2477,6
GCATGAGGGACGCGGC-1,5619,3724,4
GCATGCTAATAACGAT-1,5890,7043,0
GCATTCAAGGCAACGC-1,6547,3540,0
GCATTCGAAATGAACA-1,1698,3559,4
GCATTGACTTGCGGAA-1,1190,5536,4
GCATTGTAATTCATAT-1,2064,4725,6
GCATTTCCAAGGCTCC-1,6703,3988,0
GCCAACCATTTCCGGA-1,6443,3361,4
GCCAATAGGGCATCTC-1,6288,3272,0
GCCACCCATTCCACTT-1,1020,1498,4
GCCACTCCTTACGGTA-1,7124,5961,4
GCCAGGAAAGAACACT-1,2797,7414,4
GCCAGGAGTAACCGAT-1,5564,2916,3
GCCAGGCGTTCGCATG-1,5560,1839,0
GCCAGGCTTAGTGGTA-1,1228,1856,0
GCCATATTGCACACAG-1,5616,3006,3
GCCATCGAGCTGCGTG-1,3409,5796,6
GCCATCGATGCTGCAT-1,6651,3899,0
GCCATTAGCCTCAAAC-1,1656,5983,4
GCCCACCAAGGCTGTC-1,2931,2119,3
GCCCAGATGCTGGAGA-1,7220,4345,4
GCCCGAGAGTCTAAAT-1,1504,6612,0
GCCCGATCTGTGGTCG-1,4235,5793,4
GCCCGTAATACCTTCT-1,5051,3457,6
GCCCTAGCCGTCGCGA-1,1811,5892,6
GCCCTGAGGATGGGCT-1,4807,7137,4
GCCGACCCACGACTGC-1,2536,6608,0
GCCGATTGGCCAAGCT-1,4127,4717,1
GCCGCACTCCGTTTCA-1,7223,4884,4
GCCGCTTGTGAGAAAC-1,3042,4272,2
GCCGGAAACACATCTT-1,3701,1308,0
GCCGGGTTAGGGTCGC-1,4024,4717,1
GCCGGTTTGGGCGGAT-1,2515,1223,0
GCCGTGGAAGAAATGT-1,6912,4526,0
GCCTACGTTCTGTGCA-1,5220,7135,4
GCCTATAGTGTCAGGG-1,5670,3634,3
GCCTATTTGCTACACA-1,3548,1757,3
GCCTCTATACATAGCA-1,4854,5970,0
GCCTTCAGCCCTACCG-1,3551,2475,4
GCCTTGTATATGCAGT-1,1746,2572,4
GCCTTTGTCAGTGGAC-1,1505,6791,4
GCGAAGAATCTGACGG-1,5322,6956,4
GCGAAGCCATACCCGT-1,4124,3819,5
GCGACCCAACCATCTG-1,2689,6338,0
GCGACGATAGTTGTAC-1,3769,5346,6
GCGAGGCCCGAGCAGA-1,3404,4360,6
GCGAGTTCTGCAAAGA-1,4228,4178,1
GCGATGTCTGTGCTTG-1,973,2665,3
GCGATTCTGGAAGCAG-1,4787,1932,4
GCGCAAATATATTCAA-1,2431,6249,3
GCGCCGTTCCACGATA-1,4334,4716,1
GCGCGATGGGTCAAGT-1,3237,1220,0
GCGCGGTCTAGTAACT-1,4085,7140,4
GCGCTATGCCGAGGCA-1,3406,4899,5
GCGCTCGATCACCTGT-1,7430,5063,3
GCGCTGATCCAGACTC-1,5460,2557,3
GCGCTGCTTTGCATTT-1,5825,3543,3
GCGCTGGCGGAAAGTC-1,1072,1767,0
GCGGACCGCGTTGTGG-1,3202,5618,6
GCGGAGAAACTTCGCA-1,2688,5979,6
GCGGAGAGGGAGAACG-1,5006,5162,3
GCGGCTCTGACGTACC-1,2940,4452,6
GCGGGCATTACGATGC-1,7115,3807,0
GCGGGCGAGCCTTACC-1,3616,5975,4
GCGGTAACCCAAATGA-1,2155,1673,0
GCGGTGCGGAGCATCG-1,1231,2754,4
GCGTCCAGCTCGTGGC-1,2773,1312,4
GCGTCGAAATGTCGGT-1,4325,2562,3
GCGTCTCTGCATTGGG-1,3095,4541,6
GCGTGGTACTGGGTTA-1,5879,4171,3
GCGTGTATGTCGTATT-1,4114,1306,4
GCGTTCGGAGACCGGG-1,6286,2734,4
GCTAAACCTGAGGTGA-1,2161,3109,6
GCTAAGTAAAGGCGAT-1,1647,3470,4
GCTAATACCGAATGCC-1,3398,2925,5
GCTACAATCGAGGATA-1,6352,6593,4
GCTACACTGTCCGAAC-1,1999,1225,0
GCTACAGTACGGACCG-1,1703,4636,6
GCTACGACTTATTGGG-1,4541,4894,6
GCTAGCACCTGGGCCA-1,7221,4525,3
GCTAGCTTGAATAGCT-1,3254,5707,3
GCTAGTAGAGCTTGTA-1,4333,4536,1
GCTAGTTTCATTGAGG-1,2881,2568,6
GCTATCATACTCATGG-1,5009,5880,4
GCTATCGCGGCGCAAC-1,2211,2839,3
GCTCAACCTCTTAGAG-1,1437,2573,3
GCTCATTACTGCATGT-1,5768,2197,4
GCTCCATGAGTGCAGA-1,7434,6140,4
GCTCCGCTCGCTTCAG-1,6758,4796,0
GCTCCTGACATACTGG-1,2637,6069,4
GCTCGGAATTTAAAGC-1,5307,3007,0
GCTCTAAACCCTGACG-1,3966,3192,5
GCTCTATGTTACGTGC-1,3039,3375,5
GCTCTCGGGTACCGAA-1,3967,3371,5
GCTGAACTCTCCAGGG-1,7170,4615,4
GCTGAGCAACGGTTCT-1,1334,2753,4
GCTGAGGCGTGAGTAT-1,4282,4626,1
GCTGCACGGTTTCTTA-1,4746,4714,4
GCTGCTACTGCGTAGC-1,4853,5611,4
GCTGCTCTCCGGACAC-1,4227,3819,4
GCTGGGAGCGCGTCAA-1,2694,7594,0
GCTGGGTCCGCTGTTA-1,1741,1316,4
GCTGGTTTAGGCCATA-1,1710,6431,4
GCTTCCAGCTTAGATT-1,1795,1764,4
GCTTTCAGAGGAGGTG-1,5878,3992,3
GGAAACCTTGTTGAAT-1,6441,2823,4
GGAAAGTGCCCATGCC-1,5616,2826,3
GGAACCGTGTAAATTG-1,3408,5437,3
GGAACGGCCTGCAGCC-1,1749,3290,3
GGAACTTTGGCGATTA-1,6661,6412,4
GGAAGCTCGCTTACAG-1,5251,2020,4
GGAATGCGCTAGCGTG-1,5207,3905,6
GGACCAACAGGATAAC-1,4440,5613,4
GGACTCGACAGCGCAT-1,3363,7143,4
GGACTCGTGAGTGGTC-1,2949,6785,4
GGACTCTTCCGGTTGA-1,7331,6140,4
GGAGAAGTCATTGGCA-1,3089,3105,3
GGAGACATTCACGGGC-1,1226,1497,0
GGAGACCATCTACATA-1,1397,5535,6
GGAGCGAGGCCTACTT-1,4549,7048,0
GGAGGCCGAAGTCGTC-1,6964,4616,4
GGAGTACACATGAGCT-1,1075,2305,0
GGATACTCATGAATTG-1,3291,1848,3
GGATCCCTACCAGCTA-1,1588,1765,4
GGATCCGGAATATACT-1,5208,4084,4
GGATCTTGACTCAACC-1,1861,5623,6
GGATGACGCGAGTTTA-1,3301,4361,6
GGATGCTGGCGTTCCT-1,1960,4546,2
GGATGGCTTGAAGTAT-1,6045,7132,0
GGATGTCCTTACCGCA-1,5672,4172,0
GGATTAAGCTAAGGTC-1,5456,1660,0
GGATTCAGTACGGTGG-1,2675,2748,6
GGATTCCGCTATACCC-1,5151,2738,0
GGATTTCACTTCTATA-1,5258,3815,3
GGCAAATTACTTTACT-1,3715,4718,1
GGCAAGCCCATAGTGG-1,4136,7050,4
GGCACTCAGCCGACCC-1,7330,5960,0
GGCACTCCACTGGGCA-1,3351,4091,6
GGCAGCGGTAATCCTA-1,6129,2286,0
GGCATACAGGTAGCGG-1,2629,4094,5
GGCATATCGGTTCTGC-1,5253,2558,6
GGCCACAAGCGATGGC-1,3237,1400,0
GGCCCGGAGCATGTCT-1,7117,4166,4
GGCCCTCACCCACTTA-1,2166,4365,2
GGCCGAGACTCTGGTG-1,2639,6607,4
GGCCGGCGTCTGCTAT-1,5064,6867,4
GGCCGTTTGGGTTTCA-1,3308,6335,0
GGCCTGCTTCTCCCGA-1,6816,6321,0
GGCGAAATCTAACTTG-1,5469,4891,4
GGCGAGCGAAACGGCA-1,1346,5625,3
GGCGCAGGACATCTTC-1,2372,4365,2
GGCGCATGAATTGATG-1,3767,4808,4
GGCGCTCCTCATCAAT-1,1952,2571,4
GGCGCTTCATTCCCTG-1,4652,7048,4
GGCGGAGTAATATTAG-1,3350,3912,5
GGCGGGCTCTAAGAGT-1,7536,5780,4
GGCGGTTTGCCGGTGC-1,1539,2393,3
GGCGTACCCTATATAA-1,3649,1218,4
GGCGTAGGGAAAGCTG-1,5218,6776,4
GGCGTCCTATCCGCTG-1,2679,3825,3
GGCTAAAGGGCGGGTC-1,6079,2735,4
GGCTATTAAGTTGTAT-1,3093,4003,5
GGCTCCTCCACCTGTT-1,2793,6337,0
GGCTCGCGTTGAGGTA-1,5774,3813,3
GGCTCGTGCCACCAGC-1,2933,2837,3
GGCTCTGCTCCAACGC-1,4689,3368,6
GGCTGAAATAGCAAAG-1,5058,5431,0
GGCTGAGCATCGTAAG-1,6076,1837,3
GGCTGGCTAGCTTAAA-1,2466,2031,4
GGCTTTCAATAAGGGT-1,4185,6422,4
GGGAACGGGAGGTTAG-1,2889,4542,6
GGGAACGGTTTCAGAT-1,2640,6787,0
GGGAAGACGGTCTGTC-1,4909,6778,4
GGGAAGGGCTTTCTCA-1,5476,6686,0
GGGAATGAGCCCTCAC-1,6492,2733,3
GGGACAGAGTTACTCC-1,1967,6161,6
GGGACTGCATAGATAG-1,4072,3909,5
GGGAGAACTCACAGTA-1,4279,3908,3
GGGAGCGACCGTAGTG-1,5426,7135,4
GGGAGGATGCCCGAAA-1,3610,4360,5
GGGAGTTAATGAGGCG-1,4846,3996,3
GGGATACGGTAATAAT-1,1335,2933,4
GGGATTATCTCACAAC-1,1277,1407,4
GGGATTTACCGCACCT-1,5623,4800,4
GGGCACTATTGACCAT-1,1143,6523,4
GGGCAGACGTCACTGC-1,1190,5356,4
GGGCAGAGCAATCGTT-1,4082,6242,0
GGGCCCGTCTTAAACA-1,3663,4808,1
GGGCCCTACGAAAGGG-1,1805,4457,5
GGGCCGGCCGAAGTAC-1,5312,4263,3
GGGCGAATTTCTCCAC-1,1334,2574,3
GGGCGATATGTGTGAA-1,3968,3551,6
GGGCGCAGCGTTACTC-1,7168,4076,3
GGGCGGGTTCCCTACG-1,2890,4901,6
GGGCGGTCCTATTGTC-1,2416,2300,4
GGGCGTACATTTATAT-1,3760,3192,5
GGGCGTCCACTGGCTC-1,5305,2468,3
GGGCTACTATTTCGTG-1,1294,5535,3
GGGCTATGATCGATGG-1,3617,6155,4
GGGCTCATCGAACCCA-1,5566,3275,4
GGGCTGGTTAGTCGCG-1,3608,3821,6
GGGTACACTCTGGAGG-1,1381,1586,0
GGGTACCCACGGTCCT-1,2312,2301,0
GGGTACTTCATGAACT-1,2991,4362,2
GGGTATTCTAGCAAAC-1,1760,5982,4
GGGTCAGGAGCTAGAT-1,3826,6872,3
GGGTCATGCGTACCAT-1,1696,3021,6
GGGTCGTGGCAAGTGT-1,6494,3271,4
GGGTCTATCGCTTTCC-1,6817,6680,4
GGGTGCATATGAAAGC-1,6754,3719,0
GGGTGTTTCAGCTATG-1,4479,2472,4
GGGTTAACATTTGAGT-1,3564,5886,4
GGGTTCAGACGAACAA-1,1953,2751,5
GGTAACCGGGAGGATA-1,2379,6159,4
GGTAACTATGTATCTG-1,3240,2117,6
GGTACAAACATGCTAT-1,3766,4628,1
GGTACATCTGGGACGA-1,1908,4456,2
GGTACCATTAAGACGG-1,6392,3631,4
GGTAGAAGACCGCCTG-1,4647,5792,0
GGTAGACCGTTGGGCG-1,3719,5795,4
GGTATAGTGACACATA-1,6858,4078,0
GGTATCAAGCATAGAA-1,1535,1316,0
GGTATTGCCGAGTTTA-1,3712,4000,6
GGTCAGTGGGTCCCAC-1,4181,5345,3
GGTCGGATAAACGGCG-1,5978,3094,0
GGTCGGCCAGGAGCTT-1,5310,3904,3
GGTCTCCAAGTAGTGC-1,7431,5422,0
GGTCTCCGTCCAGGTT-1,6198,6683,0
GGTCTCTGAATGGACT-1,2739,5709,6
GGTCTGAGAATCTGGA-1,5103,3726,6
GGTCTTGAGCGCTCTT-1,4342,6870,4
GGTCTTGGTGTTAACT-1,1021,1677,0
GGTGATTTCATCTTGT-1,2981,1849,3
GGTGCATAAATGATTA-1,3414,7053,0
GGTGCGGATAAGTGGC-1,3345,2476,6
GGTGCTGGTACACATT-1,3354,4809,5
GGTGGAGGTTGATACG-1,7274,4973,4
GGTGTAAATCGATTGT-1,4343,7229,0
GGTTACCACCCTCGGG-1,2684,5081,5
GGTTACCCGACACTTT-1,7322,3986,0
GGTTAGCTATATGTCT-1,5470,5250,3
GGTTAGGCTTGGAGAA-1,2833,3555,3
GGTTCGGATTATACTA-1,1341,4548,5
GGTTGTATCGTGAAAT-1,3597,1129,0
GGTTGTGCTCTTGTCC-1,1491,3201,4
GGTTGTGTAGCCTGGC-1,1649,4008,6
GGTTTAATTACCATCG-1,3000,6695,4
GGTTTAATTGAGCAGG-1,6959,3359,3
GGTTTACAATCTCAAT-1,4740,3278,3
GGTTTCAATCGGTCAG-1,5672,3993,6
GGTTTGAGTGCTGGAA-1,3137,2118,6
GGTTTGTGACCTGAGG-1,6404,6503,4
GTAACTGCCCAAGGAG-1,3362,6963,3
GTAACTTGCGGCAGTC-1,3033,1939,3
GTAAGGATTTGTCGGA-1,4477,1933,4
GTAAGTAACAGTCTGG-1,5210,4623,6
GTAATCTGATTCTTCG-1,3254,5528,6
GTACACTTACCTGAAG-1,4280,4267,1
GTACAGAGGCAAGGGT-1,5260,4353,4
GTACGACGGCGCTGCG-1,2312,2121,4
GTACGAGATTGCGACA-1,3914,2923,3
GTACGCTTCATTGCAC-1,4696,5163,6
GTACGTTTGCCCGTCA-1,4489,4984,6
GTACTAAGATTTGGAG-1,3813,3461,6
GTACTCCCTTATCGCT-1,2423,4275,2
GTACTCCTGGGTATGC-1,6237,3362,4
GTACTGAGGTCGTAAC-1,3395,2027,6
GTACTGGAGTTAGACC-1,5156,3995,6
GTACTTGGGCACTTCT-1,2675,2568,3
GTAGACAACCGATGAA-1,3806,1667,4
GTAGACACGCCTGACT-1,4444,6690,0
GTAGACGTCGTTACAT-1,2983,2208,4
GTAGCTAGTAAGCGCG-1,5093,1213,3
GTAGCTTCCTCTTGTT-1,5568,3813,0
GTAGGTGATCCGTGTA-1,5047,2559,5
GTAGTCGCGGGAATCA-1,5162,5431,4
GTAGTCTACGATATTG-1,4960,6688,3
GTATAATCTCCCGGAT-1,1590,2303,3
GTATATGTTACGGCGG-1,2000,1584,4
GTATCAGCTTGGGTTC-1,2727,2837,6
GTATCCTTTGGTAACC-1,5734,6774,4
GTATCGGGACGAGCTG-1,1742,1495,4
GTATCTCAGTCTTGAC-1,2122,6250,4
GTATCTCCCTAACTGT-1,4061,1037,0
GTATCTCGGGCGCTTT-1,1972,7417,0
GTATCTTGTTGCTCAC-1,3752,1039,0
GTATCTTTCATAACCA-1,4387,5164,3
GTATGAAATTTCACTC-1,2120,5712,6
GTATGACGTGGGAAAC-1,2465,1672,3
GTATGTGGGTCTAGTT-1,5725,4441,6
GTATTAAGGCGTCTAA-1,2315,2839,4
GTATTCTTACCGTGCT-1,2052,1673,0
GTATTTAATGGCATAA-1,7174,5692,0
GTCAAAGAAGTGGTGT-1,1915,6072,6
GTCAAAGTTTACATAG-1,2467,2210,0
GTCAACCAGGCCTATA-1,6302,6862,0
GTCACAAAGTTTCCAA-1,4116,1845,0
GTCAGACAGCGTTGGA-1,1176,1767,0
GTCAGTTGTGCTCGTT-1,4632,1843,4
GTCAGTTTGGTAGTCG-1,1647,3649,5
GTCATGCACCTCCGTT-1,4123,3640,5
GTCATGCGCGAGGGCT-1,6044,6773,0
GTCATGGACATGACTA-1,4173,3370,3
GTCATTAGAGCGAACG-1,4435,4356,5
GTCCGGCTGAATTGCG-1,3658,3552,6
GTCCGGGTTCACATTA-1,4653,7227,4
GTCCTACAGGCGGCTC-1,1798,2662,0
GTCCTTCTACAACCCA-1,1284,3023,6
GTCCTTCTAGTGGGTT-1,5199,1930,0
GTCGATAGGTGACTTT-1,7226,5781,0
GTCGCCGTTGTGTGTT-1,3204,6156,4
GTCGCGTAACCCGTTG-1,4849,4534,3
GTCGGATATCTCAGAC-1,2835,3914,5
GTCGGATGTAGCGCGC-1,4944,2559,0
GTCGGGAAGCAGAAAC-1,4340,6331,4
GTCGTACCATCTCGGG-1,4181,5165,6
GTCGTATTGGCGTACA-1,5873,2735,4
GTCGTCAATTATAAGG-1,3291,2028,4
GTCGTGTCTGGTCATC-1,6650,3540,0
GTCGTTATTCGCTTAT-1,4903,5162,4
GTCTACTCAATTACAA-1,1650,4367,1
GTCTAGTGAGCCGCTT-1,5735,6954,4
GTCTATCTGAGTTTCT-1,3147,4631,6
GTCTATTGCATGCTCG-1,6405,6862,4
GTCTCCTGCCAGTATG-1,1658,6342,4
GTCTCGACTAAGTTTG-1,6700,3271,0
GTCTCGATCTGCTTTC-1,5100,2828,6
GTCTCGCCAACACGCC-1,4680,1035,3
GTCTTAGTACAGCCGG-1,4994,2111,4
GTCTTGAGGAGCAGTG-1,6963,4436,0
GTCTTGTAGCTATTCA-1,6759,4975,0
GTGAAACGGCGCCACC-1,5514,3185,4
GTGAACTCCCATTCGA-1,6341,3721,0
GTGAAGATTTCAAGTG-1,6286,2913,4
GTGAAGCCGTATAGTC-1,6493,2912,4
GTGAAGTCACGACTCG-1,1345,5446,6
GTGACAGCTTCCCACT-1,4806,6778,4
GTGACCGCACACTACG-1,5674,4531,0
GTGACGAGGGTGACCC-1,6858,3898,4
GTGACGCAGGTTTCAT-1,4858,6868,4
GTGAGGAGCGGTTGAG-1,5458,2198,4
GTGAGTCTAAGACGGA-1,1543,3291,6
GTGAGTGGTACAACGC-1,3873,5705,6
GTGATCAAGCGTGCAC-1,2382,6877,4
GTGATCATAGATCTGC-1,3922,5076,1
GTGATCCTTGTCATGA-1,5321,6597,0
GTGATGCACAACATCT-1,5922,2107,4
GTGCAACAAATGTGGC-1,4169,2293,6
GTGCACCAGCTTCAAC-1,3775,6962,0
GTGCACGAAAGTGACT-1,4634,2561,4
GTGCAGCGTAGAGTAG-1,7380,5691,0
GTGCCATCACACGGTG-1,2735,4812,6
GTGCCCGTTCGGATTC-1,5364,4532,3
GTGCCGCTTCAAAGGT-1,3251,4989,5
GTGCCTCAGTGTACGG-1,5767,2018,0
GTGCCTGAGACCAAAC-1,5581,7224,3
GTGCGCAGCTTGCTCC-1,2670,1491,4
GTGCGCTTACAAATGA-1,3339,1040,0
GTGCGGGTCTCCAAAT-1,3862,2833,3
GTGCGTGTATATGAGC-1,5262,4712,4
GTGCTCAAGTACTGTC-1,3661,4090,6
GTGCTTACATCAGCGC-1,6966,5154,0
GTGGAACCTACATGCG-1,5150,2379,3
GTGGACCAACCCGATT-1,2478,5082,6
GTGGACGCATTTGTCC-1,4287,6062,0
GTGGACGTGCTGAGAC-1,2984,2567,5
GTGGAGCATGTCGGCC-1,7427,4345,0
GTGGAGCGTTTACCGA-1,1812,6251,4
GTGGAGTCGGCGGTTG-1,2946,5888,4
GTGGCGGGCCGTAGCT-1,4526,1125,0
GTGGCGGTCCCAGCGT-1,2012,4635,6
GTGGGCTTAGACACAC-1,2988,3644,3
GTGGGTCTTCTTTGCG-1,1896,1225,4
GTGGTATAGTCTGCCG-1,3101,6157,4
GTGGTCAGCGAAGTAT-1,5714,1749,0
GTGGTGATGGTTTGTG-1,7484,5870,4
GTGGTGGCCAAGTGAA-1,5057,5072,4
GTGGTTTCCGCCTTTC-1,2632,4812,6
GTGTACCTTGGCTACG-1,4999,3367,6
GTGTACGAACCGTTCC-1,7532,4883,3
GTGTCAGTGTACGTGG-1,3157,7144,4
GTGTCGTATAGCGTTC-1,4905,5880,0
GTGTGAATAACTTAGG-1,5259,3994,4
GTGTGTCGACGTCGCT-1,1127,2395,3
GTTAAAGTAGGACTGG-1,5265,5430,3
GTTAACATCACTTAAA-1,4751,5971,0
GTTAACTATGTTGTCA-1,6707,4886,0
GTTAAGGGTGCGATGT-1,4650,6509,3
GTTACAATTGGTGACG-1,2682,4363,2
GTTACGAAATCCACGC-1,2670,1312,0
GTTACGGCCCGACTGC-1,2979,1311,4
GTTACTTTGGGCCTAG-1,3612,4898,1
GTTAGAGTGTGCCGCT-1,4837,1662,0
GTTAGCCCATGACATC-1,4858,7047,4
GTTAGCCGTAAATCAA-1,6651,3719,4
GTTAGGCTACCCGTTT-1,1708,5893,4
GTTATATTATCTCCCT-1,3872,5346,6
GTTCAATCTATGTCAA-1,5300,1391,4
GTTCACAGGAGTCTAG-1,2731,3914,4
GTTCCAAGACAGCGAC-1,2309,1403,0
GTTCCCGTAAACATAT-1,7125,6320,0
GTTCGACAATTGTATA-1,2383,7236,0
GTTCGCCATAAGTGCC-1,3713,4359,5
GTTCGCTGAGACGTCT-1,6607,5784,0
GTTCGGTGTGGATTTA-1,1123,1498,0
GTTCTTCCCTCGATGT-1,3602,2385,6
GTTGAACCGGTTCCAT-1,3044,4811,6
GTTGAGTCCCGCCGGT-1,5008,5700,4
GTTGCACGGAGTTTCG-1,3451,3194,5
GTTGCGCTAACATTAC-1,7119,4705,3
GTTGGATTCAGTGGCT-1,5924,2466,4
GTTGGATTTGCGTTGG-1,3558,4270,6
GTTGGTCATGCTATCC-1,4235,5973,3
GTTGTCGTGTTAGTTG-1,3396,2386,6
GTTTATGGGATTTAGA-1,1387,3022,6
GTTTCAAACGAGTTGT-1,6610,6502,3
GTTTCATATCGTCGCT-1,2373,4544,2
GTTTCCTGGAGGGTGA-1,3503,3283,5
GTTTCTAGAGGCGCGG-1,5788,7223,4
GTTTCTGCAGTCTCCC-1,4694,4625,6
GTTTGACCAAATCCTA-1,3969,3730,5
GTTTGAGCGGTTATGT-1,3133,1041,0
GTTTGGCCCAAGTTAT-1,5108,4802,4
GTTTGGCCGCTCAGCG-1,2621,2120,6
GTTTGGGCTTGTGAGC-1,4337,5613,4
GTTTGGGTTTCGCCCG-1,5682,6685,4
GTTTGGTAGGGTCAAC-1,4028,5794,4
TAAACCCAGGAGGGCA-1,2842,5888,6
TAAACGTCGTCAATGA-1,1592,2662,4
TAAAGACAACCCTTTA-1,7067,4615,4
TAAAGCGGTATTTCCA-1,3516,6693,4
TAAAGCGTTAGGAGAA-1,5515,3544,4
TAAAGCTGCAATAGGG-1,5976,2555,4
TAACAATATTTGTTGC-1,1802,3559,6
TAACAGCGTTTGTGCT-1,2897,6696,4
TAACATACACGCGATC-1,2275,5980,6
TAACCTAGGGAGTCCA-1,6455,6413,4
TAACTATTACGCCAAA-1,6496,3630,4
TAACTCATCCGCGCGG-1,3509,4899,1
TAACTCCATGGAGGCT-1,2366,2749,4
TAAGAGGGACAGGGAC-1,1969,6700,4
TAAGATTTAGCGGGAG-1,2825,1401,4
TAAGCAGGCGACACGC-1,1959,4187,6
TAAGCGCGAATCAAAT-1,2279,6878,0
TAAGGAACTTGTGGGA-1,3035,2477,4
TAAGGCAACATAAGAT-1,4637,3279,6
TAAGGCATAACATCAA-1,3514,6155,3
TAAGGCCCGTCACCCT-1,4599,6599,0
TAAGTGAATAGTCTAC-1,2230,7506,0
TAATACACAGTAGTAT-1,4275,2831,6
TAATACTAGAACAGAC-1,4962,7226,4
TAATAGGTCACCAGAA-1,2071,6520,0
TAATCAACCAAATGGG-1,7432,5601,0
TAATCGATCCGTACGT-1,5772,3274,4
TAATGAAAGACCCTTG-1,1852,3290,4
TAATTACGTCAGTAGA-1,6249,6593,4
TAATTAGATGGATATG-1,2620,1940,4
TAATTGGAATCGGGAA-1,6388,2554,0
TACAACGCACAACTCA-1,3508,4719,5
TACAAGCTGTTCACTG-1,3700,1128,4
TACAAGGGCTTCTTTA-1,5839,7133,4
TACAATGAAACCAGCA-1,3288,1130,0
TACATAGGCATACACC-1,4075,4627,1
TACATGACCTTATCCG-1,1233,3113,4
TACATGCCGGAATTGT-1,7278,5871,0
TACATTTCTAACGTGC-1,3817,4538,1
TACCAAATAGCCCAGA-1,4134,6332,4
TACCAGAAGTAGGTTC-1,3614,5437,6
TACCAGCTAGGTTTAA-1,4323,2023,4
TACCAGGAATCCCGTC-1,2847,7145,0
TACCATGTATTGATTT-1,7379,5332,0
TACCGAATAATTGTAA-1,5787,7043,4
TACCGGTCGTTTCCAT-1,2736,4991,5
TACCGTAGGTTAACTA-1,3927,6333,4
TACCTACTCCCAGTAT-1,4185,6242,0
TACCTCACGCTTGTAC-1,3860,2474,6
TACCTCAGTTGTCTGT-1,3567,6424,0
TACCTCCACACCAATG-1,2485,6877,0
TACGAACACGACTTCA-1,3711,3821,6
TACGAGAACTTCACGT-1,2990,4183,1
TACGATGTTGATCATC-1,2784,4183,2
TACGCAGTTCTTTCCT-1,3611,4719,1
TACGCCATATTCTAAT-1,3972,4627,1
TACGCCGAGGGTACCC-1,2740,6068,6
TACGCCGCCTCAGAAG-1,7533,5062,3
TACGCTGCTGTGTTAA-1,2228,7147,3
TACGGAAGCCAAACCA-1,4756,7227,4
TACGGCATGGACGCTA-1,6920,6680,3
TACGGGATGCTAGCAG-1,5255,2917,6
TACGTAAAGCGGAGTG-1,6301,6682,0
TACGTACTAGTGCTGA-1,3155,6605,0
TACGTGCACTATGCTG-1,2676,2927,4
TACGTTTACCGGCAAT-1,2631,4633,6
TACTCCTCTAGTTGAC-1,2846,6786,4
TACTCGGCACGCCGGG-1,1804,4277,2
TACTCTCCGAACAAAT-1,5152,2918,6
TACTCTTACTTTACTG-1,6712,6322,0
TACTGAACAGATTTAG-1,3256,6066,4
TACTGAGGGAAGAAAG-1,1297,6433,0
TACTGCAATCAATTAC-1,6235,3003,0
TACTGGACAGCTCGGC-1,2268,4185,3
TACTGTTTCTCTGGTA-1,7121,5243,0
TAGAAACACAATAGTG-1,972,2485,0
TAGAAACCACTAAGTA-1,5043,1482,4
TAGAAAGGTGGCGCTA-1,5155,3815,6
TAGAAATTCACGTATA-1,1495,4278,6
TAGAACGCCAGTAACG-1,1329,1497,4
TAGAATAGCCGATGAA-1,6146,6593,4
TAGACGAAACGCCAAT-1,4754,6689,4
TAGACGCCCGTACCGG-1,5620,3903,0
TAGAGATCATGCAACT-1,2323,4993,6
TAGAGTCTAAGCGAAC-1,3813,3641,6
TAGATATGGACTGGAA-1,3717,5436,6
TAGATCCGAAGTCGCA-1,4684,1932,4
TAGCAACCTGTCACAA-1,2315,3019,6
TAGCAGTATGACTAAA-1,6044,6953,0
TAGCCAGAGGGTCCGG-1,1433,1676,0
TAGCCATTTCAAAGTC-1,5572,4890,4
TAGCGTCCGGTGTGGT-1,4957,5790,4
TAGCTAAGTCCGGGAG-1,3917,3640,6
TAGCTAGTGATGATGG-1,3463,6424,0
TAGCTGATGTGAAGCG-1,1497,4817,5
TAGGAACAGCCTCCAG-1,5455,1481,3
TAGGCATGTTACGCCA-1,5359,3096,6
TAGGCGATGAGGTCTC-1,1553,5983,6
TAGGCGGCTGCAAAGA-1,1660,6880,4
TAGGCTAAAGTGGCAC-1,6096,6863,0
TAGGGTGTTTCAAGAG-1,3759,3013,5
TAGGTGTTCCACAGAT-1,4082,6422,4
TAGGTTCGAGTTCGTC-1,4435,4177,5
TAGTACCACAACTTTC-1,1659,6701,0
TAGTAGCTTATACCAG-1,3206,6515,0
TAGTCCCGGAGACCAC-1,3466,6963,4
TAGTCCGCAGAGAATG-1,3714,4539,5
TAGTCCGTATGCATAA-1,1642,2393,4
TAGTCCTGCACTAAGC-1,2280,7237,0
TAGTCGGGATTCTTCG-1,1177,2126,0
TAGTCTAACAACGAGA-1,2734,4632,6
TAGTCTGCGGCACATT-1,2849,7504,0
TAGTCTGTGACGTTGC-1,6287,3093,4
TAGTCTTTCCGAATTG-1,6967,5513,0
TAGTGAGAAGTGGTTG-1,3082,1310,4
TAGTGCCCTCCAGAGT-1,3660,3911,6
TAGTGCTTGAATCCTT-1,1176,1946,0
TAGTGGAACTCATACA-1,5248,1302,3
TATACACGCAAAGTAT-1,2830,2658,6
TATACCGAGTGCCACA-1,7173,5512,0
TATACTCATGCGGCAA-1,1902,2841,4
TATAGGGTACTCATGA-1,2011,4276,5
TATATAGGGCTTTACG-1,2691,6697,0
TATATATCGAGAAATG-1,2432,6428,0
TATATCAAAGTGATCT-1,2900,7414,4
TATATGCTGGGTTGCC-1,1336,3112,6
TATATTACAAATGTCG-1,6491,2553,3
TATATTCGCGTCGATA-1,4167,1755,4
TATCACAGCACGGGCA-1,4269,1395,4
TATCACCATGTAAAGT-1,5870,1838,0
TATCACCCAACCGACC-1,6133,3183,0
TATCACTTCGAGTAAC-1,6079,2555,4
TATCAGTGGCGTAGTC-1,1398,5894,4
TATCCAATTGGTTATC-1,5061,5969,3
TATCCATCTCGGTTAG-1,1865,6520,0
TATCCGCACCGTCGGG-1,3721,6334,0
TATCCTATCAACTGGT-1,4034,7230,4
TATCCTGCATGGGAAT-1,3757,2295,3
TATCGATCTATGCATA-1,5513,3006,4
TATCGATGATTAAACG-1,3502,3104,5
TATCTACCACAGCGGG-1,4076,4807,1
TATCTAGCCTAAAGGA-1,1597,4098,6
TATCTTGCAATACAAC-1,1812,6072,6
TATGAAGAATTAAGGT-1,6096,7042,0
TATGATAAATCTAACG-1,5198,1571,0
TATGATCCGGCACGCC-1,6752,3360,0
TATGATTCTGCTTGGT-1,2773,1491,0
TATGCTCCCTACTTAC-1,4122,3281,3
TATGGAGTTTCTCGTT-1,2619,1581,0
TATGGATGTGCTACGC-1,3761,3372,6
TATGGGACCGAGCAGG-1,3868,4269,5
TATGGGTACGTATCGT-1,3969,3910,5
TATGGTCTGAGTAACA-1,3971,4268,1
TATGTAAAGTGCTTAA-1,3259,6964,3
TATGTAGAAACCCGGC-1,1349,6522,0
TATGTCTCATTGTGCC-1,5206,3725,3
TATTAACACCAAAGCA-1,1501,5894,4
TATTAACCTGACCGCG-1,3308,6156,3
TATTATGTTTGCCTGC-1,1863,6161,6
TATTCAATTCTAATCC-1,4795,4086,6
TATTCCACTCAGCTCG-1,3924,5435,6
TATTCGTGCCAGAATA-1,4279,4088,4
TATTGACATTTCTGCC-1,7013,4167,0
TATTTATACCGAGTAG-1,4995,2470,6
TATTTGATTTGCACAG-1,7072,5872,4
TATTTGTTACCCTTTA-1,3348,3194,5
TCAAACAACCGCGTCG-1,4070,3191,3
TCAAAGAGCTATCTGT-1,1242,5446,4
TCAAAGTCACGGCGTC-1,2229,7327,4
TCAAATTGTTGTGCCG-1,5014,7136,4
TCAACAAAGATAATTC-1,2481,5800,4
TCAACACATTGGGTAA-1,2776,2030,4
TCAACCATGTTCGGGC-1,3606,3283,5
TCAACGAGGAGACAAA-1,3870,4807,1
TCAACGCGACCGGCAG-1,2167,4545,2
TCACAGCAAACTCGAA-1,3512,5616,3
TCACAGGAGAATAAGA-1,3513,5975,4
TCACAGGTTATTGGGC-1,3454,3912,6
TCACCGCTCGGCACTC-1,5722,3723,4
TCACGATGTCCGTGGA-1,2429,5711,6
TCACGGTCATCGCACA-1,3296,3104,5
TCACGTGCCCGATTCA-1,4178,4447,1
TCACTACGACCAATGC-1,5871,2197,0
TCACTATCGTGCAATC-1,2722,1402,4
TCACTCAGCGCATTAG-1,3236,1041,0
TCACTCTTCGTCTGTC-1,1385,2663,4
TCAGAACCTCCACAGG-1,6444,3720,0
TCAGACGCTATAGAAG-1,4697,5343,4
TCAGCAAATGCATCTC-1,4743,3817,6
TCAGCAGTAGGCCCTG-1,3103,6516,4
TCAGCCAATCCGTAAA-1,6404,6682,0
TCAGGGCGACTTCCTT-1,1181,3203,6
TCAGGGCGCAAACTCG-1,1800,3021,3
TCAGGGTGTAACGTAA-1,4690,3548,6
TCAGGTTCTTTGAGAA-1,3143,3733,5
TCAGTTACGGAATGAT-1,4836,1303,0
TCATACTTACAGATCC-1,2212,3019,4
TCATATGAGCTTTGTT-1,4187,6781,0
TCATCCCAGAGGGTGG-1,4581,2112,4
TCATCCTCAGCTGCTT-1,5632,7134,0
TCATCGATGGTCCCAA-1,2482,6159,4
TCATGCAGGTTCTCAT-1,5305,2648,3
TCATTTAGAAGTGTGA-1,6659,5873,0
TCCAACTCAGCTATCT-1,5684,7044,0
TCCAACTTTAAATTCT-1,3044,4631,6
TCCAAGCCTAGACACA-1,5065,7046,4
TCCACAATGGTTTACG-1,2834,3734,3
TCCACATCGTATATTG-1,4447,7228,0
TCCACCTCTAGCCTTT-1,3722,6513,4
TCCACTTTATCTAGGT-1,5052,3816,6
TCCAGATGTACGCCAA-1,6855,3180,4
TCCAGCGCTATAAGCG-1,6968,5693,0
TCCAGGCGAGTACGGT-1,3917,3820,6
TCCATCAATACTAATC-1,1711,6790,4
TCCCAAACAGACAACG-1,6648,3002,0
TCCCAAAGACGAAGGA-1,4070,3371,5
TCCCAAAGCCCTAAAT-1,7015,4526,4
TCCCACGGAGGGAGCT-1,4835,1124,3
TCCCAGCACACGACAT-1,7382,6050,4
TCCCAGCTTTAGTCTG-1,3867,4089,5
TCCCAGGCTTAGCTAA-1,3453,3732,5
TCCCGGGTGTGCTGCT-1,2732,4094,1
TCCCGTCAGTCCCGCA-1,4843,3098,6
TCCCGTCGCGTCATAG-1,6908,3629,0
TCCCGTGTGCAATTTG-1,5108,4982,3
TCCCTAGATCAATAGG-1,6856,3539,3
TCCCTCCGAAATCGTT-1,2308,1224,0
TCCCTGGCGTATTAAC-1,1915,6251,4
TCCCTTAGATTACTCG-1,5409,2647,3
TCCGAATGGTCCTGAG-1,6806,3809,0
TCCGACCGCTAATCAA-1,2848,7324,3
TCCGATAATTGCCATA-1,4274,2652,3
TCCGATGACTGAGCTC-1,4894,3008,4
TCCGATGGTGCGACAT-1,3709,3282,6
TCCGATTACATTGCCG-1,2628,3915,3
TCCGCAGCCACCTAGC-1,1332,2215,4
TCCGCCTGTCTACAAG-1,4803,6060,4
TCCGCGGCAGCATCTG-1,5311,4084,3
TCCGCTGTCATCCCGG-1,5161,5251,0
TCCGCTTATCCCATTA-1,4285,5524,4
TCCGGGCTTGACGGGA-1,5941,6953,0
TCCGTAACCACAATCC-1,1799,2841,4
TCCGTTTAGCCTTGAA-1,5567,3634,4
TCCTAAAGATTCAGAC-1,5323,7135,4
TCCTAAATTGGGAAGC-1,4597,6061,0
TCCTAACCGTCGGGCA-1,3361,6604,0
TCCTACATCCACGGCC-1,5315,5161,4
TCCTAGCAAAGAAGCT-1,3096,4721,6
TCCTATCATAGGTAAC-1,7172,5153,0
TCCTCTGGCCCATTAG-1,5509,1929,4
TCCTGCCAACTGGAGA-1,5613,2108,4
TCCTGCGTTGATACTC-1,2527,4454,2
TCCTTCAGTGGTCGAA-1,4531,2382,3
TCCTTGTCCTTTAATT-1,4550,7228,4
TCCTTTCTTACGCTTA-1,4175,3729,3
TCGAAATTTAGGACCA-1,3298,3643,5
TCGACAACTGAACCCG-1,1760,6162,4
TCGACATAGCGTAGCG-1,2539,7505,0
TCGAGACCAACACCGT-1,3816,4359,6
TCGAGCCAGGCAGGCC-1,2895,6157,4
TCGAGGGCAACAGACG-1,7124,6141,0
TCGAGTCTACGATTCG-1,1089,6075,0
TCGATAGGCTAGTCGC-1,3445,1758,3
TCGCAAAGATGCATTT-1,4851,5252,3
TCGCACCAGGAGGCAG-1,5110,5520,4
TCGCACTAACGTTTGT-1,971,2306,4
TCGCATAAAGGGCGCA-1,6714,6681,4
TCGCATCCCTAAGTGT-1,2571,2389,4
TCGCATTCAATGACTT-1,2878,1850,4
TCGCCGACATATTCGC-1,5425,6955,0
TCGCCGCACCGCGTGA-1,1292,5177,6
TCGCCGGAGAGTCTTA-1,1225,1318,3
TCGCTAAACCGCTATC-1,5564,2737,3
TCGCTACTGGCTTTGA-1,4755,6868,4
TCGCTCGATATATTCC-1,4226,3639,3
TCGCTCGGCACCAGCG-1,6545,3181,0
TCGCTGGGCGGATTGT-1,4793,3547,3
TCGCTGTGCGTAAATC-1,3087,2567,6
TCGCTTTAAACGTTTG-1,5463,3275,4
TCGGAATGACCATCAA-1,4888,1572,4
TCGGAGAGTATCGGGA-1,2169,5083,5
TCGGAGTACATGAGTA-1,4795,3906,6
TCGGCGTACTGCACAA-1,1654,5444,6
TCGGCTAACTTCCCTT-1,4939,1303,0
TCGGGAACGTGCCTAG-1,6599,3809,0
TCGGGATTCAAACATA-1,1754,4546,6
TCGGGCACTTCTGGAT-1,3340,1220,0
TCGGTCCCGACAATAG-1,2173,6160,6
TCGGTCCCTGACTCCA-1,5612,1929,0
TCGTAAGCTCCGAGGA-1,6439,2464,3
TCGTACCGACGTCAAG-1,3879,7141,4
TCGTATAGTGCAATTA-1,3859,2115,6
TCGTATTACCCATTGC-1,2269,4365,2
TCGTATTTCGTCCGGA-1,5146,1482,4
TCGTCAAGTACGCGCA-1,2946,6067,4
TCGTGTATTGGTCACG-1,7020,5782,0
TCGTGTCACGCTGACA-1,2168,4904,6
TCGTTAGGAGTCCCTA-1,3770,5705,6
TCGTTCGTTATTATGT-1,4168,1934,4
TCGTTGCTATCCGGTC-1,3358,5886,6
TCTAAAGAACAGTCTC-1,1501,5714,6
TCTAATACTGCCTCAG-1,2276,6160,4
TCTAGCAATCTCCGCC-1,2530,5172,5
TCTAGCATCTTCGATG-1,3192,3105,5
TCTAGTTATCAGAAGA-1,3764,4090,5
TCTATAGGTGGGTAAT-1,6611,6861,3
TCTATCATGCAGTTAC-1,3036,2657,6
TCTATGCTATAACGAC-1,5837,6774,4
TCTATTACGCTGGCGA-1,2725,2299,4
TCTATTACTAGAGGAT-1,1755,4726,6
TCTCCCTGGGCAGCGT-1,5112,5879,3
TCTCGAACGAGGTCAC-1,5819,2107,4
TCTCGACGTATCGCCG-1,6811,5065,0
TCTCGAGGAGGTTCGC-1,6762,5693,0
TCTCGGCTCCAGGACT-1,2157,2211,4
TCTCGTGTTACGAGGA-1,1240,5087,4
TCTCTAATAGCTGGTA-1,3656,2834,4
TCTCTCGCCGCACATA-1,6917,5962,0
TCTGAATTCCGTACAA-1,5827,4082,3
TCTGACTGTAATGGTT-1,1691,1585,0
TCTGAGCAATTGACTG-1,6762,5873,0
TCTGATCGGGTGCTAG-1,7065,4077,4
TCTGATGTATTCTGTC-1,5265,5610,3
TCTGATTGGAAATGGA-1,7323,4166,0
TCTGCCAGAAACTGCA-1,5056,4713,6
TCTGCGTCCGGTTTCT-1,2158,2391,0
TCTGCTTAGAACAAGC-1,7483,5511,0
TCTGGAGCGTAAGAGT-1,7479,4434,0
TCTGGCCGTTCAAGTT-1,7272,4255,4
TCTGGGTAGCGCTCAT-1,2837,4632,6
TCTGTGACTGACCGTT-1,2154,1314,0
TCTGTGCCATCATAGT-1,5104,3905,6
TCTGTGGCTACATTTC-1,3392,1309,4
TCTGTTACCCAGCATA-1,2790,5619,6
TCTTAACTCGGATGTA-1,1075,2485,3
TCTTACAGAGGTACCG-1,3293,2386,6
TCTTACCGGAACTCGT-1,5667,2916,3
TCTTATGGGTAGTACC-1,3649,1039,0
TCTTCGCGGTGAGAGG-1,6971,6411,0
TCTTGCTCCCGATACT-1,4445,6869,4
TCTTTAGAGTCTAACA-1,6864,5514,0
TCTTTAGCAGGCGAAC-1,6961,4077,4
TCTTTCCTTCGAGATA-1,7176,6230,4
TCTTTCGGCGGGACAC-1,1174,1408,0
TCTTTCTCTTAAGGAG-1,5044,1662,0
TGAAACTTATGCAAGC-1,4736,2022,4
TGAAAGGACCTGACTC-1,5260,4174,4
TGAACACCCGAAGCAG-1,1792,1226,3
TGAAGAGCGGTCCTAG-1,1541,2752,0
TGAATACCGACGCGTA-1,5219,6956,4
TGAATGAGTGTTTCCC-1,3569,6962,0
TGACAACGCATGTCGC-1,7376,4614,4
TGACAGGACAAGTCCA-1,1450,5984,4
TGACATGTAACGTGAC-1,4240,7229,4
TGACCAAATCTTAAAC-1,4188,6960,4
TGACCCACGTTAGACA-1,3402,4001,6
TGACGAATATTTCCCT-1,2117,4994,5
TGACGATGCACTAGAA-1,5879,4351,3
TGACTCCGAATCATAC-1,1814,6610,0
TGAGAGATTTACCACG-1,5675,4711,4
TGAGATTAGGCCCTAA-1,5820,2466,0
TGAGCAGTCGTGAAGT-1,2980,1490,4
TGAGCCATACAGTCTC-1,2941,4811,4
TGAGCGGAAAGTGTTC-1,4338,5972,0
TGAGCTCAACTGTATA-1,7383,6229,4
TGAGCTTTAATGACGC-1,5357,2737,4
TGAGGAGTGCCAGCTT-1,3978,6243,0
TGAGGTTGATCCCAAG-1,2875,1132,0
TGATACATTTAGCCGT-1,3204,5977,6
TGATAGCGGGATTCTA-1,1595,3560,3
TGATCAGGGAACTGCT-1,2219,4814,6
TGATCCCAGCATTAGT-1,6495,3451,0
TGATCGGTTTGACCCT-1,3762,3551,5
TGATCTCCGGCGCCAG-1,3555,3552,6
TGATGGCTGTTTCTGA-1,6857,3719,0
TGATGGGACTAAGTCA-1,1432,1496,0
TGATTCAGGTCCCGCG-1,1396,5356,6
TGATTCGTCTATCACT-1,3092,3823,1
TGATTTATTAGCTGTG-1,2734,4453,2
TGCAACTACTGGTTGA-1,5684,7223,3
TGCAAGAATGACGTAA-1,4072,3730,5
TGCAATCTAACACGGT-1,5630,6595,0
TGCAATTTGGGCACGG-1,6335,2285,3
TGCACAGTGAAGTTAT-1,6128,2106,0
TGCACTATGTGAGTGC-1,1643,2572,4
TGCAGAACTATATCGT-1,2116,4814,6
TGCAGAGTACCGAGCA-1,3352,4450,6
TGCAGATCGTCCTAGG-1,1910,4815,6
TGCAGCTACGTACTTC-1,1807,4815,6
TGCAGTGGTAGGGAAC-1,2022,7148,3
TGCAGTTTCCTCCCAT-1,5623,4621,0
TGCATGAGTAGATTCG-1,1586,1227,3
TGCATGGATCGGATCT-1,4429,2741,3
TGCATGTGACCCATAG-1,2950,7144,0
TGCATGTGGTAATCTA-1,5155,3636,4
TGCCAAAGTCAGACTT-1,1962,4905,6
TGCCAATGGGTACTCT-1,3668,5885,4
TGCCACACTAGAGGAA-1,1136,4908,4
TGCCACCTGGCGAAAC-1,4893,2829,3
TGCCATTACTAAAGAA-1,5461,2916,4
TGCCCGTACCGTTAAA-1,4851,5073,6
TGCCGAAAGCGTATTC-1,7116,3987,4
TGCCGATGTCATCAAT-1,1689,1226,3
TGCCGGATGTACGAGC-1,2742,6607,4
TGCCGTGGATCGTCCT-1,4236,6152,0
TGCCGTTCTTAATCGG-1,1038,6165,0
TGCCTAAATTTAATAG-1,7531,4524,0
TGCCTGACATCGGTCA-1,2004,2481,6
TGCCTTGGCCAGGCAA-1,5214,5700,4
TGCGAATATGGGATTT-1,1653,5085,5
TGCGACGGCCGAACGT-1,2638,6428,0
TGCGAGAATATTACCC-1,3047,5529,4
TGCGAGCCCTTCCGCG-1,6232,2106,4
TGCGCGATTAACGGAG-1,3091,3464,5
TGCGGACTTGACTCCG-1,4910,7137,4
TGCGGAGTAAAGGTGC-1,4585,3010,4
TGCGGCATAGTTCAAC-1,3756,2115,6
TGCGGGTATTGGGATC-1,4629,1125,0
TGCGGTGAAATTTCAT-1,4375,2113,6
TGCGTAAGAACCTGAT-1,3200,4900,5
TGCGTACGGCTAATTG-1,6199,7042,0
TGCGTCATGACTGAGC-1,2068,5802,6
TGCGTTTGTTGACACT-1,4901,4803,6
TGCTATGGCAAAGGGA-1,2332,7326,0
TGCTCGGCGAAACCCA-1,4133,6153,0
TGCTCGGTGGGTCACC-1,4703,6958,4
TGCTCTTGAGAGTTTG-1,4600,6779,0
TGCTGTTGAAGAACTC-1,4384,4446,1
TGCTTAGAGAGAATGC-1,2329,6608,4
TGCTTCCCAAGCAGTA-1,4393,6600,3
TGCTTGAAACCATGCA-1,1846,1854,3
TGGAAACGGAGTGAAC-1,1794,1585,0
TGGAACCACTGACACA-1,6236,3183,0
TGGAAGAAGGGAACGT-1,2785,4542,6
TGGAAGACGAACACCA-1,3344,2297,3
TGGAAGGATAAAGATG-1,4481,2831,3
TGGAATATCCTTGACC-1,6493,3092,0
TGGAATTAGACGCTTT-1,1904,3379,6
TGGACACCGTTGCTTG-1,1489,2842,6
TGGACCAATCTAAGAT-1,5115,6597,0
TGGACCACGGCGTTGA-1,1949,1674,4
TGGACGCAATCCAGCC-1,2019,6251,4
TGGACGTAGGCGAATC-1,1331,1856,0
TGGAGTGATGCGATGA-1,3091,3644,5
TGGATAGAGTAACAGA-1,1692,1944,3
TGGCAAACTAAATTAC-1,5007,5521,4
TGGCAACTCGCGCGCC-1,5410,3006,4
TGGCAAGCACAAGTCG-1,3878,6961,0
TGGCAGATTACGATCA-1,3974,4986,1
TGGCAGCAGTAATAGT-1,4126,4537,1
TGGCATGAAGTTTGGG-1,1605,6073,5
TGGCCGTATATTGACC-1,2936,3375,3
TGGCGACTGCTCCAAA-1,3410,5976,4
TGGCGGTGTGCGATTG-1,3187,1669,3
TGGCTACACTCTACCT-1,6147,6773,0
TGGCTTATGTATAATG-1,1038,5985,4
TGGGACCATTGGGAGT-1,1227,1677,0
TGGGATGCACTCATTC-1,6025,2106,4
TGGGCACAAACAGAAC-1,3342,1758,4
TGGGCACGTTCTATGG-1,4737,2381,0
TGGGCAGGCCACCGCA-1,6969,5872,4
TGGGCCACAAGAGCGC-1,4686,2650,3
TGGGCCTTGCCTGCAT-1,1485,1765,0
TGGGCGATACAATAAG-1,4188,7140,0
TGGGTAAGGTTCCCGC-1,5046,2200,4
TGGGTTTCGGGCGTAC-1,2281,7416,4
TGGTATCGGTCTGTAT-1,4012,1666,3
TGGTCCCACGCTACGG-1,4802,5701,0
TGGTCGTGCAAGGCAA-1,1342,4728,6
TGGTCTAGCTTACATG-1,1232,2933,4
TGGTCTGTTGGGCGTA-1,2475,4364,2
TGGTGATCGTATTTGT-1,1801,3380,4
TGGTTAACTTACATTT-1,1400,6433,4
TGGTTAAGGGCGCTGG-1,6855,3360,4
TGGTTCGTAGCAAAGG-1,3811,3102,1
TGGTTGGAGGATCCTG-1,5664,2018,0
TGGTTTAAACGTGGGT-1,6752,3181,4
TGTAACTTGTCAACCT-1,2566,1312,0
TGTAATGACCACAATA-1,1701,4277,6
TGTACGAACAAATCCG-1,3971,4448,1
TGTAGTGATCTATAAT-1,2681,4184,5
TGTATAACAGATCCTG-1,5051,3636,6
TGTATCCTTATTCCAT-1,3549,1937,4
TGTCATTTGTTGGGAA-1,6596,2912,0
TGTCCACGGCTCAACT-1,6199,6862,0
TGTCCCGACATAGCAC-1,3910,2025,3
TGTCCTAAGTCACCGC-1,2526,4095,5
TGTCGTTATCACATAT-1,1762,6521,0
TGTCTACAGTTTCTGT-1,3704,2026,4
TGTGACTACGCCAGTC-1,4739,2919,6
TGTGAGACTAGCCCAA-1,4237,6332,4
TGTGCCAGAGGCAAAG-1,986,5896,4
TGTGCTTTACGTAAGA-1,1908,4277,2
TGTGGACTATCTACGT-1,7484,5691,0
TGTGGAGGAAGCTTAA-1,3856,1218,0
TGTGGCAAAGCGTATG-1,5464,3634,6
TGTGGCGGGCTTCTGG-1,4033,6871,0
TGTGGCTCCCACCAAC-1,7068,4974,4
TGTGGTAGGGTGCCTT-1,7432,5781,0
TGTTATTGTATGTGGC-1,5418,4981,4
TGTTCATAAATGTGCT-1,1388,3381,6
TGTTCCGGCCTGAGCT-1,4395,7318,4
TGTTCTTCCATTGACT-1,3196,4002,5
TGTTGCCGTCGTCCCA-1,7275,5153,0
TGTTTCTGAAGCGTGC-1,1350,6702,4
TGTTTGAGATCGTCAG-1,6915,5424,0
TTAAACCGGTAGCGAC-1,3651,1757,4
TTAAACTCGAATTCAT-1,5877,3812,3
TTAACACCTCGAACAT-1,2110,3199,6
TTAACTTCAGGTAGGA-1,2324,5172,5
TTAAGCCGACAACTTC-1,4943,2201,3
TTAAGCGCCTGACCCA-1,3246,3733,5
TTAAGTATTGTTATCC-1,5631,6775,4
TTAATGCGAGGTAACT-1,4578,1394,4
TTAATGTGTTTGCAGG-1,1280,2125,4
TTAATTGCTTTGGGTG-1,4908,6598,4
TTAATTTCAGACGCGG-1,4531,2561,6
TTACAACTACGCATCC-1,3657,3193,5
TTACACGATCTGCGAC-1,6662,6591,3
TTACATCGTGGCCTGG-1,2830,2837,4
TTACCATTGATTACCC-1,2423,4095,3
TTACCCATTGCCGGGT-1,5357,2558,3
TTACCCTAGGGATTGG-1,3979,6422,4
TTACCGCCTTAGGGAA-1,2054,2032,3
TTACGGATGGTTCGAG-1,5775,3992,3
TTACGGTGTCACCGAG-1,2877,1491,4
TTACTCTGGTACGTAC-1,2581,4902,6
TTACTGGGATATTTCA-1,3767,4987,1
TTAGAAGAACATGACT-1,4286,5703,4
TTAGAATAAGGGTCGG-1,3309,6515,0
TTAGACGAGTCACCTC-1,5110,5341,0
TTAGAGTTTAGAAGGA-1,5418,5160,4
TTAGATAGGTCGATAC-1,2054,2212,4
TTAGCAACATGGATGT-1,2418,2839,3
TTAGCTAATACGATCT-1,6029,3004,4
TTAGCTGATTTGCCGT-1,5828,4441,3
TTAGGATGGGAGGGTA-1,7533,5242,3
TTAGGTGTGACTGGTC-1,1329,1317,4
TTAGTAAACCTGCTCT-1,5837,6595,0
TTAGTAGGGCGGCGGG-1,2320,4096,3
TTAGTTCAAGTGTTCG-1,6751,3001,1
TTATAGGTAATTGTCT-1,4753,6509,0
TTATATACGCTGTCAC-1,4797,4445,6
TTATATTTGGCAATCC-1,4277,3370,3
TTATCATACTCGCAAA-1,2205,1224,0
TTATCCTCAAGGAATA-1,1913,5713,6
TTATCGCCTGCGAAGC-1,1853,3469,6
TTATCTGTATCATAAC-1,4069,3012,3
TTATGAATGAAAGGGA-1,4230,4716,1
TTATGATCTTAACGAA-1,5209,4443,6
TTATGCGTCCCGGTCC-1,3290,1669,3
TTATTAGAGCGTGTTC-1,4593,5164,6
TTATTAGGGAAGCATC-1,4015,2384,4
TTATTATCTGGAAGGC-1,7227,5961,0
TTCAAAGTCTCTAGCC-1,4847,4175,4
TTCAACGACCCGACCG-1,3449,2835,4
TTCAAGCCGAGCTGAG-1,4839,2201,4
TTCAATTAGCCATAAT-1,4940,1662,0
TTCACGAAAGGATCAC-1,3765,4449,5
TTCACGGTCGTCACGT-1,2384,7416,0
TTCACTCGAGCACCTA-1,4545,5971,0
TTCACTTCCTAGAACG-1,3621,7052,4
TTCAGAGTAACCTGAC-1,2103,1583,0
TTCAGCCCTGGTCCAC-1,5367,5250,4
TTCAGGCGTCAAAGCC-1,1806,4636,6
TTCAGTTTGTGGCAGC-1,1337,3471,6
TTCATAGCCTTGTAAC-1,1743,1675,4
TTCATGGCGCAACAGG-1,4842,2739,3
TTCCACACAGATTTGA-1,3357,5527,6
TTCCATCATGCGGTGA-1,6077,2196,0
TTCCATCGACAGCGTG-1,6507,6502,4
TTCCCGGCGCCAATAG-1,1602,5175,6
TTCCGCAGAGAAATAT-1,6183,2914,0
TTCCGCGTGAGGCGAT-1,4284,5165,4
TTCCGGCCTTGAGGCT-1,3255,5887,6
TTCCGGTATCTGTGTC-1,6912,4706,4
TTCCGGTTACCCACTT-1,5470,5070,4
TTCCTCGAGGGTGTCT-1,3501,2924,5
TTCCTCTGCCCGAATA-1,1753,4187,6
TTCCTTTCTGTGTTGC-1,2260,2032,4
TTCGACGGGAAGGGCG-1,3244,3194,5
TTCGCACTCGCGTGCT-1,3296,3284,5
TTCGCATCCGGAAGCA-1,1950,2033,3
TTCGCGCGCCATACGA-1,3411,6335,0
TTCGCTAGGAAGTTGT-1,7016,4705,4
TTCGCTATCTGACGTG-1,6131,2824,4
TTCGGCTAGAGATGGT-1,2211,2660,4
TTCGGGCGCTAGTCTT-1,2894,5978,6
TTCGGTACTGTAGAGG-1,4240,7050,0
TTCGGTGGAGACGCCC-1,7224,5243,0
TTCGTAATCCCAGCGG-1,5406,2109,0
TTCGTTCAACGAAGTT-1,6390,3092,4
TTCTACCTCAATCGGT-1,2177,7237,0
TTCTACCTTTATGTTG-1,5301,1571,4
TTCTAGAAAGTCTTAT-1,3360,6425,0
TTCTAGGCCAATTGTG-1,3244,3015,5
TTCTATTAAACGCAGC-1,3827,7051,0
TTCTCTTACAGGTGAT-1,1401,6612,0
TTCTGCCGCGCCTAGA-1,4543,5433,4
TTCTGCGGGTTAGCGG-1,5107,4623,6
TTCTGCTAGACTCCAA-1,6444,3541,0
TTCTTAGTGAACGGTG-1,2726,2658,6
TTCTTAGTGGCTCAGA-1,4119,2563,3
TTCTTGGACGATCTGC-1,2635,5710,6
TTCTTTGGTCGCGACG-1,6339,3182,4
TTGAAAGGTGTAAAGG-1,6284,2195,4
TTGAACGAATCCTTTG-1,2056,2750,6
TTGAAGGATGGGCGCC-1,1607,6611,0
TTGAATATGGACTTTC-1,4898,4085,3
TTGACATGAACGTGGA-1,2633,4992,6
TTGACCAGGAACAACT-1,5115,6777,4
TTGACCATGTTCTCCG-1,4998,3187,4
TTGACTACCATATGGT-1,3096,4900,5
TTGAGAGTACTGCTAA-1,2942,4991,6
TTGAGCAGCCCACGGT-1,6965,4975,4
TTGAGCGCCACGTGAT-1,7066,4436,0
TTGAGGCATTTAACTC-1,5663,1659,0
TTGAGTCCCGCTGCTG-1,7118,4525,4
TTGATAGTCAATACAT-1,6907,3449,3
TTGATCTAACTTTGTC-1,3401,3643,5
TTGATGCCGCTCGTCG-1,2745,7325,4
TTGATGTGTAGTCCCG-1,5617,3185,4
TTGCAAGAAGACTCCT-1,4498,7318,4
TTGCACAATTCAGAAA-1,3922,4897,1
TTGCATGCTGATCACG-1,2786,4722,6
TTGCCAAGCAGAACCC-1,6862,4975,0
TTGCCCTGATCACGGG-1,2733,4273,2
TTGCCGCAGACCTACA-1,1917,6610,4
TTGCCGCTTTCTAGTA-1,5011,6598,0
TTGCCGGTGATCCCTC-1,5973,2017,0
TTGCCTAATCCAAAGT-1,2074,7238,0
TTGCGCTCTCTCGCTT-1,1181,3023,4
TTGCGGCGACTCATGC-1,4371,1216,0
TTGCGTAGTTTGAGGA-1,1955,3289,6
TTGCGTCGGCCAACCG-1,3099,5618,6
TTGCGTGAACGCTTAG-1,5923,2286,0
TTGCTAGCTACCAATC-1,2463,1313,0
TTGCTGATCATGTTCG-1,3918,3999,5
TTGCTGGCCGGGCTTC-1,4992,1752,0
TTGGACATGTGGCTTA-1,2477,4723,6
TTGGAGTCTCCCTTCT-1,3239,1758,4
TTGGATCGACTTCTGG-1,4065,1935,0
TTGGCCTAGAATTTCG-1,5201,2469,4
TTGGCGATCCGAATAT-1,7220,4166,4
TTGGGAAGACGAGCCG-1,4291,7139,0
TTGGGCGGCGGTTGCC-1,4897,3726,4
TTGGTATGGCTTGTGT-1,7013,3987,4
TTGGTTCGCTCAAAGG-1,7427,4524,4
TTGGTTGCGGTGCGCG-1,2172,5801,6
TTGTAAGGACCTAAGT-1,2633,5171,5
TTGTAAGGCCAGTTGG-1,5154,3456,4
TTGTAATCCGTACTCG-1,3816,4179,5
TTGTATCACACAGAAT-1,4787,2111,4
TTGTCGTTCAGTTACC-1,3966,3012,3
TTGTGCGGAAGCGGAT-1,1091,6434,0
TTGTGGCCCTGACAGT-1,4067,2653,6
TTGTGGTGGTACTAAG-1,5889,6684,0
TTGTGTATGCCACCAA-1,4081,6063,3
TTGTGTTTCCCGAAAG-1,4028,5614,6
TTGTTCTAGATACGCT-1,1129,2933,4
TTGTTTCATTAGTCTA-1,2535,6428,0
TTGTTTCCATACAACT-1,2375,5082,5
TTGTTTGTGTAAATTC-1,3599,1667,3
